date,regime_summary,suggested_exposure_cap,suggested_max_positions,risk_scalar,edge_affinity,hmm_proba_was_passed,hmm_p_benign,hmm_p_stressed,hmm_p_crisis,axis_state_correlation,axis_state_volatility,axis_state_trend,axis_state_breadth,axis_state_forward_stress,timestamp_x,macro_regime_label,hmm_regime_argmax,hmm_regime_confidence,timestamp_y,cash,market_value,equity,gross_frac,timestamp,hmm_p_benign_offline,hmm_p_stressed_offline,hmm_p_crisis_offline
2020-05-01,benign,0.423,18.0,0.601,"{'momentum': 0.76, 'mean_reversion': 1.07, 'trend_following': 0.74, 'fundamental': 0.98}",True,0.3333333333333333,0.3333333333333333,0.3333333333333333,normal,normal,range,strong,calm,2020-05-01,robust_expansion,benign,0.0,2020-05-01,100000.0,0.0,100000.0,0.0,2020-05-01,0.3333333333333333,0.3333333333333333,0.3333333333333333
2020-05-04,benign,0.423,18.0,0.601,"{'momentum': 0.76, 'mean_reversion': 1.07, 'trend_following': 0.74, 'fundamental': 0.98}",True,0.3333333333333333,0.3333333333333333,0.3333333333333333,normal,normal,range,strong,calm,2020-05-04,robust_expansion,benign,0.0,2020-05-04,72479.76222974881,27894.993631362915,100374.75586111171,0.27790845807845493,2020-05-04,0.3333333333333333,0.3333333333333333,0.3333333333333333
2020-05-05,benign,0.423,18.0,0.601,"{'momentum': 0.76, 'mean_reversion': 1.07, 'trend_following': 0.74, 'fundamental': 0.98}",True,0.3333333333333333,0.3333333333333333,0.3333333333333333,normal,normal,range,strong,calm,2020-05-05,robust_expansion,benign,0.0,2020-05-05,48411.2870558321,52396.51129722595,100807.79835305804,0.5197664481642406,2020-05-05,0.3333333333333333,0.3333333333333333,0.3333333333333333
2020-05-06,benign,0.423,18.0,0.601,"{'momentum': 0.76, 'mean_reversion': 1.07, 'trend_following': 0.74, 'fundamental': 0.98}",True,0.3333333333333333,0.3333333333333333,0.3333333333333333,normal,normal,range,strong,calm,2020-05-06,robust_expansion,benign,0.0,2020-05-06,49037.66865031098,51336.77722358704,100374.44587389802,0.5114526588578355,2020-05-06,0.3333333333333333,0.3333333333333333,0.3333333333333333
2020-05-07,benign,0.423,18.0,0.601,"{'momentum': 0.76, 'mean_reversion': 1.07, 'trend_following': 0.74, 'fundamental': 0.98}",True,0.3333333333333333,0.3333333333333333,0.3333333333333333,normal,normal,range,strong,calm,2020-05-07,robust_expansion,benign,0.0,2020-05-07,54330.60855879294,47375.525733947754,101706.1342927407,0.46580794819697713,2020-05-07,0.3333333333333333,0.3333333333333333,0.3333333333333333
2020-05-08,cautious,0.383,8.0,0.54,"{'momentum': 0.69, 'mean_reversion': 0.62, 'trend_following': 0.69, 'fundamental': 0.75}",True,0.3333333333333333,0.3333333333333333,0.3333333333333333,spike,normal,range,strong,calm,2020-05-08,market_turmoil,benign,0.0,2020-05-08,58242.37695460634,44300.93134498596,102543.3082995923,0.43202167044928563,2020-05-08,0.3333333333333333,0.3333333333333333,0.3333333333333333
2020-05-11,cautious,0.383,8.0,0.54,"{'momentum': 0.69, 'mean_reversion': 0.62, 'trend_following': 0.69, 'fundamental': 0.75}",True,0.3333333333333333,0.3333333333333333,0.3333333333333333,spike,normal,range,strong,calm,2020-05-11,market_turmoil,benign,0.0,2020-05-11,63013.580694586104,39619.052881240845,102632.63357582694,0.38602783053374085,2020-05-11,0.3333333333333333,0.3333333333333333,0.3333333333333333
2020-05-12,cautious,0.383,8.0,0.54,"{'momentum': 0.68, 'mean_reversion': 0.62, 'trend_following': 0.68, 'fundamental': 0.74}",True,0.3333333333333333,0.3333333333333333,0.3333333333333333,spike,normal,range,strong,calm,2020-05-12,market_turmoil,benign,0.0,2020-05-12,65549.88914505007,36080.94525909424,101630.8344041443,0.3550196696763805,2020-05-12,0.3333333333333333,0.3333333333333333,0.3333333333333333
2020-05-13,cautious,0.383,8.0,0.54,"{'momentum': 0.73, 'mean_reversion': 0.65, 'trend_following': 0.71, 'fundamental': 0.76}",True,0.3333333333333333,0.3333333333333333,0.3333333333333333,spike,normal,range,strong,calm,2020-05-13,robust_expansion,benign,0.0,2020-05-13,81759.02867173949,19397.436155319218,101156.4648270587,0.1917567620466164,2020-05-13,0.3333333333333333,0.3333333333333333,0.3333333333333333
2020-05-14,cautious,0.383,8.0,0.54,"{'momentum': 0.75, 'mean_reversion': 0.65, 'trend_following': 0.73, 'fundamental': 0.77}",True,0.3333333333333333,0.3333333333333333,0.3333333333333333,spike,normal,range,strong,calm,2020-05-14,robust_expansion,benign,0.0,2020-05-14,84474.94593332002,16809.91653060913,101284.86246392917,0.16596672120274328,2020-05-14,0.3333333333333333,0.3333333333333333,0.3333333333333333
2020-05-15,benign,0.423,18.0,0.601,"{'momentum': 0.76, 'mean_reversion': 1.07, 'trend_following': 0.74, 'fundamental': 0.98}",True,0.3333333333333333,0.3333333333333333,0.3333333333333333,normal,normal,range,strong,calm,2020-05-15,robust_expansion,benign,0.0,2020-05-15,87934.71727294261,13437.518371582031,101372.23564452464,0.132556200286462,2020-05-15,0.3333333333333333,0.3333333333333333,0.3333333333333333
2020-05-18,cautious,0.383,8.0,0.54,"{'momentum': 0.7, 'mean_reversion': 0.62, 'trend_following': 0.69, 'fundamental': 0.75}",True,0.3333333333333333,0.3333333333333333,0.3333333333333333,spike,normal,range,strong,calm,2020-05-18,market_turmoil,benign,0.0,2020-05-18,91210.26466638876,10510.942638397217,101721.207304786,0.10333088759852613,2020-05-18,0.3333333333333333,0.3333333333333333,0.3333333333333333
2020-05-19,cautious,0.383,8.0,0.54,"{'momentum': 0.69, 'mean_reversion': 0.62, 'trend_following': 0.68, 'fundamental': 0.74}",True,0.3333333333333333,0.3333333333333333,0.3333333333333333,spike,normal,range,strong,calm,2020-05-19,market_turmoil,benign,0.0,2020-05-19,90129.9933473269,11488.94612121582,101618.93946854273,0.11305910277456056,2020-05-19,0.3333333333333333,0.3333333333333333,0.3333333333333333
2020-05-20,cautious,0.383,8.0,0.54,"{'momentum': 0.7, 'mean_reversion': 0.62, 'trend_following': 0.69, 'fundamental': 0.75}",True,0.3333333333333333,0.3333333333333333,0.3333333333333333,spike,normal,range,strong,calm,2020-05-20,market_turmoil,benign,0.0,2020-05-20,96815.23101043086,5072.653472900391,101887.88448333125,0.04978662083940188,2020-05-20,0.3333333333333333,0.3333333333333333,0.3333333333333333
2020-05-21,cautious,0.383,8.0,0.54,"{'momentum': 0.69, 'mean_reversion': 0.62, 'trend_following': 0.69, 'fundamental': 0.75}",True,0.3333333333333333,0.3333333333333333,0.3333333333333333,spike,normal,range,strong,calm,2020-05-21,market_turmoil,benign,0.0,2020-05-21,67506.7604792402,34059.63333892822,101566.39381816842,0.3353435330184536,2020-05-21,0.3333333333333333,0.3333333333333333,0.3333333333333333
2020-05-22,cautious,0.383,8.0,0.54,"{'momentum': 0.69, 'mean_reversion': 0.62, 'trend_following': 0.69, 'fundamental': 0.75}",True,0.3333333333333333,0.3333333333333333,0.3333333333333333,spike,normal,range,strong,calm,2020-05-22,market_turmoil,benign,0.0,2020-05-22,66265.93409952159,35589.790848731995,101855.72494825358,0.3494137503494566,2020-05-22,0.3333333333333333,0.3333333333333333,0.3333333333333333
2020-05-26,cautious,0.383,8.0,0.54,"{'momentum': 0.69, 'mean_reversion': 0.62, 'trend_following': 0.69, 'fundamental': 0.75}",True,0.3333333333333333,0.3333333333333333,0.3333333333333333,spike,normal,range,strong,calm,2020-05-26,market_turmoil,benign,0.0,2020-05-26,62788.07049262474,39189.10912895203,101977.17962157675,0.3842929297944639,2020-05-26,0.3333333333333333,0.3333333333333333,0.3333333333333333
2020-05-27,cautious,0.383,8.0,0.54,"{'momentum': 0.71, 'mean_reversion': 0.63, 'trend_following': 0.7, 'fundamental': 0.75}",True,0.3333333333333333,0.3333333333333333,0.3333333333333333,spike,normal,range,strong,calm,2020-05-27,market_turmoil,benign,0.0,2020-05-27,74296.46159998412,27996.481782913208,102292.94338289733,0.2736892776476117,2020-05-27,0.3333333333333333,0.3333333333333333,0.3333333333333333
2020-05-28,cautious,0.383,8.0,0.54,"{'momentum': 0.7, 'mean_reversion': 0.63, 'trend_following': 0.7, 'fundamental': 0.75}",True,0.3333333333333333,0.3333333333333333,0.3333333333333333,spike,normal,range,strong,calm,2020-05-28,market_turmoil,benign,0.0,2020-05-28,80128.90789480724,22304.702865600582,102433.61076040784,0.21774789251324225,2020-05-28,0.3333333333333333,0.3333333333333333,0.3333333333333333
2020-05-29,cautious,0.383,8.0,0.54,"{'momentum': 0.7, 'mean_reversion': 0.62, 'trend_following': 0.7, 'fundamental': 0.75}",True,0.3333333333333333,0.3333333333333333,0.3333333333333333,spike,normal,range,strong,calm,2020-05-29,market_turmoil,benign,0.0,2020-05-29,83943.16644502913,18687.348762512207,102630.51520754134,0.18208374697059937,2020-05-29,0.3333333333333333,0.3333333333333333,0.3333333333333333
2020-06-01,cautious,0.383,8.0,0.54,"{'momentum': 0.71, 'mean_reversion': 0.63, 'trend_following': 0.7, 'fundamental': 0.75}",True,0.3333333333333333,0.3333333333333333,0.3333333333333333,spike,normal,range,strong,calm,2020-06-01,market_turmoil,benign,0.0,2020-06-01,81526.21534489444,21252.332801818848,102778.54814671328,0.20677790438800306,2020-06-01,0.3333333333333333,0.3333333333333333,0.3333333333333333
2020-06-02,cautious,0.383,8.0,0.54,"{'momentum': 0.71, 'mean_reversion': 0.63, 'trend_following': 0.7, 'fundamental': 0.76}",True,0.3333333333333333,0.3333333333333333,0.3333333333333333,spike,normal,range,strong,calm,2020-06-02,market_turmoil,benign,0.0,2020-06-02,86309.34048609572,16612.04535675049,102921.3858428462,0.16140518533355086,2020-06-02,0.3333333333333333,0.3333333333333333,0.3333333333333333
2020-06-03,cautious,0.422,8.0,0.54,"{'momentum': 0.72, 'mean_reversion': 0.63, 'trend_following': 0.7, 'fundamental': 0.76}",True,0.3333333333333333,0.3333333333333333,0.3333333333333333,spike,normal,range,strong,calm,2020-06-03,market_turmoil,benign,0.0,2020-06-03,88827.41977679671,14238.058977127075,103065.4787539238,0.13814576082377164,2020-06-03,0.3333333333333333,0.3333333333333333,0.3333333333333333
2020-06-04,cautious,0.46,8.0,0.54,"{'momentum': 0.72, 'mean_reversion': 0.63, 'trend_following': 0.71, 'fundamental': 0.76}",True,0.3333333333333333,0.3333333333333333,0.3333333333333333,spike,normal,range,strong,calm,2020-06-04,robust_expansion,benign,0.0,2020-06-04,88979.4869073275,14009.512870788574,102988.99977811608,0.13602921575091778,2020-06-04,0.3333333333333333,0.3333333333333333,0.3333333333333333
2020-06-05,cautious,0.498,8.0,0.54,"{'momentum': 0.72, 'mean_reversion': 0.63, 'trend_following': 0.71, 'fundamental': 0.76}",True,0.3333333333333333,0.3333333333333333,0.3333333333333333,spike,normal,range,strong,calm,2020-06-05,robust_expansion,benign,0.0,2020-06-05,90330.68802920583,12916.04222869873,103246.73025790458,0.12509880164180673,2020-06-05,0.3333333333333333,0.3333333333333333,0.3333333333333333
2020-06-08,cautious,0.537,8.0,0.54,"{'momentum': 0.73, 'mean_reversion': 0.63, 'trend_following': 0.72, 'fundamental': 0.77}",True,0.3333333333333333,0.3333333333333333,0.3333333333333333,spike,normal,range,strong,calm,2020-06-08,robust_expansion,benign,0.0,2020-06-08,84326.39067237535,19062.267723083496,103388.65839545884,0.1843748436136083,2020-06-08,0.3333333333333333,0.3333333333333333,0.3333333333333333
2020-06-09,cautious,0.575,8.0,0.54,"{'momentum': 0.72, 'mean_reversion': 0.63, 'trend_following': 0.71, 'fundamental': 0.76}",True,0.3333333333333333,0.3333333333333333,0.3333333333333333,spike,normal,range,strong,calm,2020-06-09,robust_expansion,benign,0.0,2020-06-09,89278.33584028954,14061.70920562744,103340.04504591698,0.13607221865811472,2020-06-09,0.3333333333333333,0.3333333333333333,0.3333333333333333
2020-06-10,cautious,0.614,8.0,0.54,"{'momentum': 0.72, 'mean_reversion': 0.63, 'trend_following': 0.7, 'fundamental': 0.76}",True,0.3333333333333333,0.3333333333333333,0.3333333333333333,spike,normal,range,strong,calm,2020-06-10,robust_expansion,benign,0.0,2020-06-10,89270.37270398128,14180.60711669922,103450.9798206805,0.1370756192090162,2020-06-10,0.3333333333333333,0.3333333333333333,0.3333333333333333
2020-06-11,cautious,0.652,8.0,0.54,"{'momentum': 0.7, 'mean_reversion': 0.62, 'trend_following': 0.7, 'fundamental': 0.75}",True,0.3333333333333333,0.3333333333333333,0.3333333333333333,spike,normal,range,strong,calm,2020-06-11,market_turmoil,benign,0.0,2020-06-11,100295.40539969147,2486.613296508789,102782.01869620028,0.024193077038685524,2020-06-11,0.3333333333333333,0.3333333333333333,0.3333333333333333
2020-06-12,cautious,0.69,8.0,0.54,"{'momentum': 0.71, 'mean_reversion': 0.63, 'trend_following': 0.7, 'fundamental': 0.75}",True,0.3333333333333333,0.3333333333333333,0.3333333333333333,spike,normal,range,strong,calm,2020-06-12,market_turmoil,benign,0.0,2020-06-12,72623.45408766008,29864.818455696102,102488.2725433562,0.29139742250082534,2020-06-12,0.3333333333333333,0.3333333333333333,0.3333333333333333
2020-06-15,cautious,0.729,8.0,0.54,"{'momentum': 0.71, 'mean_reversion': 0.63, 'trend_following': 0.7, 'fundamental': 0.76}",True,0.3333333333333333,0.3333333333333333,0.3333333333333333,spike,normal,range,strong,calm,2020-06-15,market_turmoil,benign,0.0,2020-06-15,67720.36982209659,35223.05654382706,102943.42636592365,0.3421593567191251,2020-06-15,0.3333333333333333,0.3333333333333333,0.3333333333333333
2020-06-16,cautious,0.767,8.0,0.54,"{'momentum': 0.71, 'mean_reversion': 0.63, 'trend_following': 0.7, 'fundamental': 0.76}",True,0.3333333333333333,0.3333333333333333,0.3333333333333333,spike,normal,range,strong,calm,2020-06-16,market_turmoil,benign,0.0,2020-06-16,71421.740734754,32114.173902511597,103535.9146372656,0.31017424258067805,2020-06-16,0.3333333333333333,0.3333333333333333,0.3333333333333333
2020-06-17,cautious,0.767,8.0,0.54,"{'momentum': 0.71, 'mean_reversion': 0.63, 'trend_following': 0.7, 'fundamental': 0.76}",True,0.3333333333333333,0.3333333333333333,0.3333333333333333,spike,normal,range,strong,calm,2020-06-17,market_turmoil,benign,0.0,2020-06-17,68005.67510752444,35512.80255317688,103518.47766070132,0.3430576198152361,2020-06-17,0.3333333333333333,0.3333333333333333,0.3333333333333333
2020-06-18,cautious,0.767,8.0,0.54,"{'momentum': 0.72, 'mean_reversion': 0.63, 'trend_following': 0.71, 'fundamental': 0.76}",True,0.3333333333333333,0.3333333333333333,0.3333333333333333,spike,normal,range,strong,calm,2020-06-18,robust_expansion,benign,0.0,2020-06-18,71862.78153803248,31700.918558120728,103563.7000961532,0.30610067551360337,2020-06-18,0.3333333333333333,0.3333333333333333,0.3333333333333333
2020-06-19,cautious,0.767,8.0,0.54,"{'momentum': 0.71, 'mean_reversion': 0.63, 'trend_following': 0.7, 'fundamental': 0.75}",True,0.3333333333333333,0.3333333333333333,0.3333333333333333,spike,normal,range,strong,calm,2020-06-19,market_turmoil,benign,0.0,2020-06-19,72304.7552953173,31227.124132156372,103531.87942747369,0.3016184416320931,2020-06-19,0.3333333333333333,0.3333333333333333,0.3333333333333333
2020-06-22,cautious,0.767,8.0,0.54,"{'momentum': 0.71, 'mean_reversion': 0.63, 'trend_following': 0.7, 'fundamental': 0.75}",True,0.3333333333333333,0.3333333333333333,0.3333333333333333,spike,normal,range,strong,calm,2020-06-22,market_turmoil,benign,0.0,2020-06-22,73910.33618532999,29894.36138510704,103804.69757043704,0.28798659487276207,2020-06-22,0.3333333333333333,0.3333333333333333,0.3333333333333333
2020-06-23,cautious,0.767,8.0,0.54,"{'momentum': 0.71, 'mean_reversion': 0.63, 'trend_following': 0.7, 'fundamental': 0.76}",True,0.3333333333333333,0.3333333333333333,0.3333333333333333,spike,normal,range,strong,calm,2020-06-23,market_turmoil,benign,0.0,2020-06-23,77480.19816404238,26417.594750881195,103897.79291492356,0.25426521593690804,2020-06-23,0.3333333333333333,0.3333333333333333,0.3333333333333333
2020-06-24,cautious,0.767,8.0,0.54,"{'momentum': 0.74, 'mean_reversion': 0.65, 'trend_following': 0.72, 'fundamental': 0.77}",True,0.3333333333333333,0.3333333333333333,0.3333333333333333,spike,normal,range,strong,calm,2020-06-24,robust_expansion,benign,0.0,2020-06-24,77464.40303424638,25731.98962211609,103196.39265636248,0.24934970069934517,2020-06-24,0.3333333333333333,0.3333333333333333,0.3333333333333333
2020-06-25,cautious,0.767,8.0,0.54,"{'momentum': 0.71, 'mean_reversion': 0.63, 'trend_following': 0.7, 'fundamental': 0.75}",True,0.3333333333333333,0.3333333333333333,0.3333333333333333,spike,normal,range,strong,calm,2020-06-25,market_turmoil,benign,0.0,2020-06-25,50977.21767354807,53213.4651889801,104190.68286252816,0.5107315138647407,2020-06-25,0.3333333333333333,0.3333333333333333,0.3333333333333333
2020-06-26,cautious,0.767,8.0,0.54,"{'momentum': 0.75, 'mean_reversion': 0.65, 'trend_following': 0.73, 'fundamental': 0.77}",True,0.3333333333333333,0.3333333333333333,0.3333333333333333,spike,normal,range,strong,calm,2020-06-26,robust_expansion,benign,0.0,2020-06-26,81531.56940375618,21792.319323539738,103323.88872729593,0.21091269010457483,2020-06-26,0.3333333333333333,0.3333333333333333,0.3333333333333333
2020-06-29,cautious,0.767,8.0,0.54,"{'momentum': 0.75, 'mean_reversion': 0.65, 'trend_following': 0.73, 'fundamental': 0.77}",True,0.3333333333333333,0.3333333333333333,0.3333333333333333,spike,normal,range,strong,calm,2020-06-29,robust_expansion,benign,0.0,2020-06-29,66030.43895897393,37432.145956516266,103462.5849154902,0.36179403392145487,2020-06-29,0.3333333333333333,0.3333333333333333,0.3333333333333333
2020-06-30,cautious,0.767,8.0,0.54,"{'momentum': 0.7, 'mean_reversion': 0.62, 'trend_following': 0.7, 'fundamental': 0.75}",True,0.3333333333333333,0.3333333333333333,0.3333333333333333,spike,normal,range,strong,calm,2020-06-30,market_turmoil,benign,0.0,2020-06-30,53165.98417072968,51124.09419155121,104290.07836228088,0.49021052620132577,2020-06-30,0.3333333333333333,0.3333333333333333,0.3333333333333333
2020-07-01,cautious,0.767,8.0,0.54,"{'momentum': 0.75, 'mean_reversion': 0.65, 'trend_following': 0.73, 'fundamental': 0.77}",True,0.3333333333333333,0.3333333333333333,0.3333333333333333,spike,normal,range,strong,calm,2020-07-01,robust_expansion,benign,0.0,2020-07-01,82258.47243933633,22422.53153371811,104681.00397305444,0.2141986672146344,2020-07-01,0.3333333333333333,0.3333333333333333,0.3333333333333333
2020-07-02,cautious,0.767,8.0,0.54,"{'momentum': 0.7, 'mean_reversion': 0.63, 'trend_following': 0.7, 'fundamental': 0.75}",True,0.3333333333333333,0.3333333333333333,0.3333333333333333,spike,normal,range,strong,calm,2020-07-02,market_turmoil,benign,0.0,2020-07-02,64593.78023515065,40064.27846431732,104658.05869946798,0.3828112136052929,2020-07-02,0.3333333333333333,0.3333333333333333,0.3333333333333333
2020-07-06,cautious,0.767,8.0,0.54,"{'momentum': 0.71, 'mean_reversion': 0.63, 'trend_following': 0.7, 'fundamental': 0.76}",True,0.3333333333333333,0.3333333333333333,0.3333333333333333,spike,normal,range,strong,calm,2020-07-06,market_turmoil,benign,0.0,2020-07-06,85938.43083204552,19222.28381729126,105160.71464933678,0.18278958907220103,2020-07-06,0.3333333333333333,0.3333333333333333,0.3333333333333333
2020-07-07,cautious,0.767,8.0,0.54,"{'momentum': 0.75, 'mean_reversion': 0.65, 'trend_following': 0.73, 'fundamental': 0.77}",True,0.3333333333333333,0.3333333333333333,0.3333333333333333,spike,normal,range,strong,calm,2020-07-07,robust_expansion,benign,0.0,2020-07-07,86208.23506730894,18754.831519126892,104963.06658643585,0.17868029325993928,2020-07-07,0.3333333333333333,0.3333333333333333,0.3333333333333333
2020-07-08,cautious,0.767,8.0,0.54,"{'momentum': 0.75, 'mean_reversion': 0.65, 'trend_following': 0.73, 'fundamental': 0.77}",True,0.3333333333333333,0.3333333333333333,0.3333333333333333,spike,normal,range,strong,calm,2020-07-08,robust_expansion,benign,0.0,2020-07-08,70206.58071016555,35247.88108634949,105454.46179651504,0.3342474133940753,2020-07-08,0.3333333333333333,0.3333333333333333,0.3333333333333333
2020-07-09,benign,0.846,18.0,0.601,"{'momentum': 0.77, 'mean_reversion': 1.07, 'trend_following': 0.75, 'fundamental': 0.99}",True,0.3333333333333333,0.3333333333333333,0.3333333333333333,normal,normal,range,strong,calm,2020-07-09,robust_expansion,benign,0.0,2020-07-09,66974.19893897281,38190.68952035904,105164.88845933184,0.3631505731604299,2020-07-09,0.3333333333333333,0.3333333333333333,0.3333333333333333
2020-07-10,benign,0.423,18.0,1.002,"{'momentum': 0.77, 'mean_reversion': 1.07, 'trend_following': 0.75, 'fundamental': 0.99}",True,1.0,0.0,0.0,normal,normal,range,strong,calm,2020-07-10,robust_expansion,benign,1.0,2020-07-10,78509.48363582906,26806.361446380615,105315.84508220968,0.2545330327592732,2020-07-10,0.3333333333333333,0.3333333333333333,0.3333333333333333
2020-07-13,benign,0.423,18.0,1.002,"{'momentum': 0.77, 'mean_reversion': 1.07, 'trend_following': 0.75, 'fundamental': 0.99}",True,1.0,0.0,0.0,normal,normal,range,strong,calm,2020-07-13,robust_expansion,benign,1.0,2020-07-13,82260.4658582986,22906.937166690823,105167.40302498944,0.2178140422583961,2020-07-13,0.3333333333333333,0.3333333333333333,0.3333333333333333
2020-07-14,benign,0.423,18.0,1.002,"{'momentum': 0.77, 'mean_reversion': 1.07, 'trend_following': 0.75, 'fundamental': 0.98}",True,1.0,0.0,0.0,normal,normal,range,strong,calm,2020-07-14,robust_expansion,benign,1.0,2020-07-14,47209.86868382464,58952.82808685303,106162.69677067766,0.5553064294720884,2020-07-14,0.3333333333333333,0.3333333333333333,0.3333333333333333
2020-07-15,cautious,0.383,8.0,0.9,"{'momentum': 0.72, 'mean_reversion': 0.63, 'trend_following': 0.71, 'fundamental': 0.76}",True,1.0,0.0,0.0,spike,normal,range,strong,calm,2020-07-15,robust_expansion,benign,1.0,2020-07-15,58472.038475060544,47963.582060575485,106435.62053563604,0.45063468244183014,2020-07-15,0.3333333333333333,0.3333333333333333,0.3333333333333333
2020-07-16,cautious,0.383,8.0,0.9,"{'momentum': 0.72, 'mean_reversion': 0.63, 'trend_following': 0.71, 'fundamental': 0.76}",True,6.813543681768855e-28,1.0,1.6601066795509817e-18,spike,normal,range,strong,calm,2020-07-16,robust_expansion,stressed,1.0,2020-07-16,60037.79150926726,46171.399924993515,106209.19143426078,0.43472132026889365,2020-07-16,0.3333333333333333,0.3333333333333333,0.3333333333333333
2020-07-17,cautious,0.383,8.0,0.9,"{'momentum': 0.75, 'mean_reversion': 0.65, 'trend_following': 0.73, 'fundamental': 0.78}",True,3.368408131780344e-28,1.0,2.4043688323491914e-17,spike,normal,range,strong,calm,2020-07-17,robust_expansion,stressed,1.0,2020-07-17,68963.40541564478,37666.47376489639,106629.87918054116,0.35324501963582955,2020-07-17,0.3333333333333333,0.3333333333333333,0.3333333333333333
2020-07-20,cautious,0.383,8.0,0.9,"{'momentum': 0.75, 'mean_reversion': 0.65, 'trend_following': 0.73, 'fundamental': 0.78}",True,2.1097333807350994e-27,1.0,3.0723137997977406e-17,spike,normal,range,strong,calm,2020-07-20,robust_expansion,stressed,1.0,2020-07-20,60855.73011609753,46499.41989374161,107355.15000983914,0.43313636923314736,2020-07-20,0.3333333333333333,0.3333333333333333,0.3333333333333333
2020-07-21,cautious,0.383,8.0,0.9,"{'momentum': 0.72, 'mean_reversion': 0.63, 'trend_following': 0.7, 'fundamental': 0.76}",True,1.0999288747801113e-21,1.0,3.604758227375718e-19,spike,normal,range,strong,calm,2020-07-21,market_turmoil,stressed,1.0,2020-07-21,66783.5939926193,40334.20746469498,107117.80145731429,0.3765406581908599,2020-07-21,0.3333333333333333,0.3333333333333333,0.3333333333333333
2020-07-22,cautious,0.383,8.0,0.9,"{'momentum': 0.75, 'mean_reversion': 0.65, 'trend_following': 0.73, 'fundamental': 0.78}",True,3.2437907198249827e-19,1.0,4.39825691982611e-19,spike,normal,range,strong,calm,2020-07-22,robust_expansion,stressed,1.0,2020-07-22,66490.34206677527,40663.472815036774,107153.81488181204,0.37948693529845445,2020-07-22,0.3333333333333333,0.3333333333333333,0.3333333333333333
2020-07-23,cautious,0.383,8.0,0.9,"{'momentum': 0.76, 'mean_reversion': 0.65, 'trend_following': 0.73, 'fundamental': 0.78}",True,5.245515570252375e-17,1.0,2.3259126640295e-19,spike,normal,range,strong,calm,2020-07-23,robust_expansion,stressed,1.0,2020-07-23,66322.71882827657,40458.26870918274,106780.98753745932,0.37889019049378775,2020-07-23,0.3333333333333333,0.3333333333333333,0.3333333333333333
2020-07-24,benign,0.423,18.0,1.002,"{'momentum': 0.77, 'mean_reversion': 1.07, 'trend_following': 0.75, 'fundamental': 0.99}",True,7.691683696470406e-19,1.0,9.06637294556936e-22,normal,normal,range,strong,calm,2020-07-24,robust_expansion,stressed,1.0,2020-07-24,79938.60047308303,26448.17084503174,106386.77131811476,0.24860394311570144,2020-07-24,0.3333333333333333,0.3333333333333333,0.3333333333333333
2020-07-27,benign,0.423,18.0,1.002,"{'momentum': 0.77, 'mean_reversion': 1.07, 'trend_following': 0.75, 'fundamental': 0.99}",True,1.8446421413681523e-11,0.9999999999815827,6.363309883118245e-22,normal,normal,range,strong,calm,2020-07-27,robust_expansion,stressed,1.0,2020-07-27,48139.64953331405,58885.61961364746,107025.26914696152,0.5502029575164048,2020-07-27,0.3333333333333333,0.3333333333333333,0.3333333333333333
2020-07-28,benign,0.423,18.0,1.002,"{'momentum': 0.77, 'mean_reversion': 1.07, 'trend_following': 0.75, 'fundamental': 0.99}",True,2.0128565901156586e-12,0.9999999999979536,2.58503199134572e-21,normal,normal,range,strong,calm,2020-07-28,robust_expansion,stressed,1.0,2020-07-28,48139.64953331405,58492.85466194153,106632.50419525558,0.5485461970848479,2020-07-28,0.3333333333333333,0.3333333333333333,0.3333333333333333
2020-07-29,cautious,0.383,8.0,0.9,"{'momentum': 0.72, 'mean_reversion': 0.63, 'trend_following': 0.71, 'fundamental': 0.76}",True,2.2368790005497915e-12,0.9999999999977263,2.34257047401986e-20,spike,normal,range,strong,calm,2020-07-29,robust_expansion,stressed,1.0,2020-07-29,53709.89803902466,53567.84964752197,107277.74768654665,0.49933794102427587,2020-07-29,0.3333333333333333,0.3333333333333333,0.3333333333333333
2020-07-30,cautious,0.383,8.0,0.9,"{'momentum': 0.75, 'mean_reversion': 0.65, 'trend_following': 0.73, 'fundamental': 0.78}",True,4.09348180652065e-14,1.0,3.2442060171362633e-19,spike,normal,range,strong,calm,2020-07-30,robust_expansion,stressed,1.0,2020-07-30,62700.47561519396,44255.40962219238,106955.88523738632,0.4137725523375216,2020-07-30,0.3333333333333333,0.3333333333333333,0.3333333333333333
2020-07-31,cautious,0.383,8.0,0.9,"{'momentum': 0.75, 'mean_reversion': 0.65, 'trend_following': 0.73, 'fundamental': 0.77}",True,1.4025508283201168e-12,0.9999999999986358,1.00570744927154e-20,spike,normal,range,strong,calm,2020-07-31,robust_expansion,stressed,1.0,2020-07-31,67444.98154310828,39715.78398513794,107160.76552824622,0.370618703490592,2020-07-31,1.0,0.0,0.0
2020-08-03,benign,0.423,18.0,1.002,"{'momentum': 0.77, 'mean_reversion': 1.07, 'trend_following': 0.74, 'fundamental': 0.98}",True,6.219062901143745e-11,0.9999999999378133,7.7893815625590775e-19,normal,normal,range,strong,calm,2020-08-03,robust_expansion,stressed,1.0,2020-08-03,72298.00534157763,35103.53818130493,107401.54352288257,0.32684388910878087,2020-08-03,1.0,0.0,0.0
2020-08-04,benign,0.423,18.0,1.002,"{'momentum': 0.77, 'mean_reversion': 1.07, 'trend_following': 0.75, 'fundamental': 0.99}",True,1.0118126770810691e-08,0.9999999898818714,6.911993168147615e-16,normal,normal,range,strong,calm,2020-08-04,robust_expansion,stressed,1.0,2020-08-04,57398.01864056722,50056.50821304321,107454.52685361044,0.4658389895591572,2020-08-04,1.0,0.0,0.0
2020-08-05,benign,0.423,18.0,1.002,"{'momentum': 0.78, 'mean_reversion': 1.07, 'trend_following': 0.75, 'fundamental': 0.99}",True,9.080137540232772e-08,0.9999999091986679,1.741034002940857e-21,normal,normal,range,strong,calm,2020-08-05,robust_expansion,stressed,1.0,2020-08-05,58393.04993991275,49166.705266952515,107559.75520686526,0.4571106095620263,2020-08-05,1.0,0.0,0.0
2020-08-06,benign,0.423,18.0,1.002,"{'momentum': 0.78, 'mean_reversion': 1.07, 'trend_following': 0.75, 'fundamental': 0.99}",True,1.548695399040508e-06,0.9999984513046398,5.916997007283448e-18,normal,normal,range,strong,calm,2020-08-06,robust_expansion,stressed,1.0,2020-08-06,64442.77814179847,43229.39779281616,107672.17593461464,0.4014908904512879,2020-08-06,0.05868614130274895,0.9413138586972423,1.4935505717911892e-15
2020-08-07,cautious,0.383,8.0,0.9,"{'momentum': 0.73, 'mean_reversion': 0.63, 'trend_following': 0.71, 'fundamental': 0.76}",True,7.387945474058796e-10,0.9999999992611492,1.343342421858945e-17,spike,normal,range,strong,calm,2020-08-07,robust_expansion,stressed,1.0,2020-08-07,61965.615630681816,45904.36576843262,107869.98139911443,0.42555273647993297,2020-08-07,1.534533334290643e-08,0.9999999846546644,1.5196808818856994e-17
2020-08-10,cautious,0.383,8.0,0.9,"{'momentum': 0.73, 'mean_reversion': 0.63, 'trend_following': 0.71, 'fundamental': 0.76}",True,9.019754268216907e-06,0.9999909802457762,1.188367437073884e-17,spike,normal,range,strong,calm,2020-08-10,robust_expansion,stressed,1.0,2020-08-10,68612.13704310307,39157.06086349487,107769.19790659794,0.36334186042130284,2020-08-10,9.019796069026626e-06,0.9999909802039397,1.1883674735726992e-17
2020-08-11,cautious,0.383,8.0,0.898,"{'momentum': 0.73, 'mean_reversion': 0.63, 'trend_following': 0.71, 'fundamental': 0.76}",True,0.0007534537105841607,0.999246546289421,3.749467939410271e-16,spike,normal,range,strong,calm,2020-08-11,robust_expansion,stressed,0.994,2020-08-11,70289.64791710139,37371.6181640625,107661.26608116388,0.34712222440230933,2020-08-11,0.0007534537205411912,0.999246546279481,3.749467939702902e-16
2020-08-12,cautious,0.383,8.0,0.777,"{'momentum': 0.73, 'mean_reversion': 0.63, 'trend_following': 0.71, 'fundamental': 0.76}",True,0.12451320453371649,0.8754867954663225,1.7254982439354508e-16,spike,normal,range,strong,calm,2020-08-12,robust_expansion,stressed,0.658,2020-08-12,77654.03422418976,30446.32615852356,108100.36038271332,0.28164870173173195,2020-08-12,0.12451320481202095,0.8754867951879831,1.725498243422966e-16
2020-08-13,cautious,0.383,8.0,0.9,"{'momentum': 0.76, 'mean_reversion': 0.65, 'trend_following': 0.74, 'fundamental': 0.78}",True,0.9999903623082123,9.637691781622832e-06,3.572907566719415e-18,spike,normal,range,strong,calm,2020-08-13,robust_expansion,benign,1.0,2020-08-13,79647.50326066677,28490.20184326172,108137.70510392849,0.26346223841055705,2020-08-13,0.9999903623082691,9.637691757551866e-06,3.572907559897817e-18
2020-08-14,cautious,0.383,8.0,0.9,"{'momentum': 0.76, 'mean_reversion': 0.65, 'trend_following': 0.74, 'fundamental': 0.78}",True,0.9999999999920419,7.961023894452575e-12,1.5912302237358907e-19,spike,normal,range,strong,calm,2020-08-14,robust_expansion,benign,1.0,2020-08-14,85003.68661301964,23056.486473083496,108060.17308610314,0.21336710662782224,2020-08-14,0.9999999999920419,7.961023874568779e-12,1.5912302237360717e-19
2020-08-17,benign,0.423,18.0,1.002,"{'momentum': 0.78, 'mean_reversion': 1.07, 'trend_following': 0.75, 'fundamental': 0.99}",True,1.0,3.0587803855876556e-17,1.150332322072581e-17,normal,normal,range,strong,calm,2020-08-17,robust_expansion,benign,1.0,2020-08-17,83369.44366302036,24785.89817047119,108155.34183349156,0.22916943121154235,2020-08-17,1.0,3.058780377948088e-17,1.1503323220724502e-17
2020-08-18,benign,0.423,18.0,1.002,"{'momentum': 0.78, 'mean_reversion': 1.07, 'trend_following': 0.75, 'fundamental': 0.99}",True,1.0,6.519704828295676e-22,3.697511608182605e-17,normal,normal,range,strong,calm,2020-08-18,robust_expansion,benign,1.0,2020-08-18,48527.43396189303,59705.768659591675,108233.2026214847,0.5516400440297038,2020-08-18,1.0,6.519704812066259e-22,3.6975116081821847e-17
2020-08-19,benign,0.423,18.0,1.002,"{'momentum': 0.78, 'mean_reversion': 1.07, 'trend_following': 0.75, 'fundamental': 0.99}",True,1.0,3.524319758442891e-24,6.901289624986237e-16,normal,normal,range,strong,calm,2020-08-19,robust_expansion,benign,1.0,2020-08-19,50195.90546793986,57867.63876628876,108063.5442342286,0.5354963986824288,2020-08-19,1.0,3.5243197584252614e-24,6.901289624986237e-16
2020-08-20,benign,0.423,18.0,1.002,"{'momentum': 0.78, 'mean_reversion': 1.07, 'trend_following': 0.75, 'fundamental': 0.99}",True,1.0,3.20745564568347e-24,1.3697440189782332e-15,normal,normal,range,strong,calm,2020-08-20,robust_expansion,benign,1.0,2020-08-20,50195.90546793986,57932.11795091629,108128.02341885614,0.5357733926801225,2020-08-20,1.0,3.20745564568347e-24,1.3697440189783888e-15
2020-08-21,benign,0.423,18.0,1.002,"{'momentum': 0.77, 'mean_reversion': 1.07, 'trend_following': 0.75, 'fundamental': 0.99}",True,1.0,6.026558052148512e-23,1.6118060098276684e-15,normal,normal,range,strong,calm,2020-08-21,robust_expansion,benign,1.0,2020-08-21,60582.63998377208,47483.092410087585,108065.73239385968,0.4393908351727007,2020-08-21,1.0,6.026558052148512e-23,1.6118060098273018e-15
2020-08-24,benign,0.423,18.0,1.002,"{'momentum': 0.78, 'mean_reversion': 1.07, 'trend_following': 0.75, 'fundamental': 0.99}",True,0.9999999999997726,1.2966630682329248e-22,1.1597837886445494e-13,normal,normal,range,strong,calm,2020-08-24,robust_expansion,benign,1.0,2020-08-24,61058.43755544095,47408.59822654724,108467.0357819882,0.4370783979183822,2020-08-24,0.9999999999998863,1.29666306823263e-22,1.1597837886445494e-13
2020-08-25,benign,0.423,18.0,1.002,"{'momentum': 0.78, 'mean_reversion': 1.07, 'trend_following': 0.75, 'fundamental': 0.99}",True,1.0,1.8234100143343698e-22,1.1307862019101372e-14,normal,normal,range,strong,calm,2020-08-25,robust_expansion,benign,1.0,2020-08-25,61058.43755544095,47613.55654525757,108671.99410069852,0.438140083277919,2020-08-25,1.0,1.8234100143343698e-22,1.1307862019101372e-14
2020-08-26,benign,0.423,18.0,1.002,"{'momentum': 0.78, 'mean_reversion': 1.07, 'trend_following': 0.75, 'fundamental': 0.99}",True,0.9999999999984084,2.5273255705872043e-23,1.685694008921216e-12,normal,normal,range,strong,calm,2020-08-26,robust_expansion,benign,1.0,2020-08-26,74598.81110042034,34215.768196582794,108814.57929700312,0.3144410281934081,2020-08-26,0.9999999999982947,2.5273255705869168e-23,1.6856940089214076e-12
2020-08-27,benign,0.423,18.0,1.002,"{'momentum': 0.78, 'mean_reversion': 1.07, 'trend_following': 0.75, 'fundamental': 0.99}",True,0.9999999999949978,9.242376376689375e-21,4.918041673970482e-12,normal,normal,range,strong,calm,2020-08-27,robust_expansion,benign,1.0,2020-08-27,68934.70569401843,40055.28218364715,108989.98787766558,0.3675134107603231,2020-08-27,0.9999999999951115,9.242376376691477e-21,4.918041673969923e-12
2020-08-28,benign,0.423,18.0,1.002,"{'momentum': 0.78, 'mean_reversion': 1.07, 'trend_following': 0.75, 'fundamental': 0.99}",True,0.9999999999977263,1.7866769812895225e-17,2.2275696091776458e-12,normal,normal,range,strong,calm,2020-08-28,robust_expansion,benign,1.0,2020-08-28,73588.1874993493,35665.69201040268,109253.87950975198,0.32644783114744375,2020-08-28,0.9999999999977263,1.7866769812893195e-17,2.2275696091781523e-12
2020-08-31,benign,0.423,18.0,1.002,"{'momentum': 0.78, 'mean_reversion': 1.07, 'trend_following': 0.75, 'fundamental': 0.99}",True,0.9999999999877218,5.417328734511961e-22,1.2335801886376952e-11,normal,normal,range,strong,calm,2020-08-31,robust_expansion,benign,1.0,2020-08-31,75442.43204727468,33665.06120681763,109107.4932540923,0.3085494882410833,2020-08-31,0.9999999999876081,5.417328734511345e-22,1.2335801886372745e-11
2020-09-01,benign,0.465,18.0,1.002,"{'momentum': 0.78, 'mean_reversion': 1.07, 'trend_following': 0.75, 'fundamental': 0.99}",True,0.9999999993790425,7.243084613031544e-18,6.209383280834608e-10,normal,normal,range,strong,calm,2020-09-01,robust_expansion,benign,1.0,2020-09-01,78895.8090757431,30353.718795776367,109249.52787151949,0.2778384436724815,2020-09-01,0.9999999993790425,7.243084613029074e-18,6.209383280833197e-10
2020-09-02,benign,0.507,18.0,1.002,"{'momentum': 0.78, 'mean_reversion': 1.07, 'trend_following': 0.75, 'fundamental': 0.99}",True,0.9999996013160284,3.3918071866165734e-12,3.986806246130504e-07,normal,normal,range,strong,calm,2020-09-02,robust_expansion,benign,1.0,2020-09-02,76133.15331738997,33426.86799502373,109560.0213124137,0.3051009628750072,2020-09-02,0.9999996013160284,3.3918071866154166e-12,3.9868062461314106e-07
2020-09-03,benign,0.55,18.0,1.001,"{'momentum': 0.78, 'mean_reversion': 1.07, 'trend_following': 0.75, 'fundamental': 0.99}",True,0.0001017093213249014,1.346346265388683e-06,0.99989694433231,normal,normal,range,strong,calm,2020-09-03,robust_expansion,crisis,0.999,2020-09-03,85151.47554082378,23736.12216234207,108887.59770316584,0.2179873802253235,2020-09-03,0.00010170932132487827,1.3463462653888361e-06,0.9998969443324237
2020-09-04,benign,0.592,18.0,0.784,"{'momentum': 0.78, 'mean_reversion': 1.07, 'trend_following': 0.75, 'fundamental': 0.99}",True,1.789396105890222e-07,0.715264713537797,0.28473510752255315,normal,normal,range,strong,calm,2020-09-04,robust_expansion,stressed,0.456,2020-09-04,62934.358834160346,45034.31111717224,107968.6699513326,0.4171053615597161,2020-09-04,1.789396105890629e-07,0.715264713537797,0.28473510752255315
2020-09-08,benign,0.634,18.0,0.995,"{'momentum': 0.77, 'mean_reversion': 1.07, 'trend_following': 0.75, 'fundamental': 0.99}",True,4.536538809196953e-16,0.9972488062646067,0.0027511937353628534,normal,normal,range,strong,calm,2020-09-08,robust_expansion,stressed,0.983,2020-09-08,74829.51282784675,32144.491176605225,106974.00400445196,0.3004888101156563,2020-09-08,4.536538809196438e-16,0.9972488062646067,0.0027511937353622276
2020-09-09,benign,0.677,18.0,0.999,"{'momentum': 0.77, 'mean_reversion': 1.07, 'trend_following': 0.75, 'fundamental': 0.99}",True,4.003851641982227e-11,0.9991876500876176,0.0008123498724071487,normal,normal,range,strong,calm,2020-09-09,robust_expansion,stressed,0.994,2020-09-09,73427.50437739586,33973.56685638428,107401.07123378014,0.3163242830458734,2020-09-09,4.003851641979951e-11,0.999187650087504,0.0008123498724068716
2020-09-10,benign,0.719,18.0,1.002,"{'momentum': 0.77, 'mean_reversion': 1.07, 'trend_following': 0.75, 'fundamental': 0.99}",True,7.074068717026671e-15,0.9999927145149107,7.285484984445345e-06,normal,normal,range,strong,calm,2020-09-10,robust_expansion,stressed,1.0,2020-09-10,78227.56633880461,29045.062519073486,107272.6288578781,0.270759305782972,2020-09-10,7.074068717025866e-15,0.9999927145150244,7.285484984444517e-06
2020-09-11,cautious,0.69,8.0,0.9,"{'momentum': 0.71, 'mean_reversion': 0.63, 'trend_following': 0.7, 'fundamental': 0.76}",True,5.4475878673628303e-14,0.9999999727219805,2.7277993899546696e-08,spike,normal,range,strong,calm,2020-09-11,market_turmoil,stressed,1.0,2020-09-11,67274.40909706593,40054.76000595093,107329.16910301686,0.3731954727750245,2020-09-11,5.4475878673628303e-14,0.9999999727219805,2.7277993899552896e-08
2020-09-14,cautious,0.383,8.0,0.9,"{'momentum': 0.71, 'mean_reversion': 0.63, 'trend_following': 0.7, 'fundamental': 0.76}",True,2.982783757719699e-11,0.9999999826563909,1.731388597653105e-08,spike,normal,range,strong,calm,2020-09-14,market_turmoil,stressed,1.0,2020-09-14,68982.41784072769,38822.73522949219,107805.15307021988,0.3601194759605289,2020-09-14,2.982783757719699e-11,0.9999999826563909,1.731388597653105e-08
2020-09-15,cautious,0.383,8.0,0.9,"{'momentum': 0.71, 'mean_reversion': 0.63, 'trend_following': 0.7, 'fundamental': 0.76}",True,9.337630403409579e-13,0.9999999002661802,9.97328114910346e-08,spike,normal,range,strong,calm,2020-09-15,market_turmoil,stressed,1.0,2020-09-15,77951.90340331952,29798.964820861816,107750.86822418134,0.27655428964956,2020-09-15,9.337630403409579e-13,0.9999999002661802,9.97328114910346e-08
2020-09-16,cautious,0.383,8.0,0.9,"{'momentum': 0.71, 'mean_reversion': 0.63, 'trend_following': 0.7, 'fundamental': 0.76}",True,7.91358396914976e-12,0.9999999962494712,3.7426991735882166e-09,spike,normal,range,strong,calm,2020-09-16,market_turmoil,stressed,1.0,2020-09-16,79796.32122809785,27887.075569152832,107683.39679725068,0.2589728444549293,2020-09-16,7.91358396914976e-12,0.9999999962494712,3.7426991735882166e-09
2020-09-17,cautious,0.383,8.0,0.9,"{'momentum': 0.71, 'mean_reversion': 0.63, 'trend_following': 0.7, 'fundamental': 0.76}",True,6.475539068187831e-12,0.9999999983142516,1.6793560466270295e-09,spike,normal,range,strong,calm,2020-09-17,market_turmoil,stressed,1.0,2020-09-17,77587.95962701843,29957.88164138794,107545.84126840637,0.278559182652362,2020-09-17,6.475539068187831e-12,0.9999999983142516,1.6793560466270295e-09
2020-09-18,cautious,0.383,8.0,0.9,"{'momentum': 0.71, 'mean_reversion': 0.63, 'trend_following': 0.7, 'fundamental': 0.75}",True,1.126504648402107e-11,0.9999999988419859,1.1467592048341866e-09,spike,normal,range,strong,calm,2020-09-18,market_turmoil,stressed,1.0,2020-09-18,87986.02106986147,19473.895225524902,107459.91629538636,0.1812200855619035,2020-09-18,1.1265046484018509e-11,0.9999999988419859,1.1467592048341866e-09
2020-09-21,cautious,0.383,8.0,0.9,"{'momentum': 0.74, 'mean_reversion': 0.65, 'trend_following': 0.72, 'fundamental': 0.77}",True,2.692182928649779e-16,0.9999998320520403,1.6794786352290872e-07,spike,normal,range,strong,calm,2020-09-21,robust_expansion,stressed,1.0,2020-09-21,96844.66837442594,10454.540954589844,107299.20932901578,0.09743353208254009,2020-09-21,2.692182928649779e-16,0.9999998320520403,1.6794786352290872e-07
2020-09-22,cautious,0.34,8.0,0.788,"{'momentum': 0.71, 'mean_reversion': 0.66, 'trend_following': 0.71, 'fundamental': 0.76}",True,1.0603869151829922e-17,0.9999994908786379,5.091213817030392e-07,spike,normal,range,narrow,calm,2020-09-22,emerging_expansion,stressed,1.0,2020-09-22,58263.27445523794,49049.972308158875,107313.2467633968,0.45707285714972146,2020-09-22,1.0603869151829922e-17,0.9999994908786379,5.091213817030392e-07
2020-09-23,cautious,0.379,18.0,0.889,"{'momentum': 0.74, 'mean_reversion': 1.08, 'trend_following': 0.73, 'fundamental': 0.98}",True,1.9841073542103842e-19,0.9999956565346761,4.343465358930999e-06,normal,normal,range,narrow,calm,2020-09-23,emerging_expansion,stressed,1.0,2020-09-23,72590.11426524378,34113.47275161743,106703.58701686122,0.31970314874444516,2020-09-23,1.9841073542103842e-19,0.9999956565346761,4.343465358930999e-06
2020-09-24,cautious,0.379,18.0,0.889,"{'momentum': 0.74, 'mean_reversion': 1.08, 'trend_following': 0.73, 'fundamental': 0.98}",True,1.1631835205933621e-18,0.9999987633483131,1.2366516511216115e-06,normal,normal,range,narrow,calm,2020-09-24,emerging_expansion,stressed,1.0,2020-09-24,65771.3787978221,40681.80162191391,106453.180419736,0.38215675155508705,2020-09-24,1.1631835205933621e-18,0.9999987633483131,1.2366516511216115e-06
2020-09-25,cautious,0.379,18.0,0.889,"{'momentum': 0.74, 'mean_reversion': 1.08, 'trend_following': 0.73, 'fundamental': 0.98}",True,4.27150475944079e-25,0.9999999960489276,3.951016075449829e-09,normal,normal,range,narrow,calm,2020-09-25,emerging_expansion,stressed,1.0,2020-09-25,68425.12847816237,38438.264471292496,106863.39294945486,0.3596953401009207,2020-09-25,4.27150475944079e-25,0.9999999960489276,3.951016075449829e-09
2020-09-28,cautious,0.379,18.0,0.889,"{'momentum': 0.74, 'mean_reversion': 1.08, 'trend_following': 0.73, 'fundamental': 0.98}",True,7.534167056108788e-24,0.999999935217604,6.478234928872958e-08,normal,normal,range,narrow,calm,2020-09-28,emerging_expansion,stressed,1.0,2020-09-28,67215.55468676914,40167.67402887344,107383.2287156426,0.37405910130752273,2020-09-28,7.534167056108788e-24,0.999999935217604,6.478234928872958e-08
2020-09-29,cautious,0.379,18.0,0.889,"{'momentum': 0.74, 'mean_reversion': 1.08, 'trend_following': 0.73, 'fundamental': 0.98}",True,1.818339480332524e-21,0.9999996050279022,3.9497206217226857e-07,normal,normal,range,narrow,calm,2020-09-29,emerging_expansion,stressed,1.0,2020-09-29,78987.14874731166,28376.15791463852,107363.30666195018,0.2643003349737094,2020-09-29,1.818339480332524e-21,0.9999996050279022,3.9497206217226857e-07
2020-09-30,cautious,0.34,8.0,0.788,"{'momentum': 0.68, 'mean_reversion': 0.64, 'trend_following': 0.68, 'fundamental': 0.75}",True,5.615997515754248e-26,0.9999999283606965,7.163938473989699e-08,spike,normal,range,narrow,calm,2020-09-30,emerging_expansion,stressed,1.0,2020-09-30,58727.92881775243,49066.28863787651,107794.21745562894,0.4551847937304572,2020-09-30,5.615997515754248e-26,0.9999999283606965,7.163938473989699e-08
2020-10-01,cautious,0.34,8.0,0.788,"{'momentum': 0.68, 'mean_reversion': 0.64, 'trend_following': 0.69, 'fundamental': 0.75}",True,2.0240853354276374e-23,0.9999991155588578,8.84441229208552e-07,spike,normal,range,narrow,calm,2020-10-01,emerging_expansion,stressed,1.0,2020-10-01,58727.92881775243,49607.47138738632,108335.40020513877,0.4579063841869968,2020-10-01,2.0240853354280976e-23,0.9999991155588578,8.84441229208552e-07
2020-10-02,cautious,0.34,8.0,0.788,"{'momentum': 0.68, 'mean_reversion': 0.64, 'trend_following': 0.69, 'fundamental': 0.75}",True,7.750082787970895e-19,0.9999997850659614,2.1493413348750364e-07,spike,normal,range,narrow,calm,2020-10-02,emerging_expansion,stressed,1.0,2020-10-02,58727.92881775243,49465.54020547867,108193.4690232311,0.45719525080444107,2020-10-02,7.750082787972657e-19,0.9999997850659614,2.1493413348755253e-07
2020-10-05,cautious,0.34,8.0,0.788,"{'momentum': 0.68, 'mean_reversion': 0.64, 'trend_following': 0.69, 'fundamental': 0.75}",True,6.33727767436326e-15,0.9999994386520695,5.613479121143417e-07,spike,normal,range,narrow,calm,2020-10-05,emerging_expansion,stressed,1.0,2020-10-05,64008.34926229234,44406.95762038231,108415.30688267465,0.4096004420154326,2020-10-05,6.33727767436326e-15,0.9999994386520695,5.613479121143417e-07
2020-10-06,cautious,0.34,8.0,0.788,"{'momentum': 0.68, 'mean_reversion': 0.64, 'trend_following': 0.68, 'fundamental': 0.75}",True,4.305543981605989e-14,0.9999998332014141,1.6679855781066343e-07,spike,normal,range,narrow,calm,2020-10-06,emerging_expansion,stressed,1.0,2020-10-06,66809.17305775837,41002.49347472191,107811.66653248027,0.380315923067279,2020-10-06,4.3055439816050097e-14,0.9999998332014141,1.6679855781066343e-07
2020-10-07,cautious,0.34,8.0,0.788,"{'momentum': 0.68, 'mean_reversion': 0.64, 'trend_following': 0.69, 'fundamental': 0.75}",True,1.760215025660173e-17,0.999999996403858,3.596059254892053e-09,spike,normal,range,narrow,calm,2020-10-07,emerging_expansion,stressed,1.0,2020-10-07,73682.86152490614,34386.32739043236,108069.1889153385,0.3181880768751826,2020-10-07,1.760215025660173e-17,0.999999996403858,3.596059254892053e-09
2020-10-08,cautious,0.34,8.0,0.788,"{'momentum': 0.68, 'mean_reversion': 0.63, 'trend_following': 0.69, 'fundamental': 0.75}",True,1.045856132394636e-16,0.9999999993042366,6.957256971994689e-10,spike,normal,range,narrow,calm,2020-10-08,market_turmoil,stressed,1.0,2020-10-08,76167.51125936456,32224.50376772881,108392.01502709337,0.29729591944271966,2020-10-08,1.045856132394636e-16,0.9999999993042366,6.957256971994689e-10
2020-10-09,cautious,0.34,8.0,0.788,"{'momentum': 0.68, 'mean_reversion': 0.63, 'trend_following': 0.69, 'fundamental': 0.75}",True,1.0544990467943587e-14,0.9999999990279775,9.720435537979485e-10,spike,normal,range,narrow,calm,2020-10-09,market_turmoil,stressed,1.0,2020-10-09,74947.29250222973,33739.39418935776,108686.68669158749,0.31042803140275727,2020-10-09,1.0544990467943587e-14,0.9999999990279775,9.720435537979485e-10
2020-10-12,cautious,0.383,8.0,0.9,"{'momentum': 0.73, 'mean_reversion': 0.64, 'trend_following': 0.71, 'fundamental': 0.76}",True,1.1636394743251467e-14,0.9999999996643965,3.355112430123491e-10,spike,normal,range,strong,calm,2020-10-12,robust_expansion,stressed,1.0,2020-10-12,71776.36430592925,37104.4292678833,108880.79357381257,0.3407802978835696,2020-10-12,1.1636394743251467e-14,0.9999999996643965,3.3551124301242543e-10
2020-10-13,cautious,0.383,8.0,0.9,"{'momentum': 0.73, 'mean_reversion': 0.64, 'trend_following': 0.71, 'fundamental': 0.76}",True,3.0085380557845506e-18,0.9999999828719411,1.712798285970815e-08,spike,normal,range,strong,calm,2020-10-13,robust_expansion,stressed,1.0,2020-10-13,69425.86181903604,39573.40799713135,108999.2698161674,0.3630612210877544,2020-10-13,3.0085380557852347e-18,0.9999999828719411,1.712798285970815e-08
2020-10-14,cautious,0.383,8.0,0.9,"{'momentum': 0.75, 'mean_reversion': 0.65, 'trend_following': 0.73, 'fundamental': 0.78}",True,4.608051077413483e-17,0.9999999990195647,9.80512486533926e-10,spike,normal,range,strong,calm,2020-10-14,robust_expansion,stressed,1.0,2020-10-14,80054.69101133112,28787.96892547607,108842.6599368072,0.26449159678925555,2020-10-14,4.608051077413483e-17,0.9999999990195647,9.80512486533926e-10
2020-10-15,cautious,0.383,8.0,0.9,"{'momentum': 0.74, 'mean_reversion': 0.65, 'trend_following': 0.72, 'fundamental': 0.77}",True,2.1069012504270577e-17,0.999999999214424,7.856067819801033e-10,spike,normal,range,strong,calm,2020-10-15,robust_expansion,stressed,1.0,2020-10-15,54014.70056423843,55056.013125896454,109070.71369013489,0.5047735662783703,2020-10-15,2.1069012504270577e-17,0.999999999214424,7.856067819801033e-10
2020-10-16,cautious,0.383,8.0,0.9,"{'momentum': 0.71, 'mean_reversion': 0.63, 'trend_following': 0.7, 'fundamental': 0.75}",True,9.436049131712637e-16,0.9999999998183284,1.8158850853796007e-10,spike,normal,range,strong,calm,2020-10-16,market_turmoil,stressed,1.0,2020-10-16,65183.8948248972,43871.57000899315,109055.46483389036,0.4022867636740337,2020-10-16,9.436049131710492e-16,0.9999999998183284,1.8158850853796007e-10
2020-10-19,cautious,0.34,8.0,0.788,"{'momentum': 0.71, 'mean_reversion': 0.66, 'trend_following': 0.71, 'fundamental': 0.76}",True,1.1310360096945377e-15,0.9999999922106326,7.78935066638298e-09,spike,normal,range,narrow,calm,2020-10-19,emerging_expansion,stressed,1.0,2020-10-19,75492.82562313719,33221.611513376236,108714.43713651344,0.3055860140420875,2020-10-19,1.1310360096945377e-15,0.9999999922106326,7.78935066638298e-09
2020-10-20,cautious,0.34,8.0,0.788,"{'momentum': 0.69, 'mean_reversion': 0.64, 'trend_following': 0.69, 'fundamental': 0.75}",True,3.9109893013562647e-13,0.9999998917517191,1.0824787376015948e-07,spike,normal,range,narrow,calm,2020-10-20,emerging_expansion,stressed,1.0,2020-10-20,82817.84812715815,26085.64615535736,108903.49428251552,0.23952992810025397,2020-10-20,3.9109893013562647e-13,0.9999998917517191,1.0824787376015948e-07
2020-10-21,cautious,0.34,8.0,0.788,"{'momentum': 0.69, 'mean_reversion': 0.64, 'trend_following': 0.69, 'fundamental': 0.75}",True,6.119467594580573e-07,0.9999989768833306,4.111699742327682e-07,spike,normal,range,narrow,calm,2020-10-21,emerging_expansion,stressed,1.0,2020-10-21,87344.91754870239,21472.97971343994,108817.89726214232,0.19732948580794143,2020-10-21,6.119467594580573e-07,0.9999989768833306,4.111699742327682e-07
2020-10-22,cautious,0.34,8.0,0.788,"{'momentum': 0.71, 'mean_reversion': 0.66, 'trend_following': 0.71, 'fundamental': 0.76}",True,2.7748608055337973e-05,0.9999621870568453,1.0064335099775955e-05,spike,normal,range,narrow,calm,2020-10-22,emerging_expansion,stressed,1.0,2020-10-22,61164.83215047363,47772.34269094467,108937.17484141832,0.43853113283401807,2020-10-22,2.7748608055337973e-05,0.9999621870568453,1.0064335099775955e-05
2020-10-23,cautious,0.34,8.0,0.788,"{'momentum': 0.71, 'mean_reversion': 0.66, 'trend_following': 0.71, 'fundamental': 0.76}",True,3.1221343028592568e-06,0.9999709442319122,2.5933633678320524e-05,spike,normal,range,narrow,calm,2020-10-23,emerging_expansion,stressed,1.0,2020-10-23,61672.4156383928,47399.485432863235,109071.90107125604,0.43457100286440803,2020-10-23,3.1221343028592568e-06,0.9999709442319122,2.5933633678320524e-05
2020-10-26,cautious,0.379,18.0,0.886,"{'momentum': 0.74, 'mean_reversion': 1.08, 'trend_following': 0.73, 'fundamental': 0.98}",True,1.8291446753824623e-09,0.998757407073073,0.0012425910978820097,normal,normal,range,narrow,calm,2020-10-26,emerging_expansion,stressed,0.991,2020-10-26,71214.69897460914,36938.79098844528,108153.48996305442,0.3415404440583812,2020-10-26,1.8291446753824623e-09,0.998757407073073,0.0012425910978820097
2020-10-27,cautious,0.379,18.0,0.878,"{'momentum': 0.74, 'mean_reversion': 1.08, 'trend_following': 0.73, 'fundamental': 0.98}",True,1.3976756554582201e-08,0.9945781442755224,0.005421841747648745,normal,normal,range,narrow,calm,2020-10-27,emerging_expansion,stressed,0.969,2020-10-27,74993.68281346335,33038.54734039307,108032.23015385642,0.30582120996058776,2020-10-27,1.3976756554582201e-08,0.9945781442755224,0.005421841747648745
2020-10-28,cautious,0.379,18.0,0.846,"{'momentum': 0.74, 'mean_reversion': 1.08, 'trend_following': 0.73, 'fundamental': 0.98}",True,2.5932280244346513e-20,0.0296845430917117,0.9703154569083,normal,normal,range,narrow,calm,2020-10-28,emerging_expansion,crisis,0.878,2020-10-28,85735.59066093765,21700.994506835938,107436.5851677736,0.2019888706714527,2020-10-28,2.5932280244346513e-20,0.0296845430917117,0.9703154569083
2020-10-29,cautious,0.379,18.0,0.889,"{'momentum': 0.74, 'mean_reversion': 1.08, 'trend_following': 0.73, 'fundamental': 0.98}",True,4.148579285511549e-20,2.2735543597362753e-05,0.9999772644563798,normal,normal,range,narrow,calm,2020-10-29,emerging_expansion,crisis,1.0,2020-10-29,55626.75746860884,52567.13823032379,108193.89569893264,0.48586048122900133,2020-10-29,4.148579285511549e-20,2.2735543597362753e-05,0.9999772644563798
2020-10-30,cautious,0.357,18.0,0.831,"{'momentum': 0.73, 'mean_reversion': 1.07, 'trend_following': 0.72, 'fundamental': 0.97}",True,1.9918137549501381e-19,0.0007449052639691943,0.9992550947360521,normal,normal,range,deteriorating,calm,2020-10-30,cautious_decline,crisis,0.994,2020-10-30,76302.95446105511,31556.621784210205,107859.57624526531,0.2925713495522419,2020-10-30,1.9918137549501381e-19,0.0007449052639691943,0.9992550947360521
2020-11-02,cautious,0.357,18.0,0.78,"{'momentum': 0.73, 'mean_reversion': 1.07, 'trend_following': 0.72, 'fundamental': 0.97}",True,1.2408487994423955e-19,0.04178278818648105,0.958217211813455,normal,normal,range,deteriorating,calm,2020-11-02,cautious_decline,crisis,0.842,2020-11-02,71141.98419298287,37074.265016555786,108216.24920953866,0.3425942525948118,2020-11-02,1.2408487994423955e-19,0.04178278818648105,0.958217211813455
2020-11-03,cautious,0.357,18.0,0.817,"{'momentum': 0.74, 'mean_reversion': 1.07, 'trend_following': 0.73, 'fundamental': 0.97}",True,4.471121825827773e-18,0.009378257941929853,0.9906217420580179,normal,normal,range,deteriorating,calm,2020-11-03,cautious_decline,crisis,0.952,2020-11-03,71033.49921956626,37746.89101791382,108780.39023748008,0.3470008788855052,2020-11-03,4.471121825827773e-18,0.009378257941929853,0.9906217420580179
2020-11-04,cautious,0.357,18.0,0.687,"{'momentum': 0.74, 'mean_reversion': 1.07, 'trend_following': 0.73, 'fundamental': 0.97}",True,8.686986221467194e-22,0.8133893202595971,0.18661067974045814,normal,normal,range,deteriorating,calm,2020-11-04,cautious_decline,stressed,0.562,2020-11-04,97860.16294203822,11214.097625732422,109074.26056777065,0.10281158512887478,2020-11-04,8.686986221467194e-22,0.8133893202595971,0.18661067974045814
2020-11-05,cautious,0.357,18.0,0.833,"{'momentum': 0.75, 'mean_reversion': 1.07, 'trend_following': 0.73, 'fundamental': 0.97}",True,6.2305587963658744e-21,0.9999171616395773,8.283836042533705e-05,normal,normal,range,deteriorating,calm,2020-11-05,robust_expansion,stressed,0.999,2020-11-05,68426.20017909289,40938.677379608154,109364.87755870105,0.37433112250900225,2020-11-05,6.2305587963658744e-21,0.9999171616395773,8.283836042533705e-05
2020-11-06,cautious,0.357,18.0,0.831,"{'momentum': 0.75, 'mean_reversion': 1.07, 'trend_following': 0.73, 'fundamental': 0.98}",True,5.930091984225893e-14,0.9992938609490505,0.000706139050820623,normal,normal,range,deteriorating,calm,2020-11-06,robust_expansion,stressed,0.995,2020-11-06,77663.05873219883,31510.50407409668,109173.56280629552,0.2886276060258759,2020-11-06,5.930091984225893e-14,0.9992938609490505,0.000706139050820623
2020-11-09,benign,0.423,18.0,0.915,"{'momentum': 0.77, 'mean_reversion': 1.07, 'trend_following': 0.75, 'fundamental': 0.99}",True,2.9280548884355783e-11,0.9364374405804121,0.06356255939040052,normal,normal,range,strong,calm,2020-11-09,robust_expansion,stressed,0.785,2020-11-09,61864.8430758316,47323.700424194336,109188.54350002592,0.43341269062887633,2020-11-09,2.9280548884355783e-11,0.9364374405804121,0.06356255939040052
2020-11-10,benign,0.423,18.0,0.976,"{'momentum': 0.78, 'mean_reversion': 1.07, 'trend_following': 0.75, 'fundamental': 0.99}",True,2.7787217801560336e-06,0.013380288144511445,0.9866169331336544,normal,normal,range,strong,calm,2020-11-10,robust_expansion,crisis,0.935,2020-11-10,87945.41893906501,20947.723052978516,108893.14199204351,0.1923695346627899,2020-11-10,2.7787217801560336e-06,0.013380288144511445,0.9866169331336544
2020-11-11,benign,0.423,18.0,1.001,"{'momentum': 0.78, 'mean_reversion': 1.07, 'trend_following': 0.75, 'fundamental': 0.99}",True,3.898521685001876e-05,2.7840286883259012e-05,0.9999331744962776,normal,normal,range,strong,calm,2020-11-11,robust_expansion,crisis,0.999,2020-11-11,44252.18537353325,65152.983003139496,109405.16837667277,0.5955201565873312,2020-11-11,3.898521685001876e-05,2.7840286883259012e-05,0.9999331744962776
2020-11-12,benign,0.423,18.0,1.001,"{'momentum': 0.77, 'mean_reversion': 1.07, 'trend_following': 0.75, 'fundamental': 0.99}",True,4.610427723561358e-06,0.0001081630426481075,0.9998872265296002,normal,normal,range,strong,calm,2020-11-12,robust_expansion,crisis,0.999,2020-11-12,50698.44688068516,58668.608453035355,109367.05533372052,0.5364376710519918,2020-11-12,4.610427723561358e-06,0.0001081630426481075,0.9998872265296002
2020-11-13,benign,0.423,18.0,1.001,"{'momentum': 0.78, 'mean_reversion': 1.07, 'trend_following': 0.75, 'fundamental': 0.99}",True,5.439259395627922e-07,1.321532440529175e-05,0.9999862407497213,normal,normal,range,strong,calm,2020-11-13,robust_expansion,crisis,1.0,2020-11-13,50698.44688068516,59324.545120716095,110022.99200140126,0.5392013436606099,2020-11-13,5.439259395627922e-07,1.321532440529175e-05,0.9999862407497213
2020-11-16,benign,0.423,18.0,1.001,"{'momentum': 0.78, 'mean_reversion': 1.07, 'trend_following': 0.76, 'fundamental': 0.99}",True,1.758303810162802e-05,3.6963823929892796e-05,0.9999454531380534,normal,normal,range,strong,calm,2020-11-16,robust_expansion,crisis,0.999,2020-11-16,53403.278799554784,57087.370366573334,110490.64916612812,0.516671508380222,2020-11-16,1.758303810162802e-05,3.6963823929892796e-05,0.9999454531380534
2020-11-17,benign,0.423,18.0,0.999,"{'momentum': 0.78, 'mean_reversion': 1.07, 'trend_following': 0.75, 'fundamental': 0.99}",True,5.690877431867083e-06,0.0010258113499626912,0.9989684977726997,normal,normal,range,strong,calm,2020-11-17,robust_expansion,crisis,0.993,2020-11-17,64430.71020972712,46269.329010009766,110700.03921973688,0.4179703036795342,2020-11-17,5.690877431867083e-06,0.0010258113499626912,0.9989684977726997
2020-11-18,benign,0.423,18.0,0.848,"{'momentum': 0.78, 'mean_reversion': 1.07, 'trend_following': 0.75, 'fundamental': 0.99}",True,6.1193760879674205e-06,0.1482762911328652,0.8517175894909489,normal,normal,range,strong,calm,2020-11-18,robust_expansion,crisis,0.618,2020-11-18,63475.567306456345,46781.26120758057,110256.82851403693,0.424293550232354,2020-11-18,6.1193760879674205e-06,0.1482762911328652,0.8517175894909489
2020-11-19,benign,0.423,18.0,0.983,"{'momentum': 0.78, 'mean_reversion': 1.07, 'trend_following': 0.75, 'fundamental': 0.99}",True,5.925581977446163e-05,0.008848690238484716,0.9910920539417668,normal,normal,range,strong,calm,2020-11-19,robust_expansion,crisis,0.953,2020-11-19,63475.567306456345,46846.26229476929,110321.82960122565,0.42463275368167785,2020-11-19,5.925581977446163e-05,0.008848690238484716,0.9910920539417668
2020-11-20,benign,0.423,18.0,0.987,"{'momentum': 0.78, 'mean_reversion': 1.07, 'trend_following': 0.75, 'fundamental': 0.99}",True,3.0360282053616856e-05,0.006784537285354519,0.99318510243251,normal,normal,range,strong,calm,2020-11-20,robust_expansion,crisis,0.963,2020-11-20,63475.567306456345,46738.87194824219,110214.43925469852,0.4240721294260877,2020-11-20,3.0360282053616856e-05,0.006784537285354519,0.99318510243251
2020-11-23,benign,0.423,18.0,0.996,"{'momentum': 0.78, 'mean_reversion': 1.07, 'trend_following': 0.75, 'fundamental': 0.99}",True,0.0007268377677065156,0.0010671934853444922,0.9982059687469337,normal,normal,range,strong,calm,2020-11-23,robust_expansion,crisis,0.987,2020-11-23,66094.89485017676,44358.27967071533,110453.17452089208,0.4016025783154383,2020-11-23,0.0007268377677065156,0.0010671934853444922,0.9982059687469337
2020-11-24,benign,0.465,18.0,0.977,"{'momentum': 0.78, 'mean_reversion': 1.07, 'trend_following': 0.76, 'fundamental': 0.99}",True,0.012798615263016936,1.7715815977500671e-06,0.9871996131553122,normal,normal,range,strong,calm,2020-11-24,robust_expansion,crisis,0.938,2020-11-24,65339.36137069388,45479.455421447754,110818.81679214165,0.41039470315543725,2020-11-24,0.012798615263016936,1.7715815977500671e-06,0.9871996131553122
2020-11-25,benign,0.507,18.0,1.001,"{'momentum': 0.78, 'mean_reversion': 1.07, 'trend_following': 0.76, 'fundamental': 0.99}",True,0.999894148343823,1.2405193919136281e-06,0.00010461113683189617,normal,normal,range,strong,calm,2020-11-25,robust_expansion,benign,0.999,2020-11-25,59053.94394791445,51740.421016693115,110794.36496460756,0.4669950591189471,2020-11-25,0.999894148343823,1.2405193919136281e-06,0.00010461113683189617
2020-11-27,benign,0.55,18.0,1.002,"{'momentum': 0.78, 'mean_reversion': 1.07, 'trend_following': 0.76, 'fundamental': 0.99}",True,0.9999975042771204,3.282229785457512e-08,2.46290066876888e-06,normal,normal,range,strong,calm,2020-11-27,robust_expansion,benign,1.0,2020-11-27,55837.16762832967,55310.95819091797,111148.12581924764,0.49763284610724146,2020-11-27,0.9999975042771204,3.282229785457512e-08,2.46290066876888e-06
2020-11-30,benign,0.592,18.0,1.002,"{'momentum': 0.78, 'mean_reversion': 1.07, 'trend_following': 0.76, 'fundamental': 0.99}",True,0.9999991832640869,5.899512937553292e-11,8.166768203194082e-07,normal,normal,range,strong,calm,2020-11-30,robust_expansion,benign,1.0,2020-11-30,57461.8792012277,53334.65684890747,110796.53605013515,0.4813747681134514,2020-11-30,0.9999991832640869,5.899512937553292e-11,8.166768203194082e-07
2020-12-01,benign,0.634,18.0,1.002,"{'momentum': 0.78, 'mean_reversion': 1.07, 'trend_following': 0.76, 'fundamental': 0.99}",True,0.999999849280141,1.7545671571044061e-12,1.5071804184490618e-07,normal,normal,range,strong,calm,2020-12-01,robust_expansion,benign,1.0,2020-12-01,59034.929142521825,52286.01000595093,111320.93914847275,0.4696871083365115,2020-12-01,0.999999849280141,1.7545671571044061e-12,1.5071804184490618e-07
2020-12-02,benign,0.677,18.0,1.002,"{'momentum': 0.78, 'mean_reversion': 1.07, 'trend_following': 0.76, 'fundamental': 0.99}",True,0.9999999999627107,2.9519987750643924e-17,3.73310026367389e-11,normal,normal,range,strong,calm,2020-12-02,robust_expansion,benign,1.0,2020-12-02,58486.55354670054,52782.93715286255,111269.49069956307,0.4743702592778185,2020-12-02,0.9999999999627107,2.9519987750643924e-17,3.73310026367389e-11
2020-12-03,cautious,0.652,8.0,0.9,"{'momentum': 0.74, 'mean_reversion': 0.64, 'trend_following': 0.72, 'fundamental': 0.77}",True,0.9999999999997726,3.3160122433684886e-22,2.592663817914509e-13,spike,normal,range,strong,calm,2020-12-03,robust_expansion,benign,1.0,2020-12-03,63396.91816032731,47846.44124221802,111243.35940254532,0.4301060440747824,2020-12-03,0.9999999999997726,3.3160122433684886e-22,2.592663817914509e-13
2020-12-04,cautious,0.383,8.0,0.9,"{'momentum': 0.74, 'mean_reversion': 0.64, 'trend_following': 0.72, 'fundamental': 0.77}",True,1.0,1.0983867203808915e-26,5.678694497676639e-15,spike,normal,range,strong,calm,2020-12-04,robust_expansion,benign,1.0,2020-12-04,61272.022089872335,50207.028869628906,111479.05095950124,0.450371872001928,2020-12-04,1.0,1.0983867203808915e-26,5.678694497676639e-15
2020-12-07,cautious,0.383,8.0,0.9,"{'momentum': 0.74, 'mean_reversion': 0.64, 'trend_following': 0.72, 'fundamental': 0.77}",True,1.0,4.388882648435365e-29,1.3386352027033783e-15,spike,normal,range,strong,calm,2020-12-07,robust_expansion,benign,1.0,2020-12-07,61272.022089872335,50131.499519348145,111403.52160922048,0.44999923516959034,2020-12-07,1.0,4.388882648435365e-29,1.3386352027033783e-15
2020-12-08,cautious,0.383,8.0,0.9,"{'momentum': 0.74, 'mean_reversion': 0.64, 'trend_following': 0.72, 'fundamental': 0.77}",True,1.0,9.966289863475313e-29,1.0238166639023665e-15,spike,normal,range,strong,calm,2020-12-08,robust_expansion,benign,1.0,2020-12-08,67213.71309597169,44182.03350067139,111395.74659664308,0.3966222665632982,2020-12-08,1.0,9.966289863475313e-29,1.0238166639023665e-15
2020-12-09,cautious,0.383,8.0,0.9,"{'momentum': 0.74, 'mean_reversion': 0.63, 'trend_following': 0.72, 'fundamental': 0.77}",True,1.0,1.0174743355021563e-27,1.486030306862252e-14,spike,normal,range,strong,calm,2020-12-09,robust_expansion,benign,1.0,2020-12-09,76124.1744135852,35025.45341491699,111149.6278285022,0.31511984429636913,2020-12-09,1.0,1.0174743355021563e-27,1.486030306862252e-14
2020-12-10,cautious,0.383,8.0,0.9,"{'momentum': 0.73, 'mean_reversion': 0.63, 'trend_following': 0.72, 'fundamental': 0.77}",True,1.0,4.491972257412659e-28,3.1412569266819636e-14,spike,normal,range,strong,calm,2020-12-10,robust_expansion,benign,1.0,2020-12-10,94444.15392980156,16566.216556549072,111010.37048635064,0.14923125185485245,2020-12-10,1.0,4.491972257412659e-28,3.1412569266819636e-14
2020-12-11,cautious,0.383,8.0,0.9,"{'momentum': 0.74, 'mean_reversion': 0.63, 'trend_following': 0.72, 'fundamental': 0.77}",True,0.9999999999997726,7.23483577381774e-28,1.391443083931489e-13,spike,normal,range,strong,calm,2020-12-11,robust_expansion,benign,1.0,2020-12-11,54837.785115356455,56190.095500946045,111027.8806163025,0.5060899585675376,2020-12-11,0.9999999999997726,7.23483577381774e-28,1.391443083931489e-13
2020-12-14,cautious,0.383,8.0,0.9,"{'momentum': 0.74, 'mean_reversion': 0.63, 'trend_following': 0.72, 'fundamental': 0.77}",True,1.0,2.9572946822820384e-26,9.604280619574653e-14,spike,normal,range,strong,calm,2020-12-14,robust_expansion,benign,1.0,2020-12-14,54837.785115356455,56059.49489212036,110897.28000747682,0.5055082945978546,2020-12-14,1.0,2.9572946822820384e-26,9.604280619574653e-14
2020-12-15,cautious,0.383,8.0,0.9,"{'momentum': 0.74, 'mean_reversion': 0.63, 'trend_following': 0.72, 'fundamental': 0.77}",True,1.0,8.67891933191e-28,2.0024108219691487e-14,spike,normal,range,strong,calm,2020-12-15,robust_expansion,benign,1.0,2020-12-15,57504.11366434946,53809.183376312256,111313.29704066172,0.48340301479576386,2020-12-15,1.0,8.67891933191e-28,2.0024108219691487e-14
2020-12-16,cautious,0.383,8.0,0.9,"{'momentum': 0.74, 'mean_reversion': 0.63, 'trend_following': 0.72, 'fundamental': 0.77}",True,1.0,1.2065331426146269e-27,6.5510225213088615e-15,spike,normal,range,strong,calm,2020-12-16,robust_expansion,benign,1.0,2020-12-16,60422.56455796877,51140.29022216797,111562.85478013674,0.45839890277954115,2020-12-16,1.0,1.2065331426146269e-27,6.5510225213088615e-15
2020-12-17,cautious,0.383,8.0,0.9,"{'momentum': 0.74, 'mean_reversion': 0.64, 'trend_following': 0.72, 'fundamental': 0.77}",True,1.0,1.0035155504601016e-29,3.037322330505461e-16,spike,normal,range,strong,calm,2020-12-17,robust_expansion,benign,1.0,2020-12-17,61426.05434853571,50343.83868217468,111769.8930307104,0.4504239676452225,2020-12-17,1.0,1.0035155504601016e-29,3.037322330505461e-16
2020-12-18,cautious,0.422,8.0,0.9,"{'momentum': 0.73, 'mean_reversion': 0.63, 'trend_following': 0.72, 'fundamental': 0.77}",True,1.0,1.0745114511737209e-32,2.7492677870229734e-17,spike,normal,range,strong,calm,2020-12-18,robust_expansion,benign,1.0,2020-12-18,70841.29065192337,40952.68737602234,111793.9780279457,0.3663228386575991,2020-12-18,1.0,1.0745114511737209e-32,2.7492677870229734e-17
2020-12-21,cautious,0.46,8.0,0.9,"{'momentum': 0.77, 'mean_reversion': 0.65, 'trend_following': 0.74, 'fundamental': 0.78}",True,1.0,2.7685664467758244e-33,9.651095187420922e-17,spike,normal,range,strong,calm,2020-12-21,robust_expansion,benign,1.0,2020-12-21,69590.1242068001,42293.49162387848,111883.61583067858,0.3780132712897322,2020-12-21,1.0,2.7685664467758244e-33,9.651095187420922e-17
2020-12-22,cautious,0.498,8.0,0.9,"{'momentum': 0.77, 'mean_reversion': 0.65, 'trend_following': 0.74, 'fundamental': 0.78}",True,1.0,3.5677400724234506e-32,4.380174055998109e-19,spike,normal,range,strong,calm,2020-12-22,robust_expansion,benign,1.0,2020-12-22,67556.59861221354,44107.893701553345,111664.49231376688,0.39500375443981106,2020-12-22,1.0,3.5677400724234506e-32,4.380174055998109e-19
2020-12-23,benign,0.592,18.0,1.002,"{'momentum': 0.78, 'mean_reversion': 1.07, 'trend_following': 0.75, 'fundamental': 0.99}",True,1.0,1.826526572928596e-36,2.958065922896911e-22,normal,normal,range,strong,calm,2020-12-23,robust_expansion,benign,1.0,2020-12-23,72498.0992898269,39548.94351768494,112047.04280751184,0.35296731200328924,2020-12-23,1.0,1.826526572928596e-36,2.958065922896911e-22
2020-12-24,cautious,0.383,8.0,0.9,"{'momentum': 0.74, 'mean_reversion': 0.63, 'trend_following': 0.72, 'fundamental': 0.77}",True,1.0,2.1497224491413533e-39,7.131256983946181e-23,spike,normal,range,strong,calm,2020-12-24,robust_expansion,benign,1.0,2020-12-24,69378.5871678219,42572.51751327515,111951.10468109704,0.38027777961233034,2020-12-24,1.0,2.1497224491413533e-39,7.131256983946181e-23
2020-12-28,cautious,0.383,8.0,0.9,"{'momentum': 0.74, 'mean_reversion': 0.63, 'trend_following': 0.72, 'fundamental': 0.77}",True,1.0,1.134332424114243e-39,1.909145048447912e-21,spike,normal,range,strong,calm,2020-12-28,robust_expansion,benign,1.0,2020-12-28,70687.07847213172,41420.79493522644,112107.87340735816,0.369472666604947,2020-12-28,1.0,1.134332424114243e-39,1.909145048447912e-21
2020-12-29,cautious,0.383,8.0,0.9,"{'momentum': 0.74, 'mean_reversion': 0.63, 'trend_following': 0.72, 'fundamental': 0.77}",True,1.0,4.2439450796987045e-39,1.9532890438893143e-22,spike,normal,range,strong,calm,2020-12-29,robust_expansion,benign,1.0,2020-12-29,79635.98188814834,32513.87663078308,112149.85851893142,0.28991455771916635,2020-12-29,1.0,4.2439450796987045e-39,1.9532890438893143e-22
2020-12-30,cautious,0.383,8.0,0.9,"{'momentum': 0.74, 'mean_reversion': 0.63, 'trend_following': 0.72, 'fundamental': 0.77}",True,1.0,1.560494012444765e-39,1.7053322276818288e-22,spike,normal,range,strong,calm,2020-12-30,robust_expansion,benign,1.0,2020-12-30,78530.72387779492,33700.68551635742,112231.40939415236,0.3002785556938158,2020-12-30,1.0,1.560494012444765e-39,1.7053322276818288e-22
2020-12-31,cautious,0.383,8.0,0.9,"{'momentum': 0.74, 'mean_reversion': 0.64, 'trend_following': 0.72, 'fundamental': 0.77}",True,1.0,2.2529141401374954e-39,8.629358559861663e-21,spike,normal,range,strong,calm,2020-12-31,robust_expansion,benign,1.0,2020-12-31,79280.82409322166,33072.72932815552,112353.55342137718,0.2943630025133043,2020-12-31,1.0,2.2529141401374954e-39,8.629358559861663e-21
2021-01-04,cautious,0.383,8.0,0.9,"{'momentum': 0.74, 'mean_reversion': 0.63, 'trend_following': 0.72, 'fundamental': 0.77}",True,1.0,1.4184865906154394e-39,5.2435577701848734e-18,spike,normal,range,strong,calm,2021-01-04,robust_expansion,benign,1.0,2021-01-04,87328.35446226333,24745.979539871216,112074.33400213456,0.22079970191390924,2021-01-04,1.0,1.4184865906154394e-39,5.2435577701848734e-18
2021-01-05,cautious,0.383,8.0,0.9,"{'momentum': 0.74, 'mean_reversion': 0.64, 'trend_following': 0.72, 'fundamental': 0.77}",True,1.0,1.2100294311923079e-34,6.93245276521282e-21,spike,normal,range,strong,calm,2021-01-05,robust_expansion,benign,1.0,2021-01-05,89533.82530326444,22740.559923171997,112274.38522643644,0.20254450627637408,2021-01-05,1.0,1.2100294311923079e-34,6.93245276521282e-21
2021-01-06,cautious,0.383,8.0,0.9,"{'momentum': 0.74, 'mean_reversion': 0.64, 'trend_following': 0.72, 'fundamental': 0.77}",True,1.0,1.3137437634420915e-38,2.4778701860975774e-22,spike,normal,range,strong,calm,2021-01-06,robust_expansion,benign,1.0,2021-01-06,92921.7661954083,19571.59700012207,112493.36319553036,0.17398001485744272,2021-01-06,1.0,1.3137437634420915e-38,2.4778701860975774e-22
2021-01-07,cautious,0.383,8.0,0.9,"{'momentum': 0.73, 'mean_reversion': 0.63, 'trend_following': 0.72, 'fundamental': 0.77}",True,1.0,5.518845334699598e-42,7.027375706313633e-18,spike,normal,range,strong,calm,2021-01-07,robust_expansion,benign,1.0,2021-01-07,57366.54906040341,55784.42511558533,113150.97417598874,0.49300879220731525,2021-01-07,1.0,5.518845334699598e-42,7.027375706313633e-18
2021-01-08,cautious,0.383,8.0,0.9,"{'momentum': 0.75, 'mean_reversion': 0.64, 'trend_following': 0.73, 'fundamental': 0.77}",True,1.0,8.42520630842056e-39,2.0801393642488906e-18,spike,normal,range,strong,calm,2021-01-08,robust_expansion,benign,1.0,2021-01-08,69618.6772318861,43788.92119216919,113407.5984240553,0.38611981737266876,2021-01-08,1.0,8.42520630842056e-39,2.0801393642488906e-18
2021-01-11,cautious,0.383,8.0,0.9,"{'momentum': 0.74, 'mean_reversion': 0.64, 'trend_following': 0.72, 'fundamental': 0.77}",True,0.9999999999997726,1.9385945582176518e-38,1.4753094561540468e-13,spike,normal,range,strong,calm,2021-01-11,robust_expansion,benign,1.0,2021-01-11,75746.63555366464,37428.96225357056,113175.5978072352,0.3307158343207599,2021-01-11,0.9999999999997726,1.9385945582176518e-38,1.4753094561540468e-13
2021-01-12,cautious,0.422,8.0,0.9,"{'momentum': 0.74, 'mean_reversion': 0.64, 'trend_following': 0.72, 'fundamental': 0.77}",True,1.0,2.870643018545244e-34,2.7820711792525243e-14,spike,normal,range,strong,calm,2021-01-12,robust_expansion,benign,1.0,2021-01-12,68506.95110088725,44563.0744972229,113070.02559811017,0.3941192571726783,2021-01-12,1.0,2.870643018545244e-34,2.7820711792525243e-14
2021-01-13,cautious,0.46,8.0,0.9,"{'momentum': 0.74, 'mean_reversion': 0.64, 'trend_following': 0.72, 'fundamental': 0.77}",True,1.0,1.1367433440411121e-34,1.2080198838933959e-15,spike,normal,range,strong,calm,2021-01-13,robust_expansion,benign,1.0,2021-01-13,60085.64446221323,53060.44973373413,113146.09419594736,0.4689552044266203,2021-01-13,1.0,1.1367433440411121e-34,1.2080198838933959e-15
2021-01-14,cautious,0.498,8.0,0.9,"{'momentum': 0.74, 'mean_reversion': 0.64, 'trend_following': 0.72, 'fundamental': 0.77}",True,0.9999999999993179,3.2035125537824313e-37,6.105331609226596e-13,spike,normal,range,strong,calm,2021-01-14,robust_expansion,benign,1.0,2021-01-14,61681.22595572859,51209.64405441284,112890.87001014144,0.453620775974288,2021-01-14,0.9999999999993179,3.2035125537824313e-37,6.105331609226596e-13
2021-01-15,cautious,0.537,8.0,0.9,"{'momentum': 0.74, 'mean_reversion': 0.64, 'trend_following': 0.72, 'fundamental': 0.77}",True,1.0,2.3514371444525776e-34,1.6653373153235926e-15,spike,normal,range,strong,calm,2021-01-15,robust_expansion,benign,1.0,2021-01-15,75655.86257143418,36976.00258255005,112631.86515398422,0.3282907774988761,2021-01-15,1.0,2.3514371444525776e-34,1.6653373153235926e-15
2021-01-19,cautious,0.575,8.0,0.9,"{'momentum': 0.74, 'mean_reversion': 0.64, 'trend_following': 0.72, 'fundamental': 0.77}",True,1.0,3.511765008976481e-36,1.4796524755066415e-14,spike,normal,range,strong,calm,2021-01-19,robust_expansion,benign,1.0,2021-01-19,25084.9219841176,87469.31988334656,112554.24186746417,0.777130372272812,2021-01-19,1.0,3.511765008976481e-36,1.4796524755066415e-14
2021-01-20,cautious,0.614,8.0,0.9,"{'momentum': 0.75, 'mean_reversion': 0.64, 'trend_following': 0.73, 'fundamental': 0.77}",True,0.9999999999997726,7.429586224802721e-35,2.040428799982022e-13,spike,normal,range,strong,calm,2021-01-20,robust_expansion,benign,1.0,2021-01-20,30058.68851926643,82608.3893623352,112667.07788160164,0.7332078803813996,2021-01-20,0.9999999999997726,7.429586224802721e-35,2.040428799982022e-13
2021-01-21,cautious,0.652,8.0,0.9,"{'momentum': 0.75, 'mean_reversion': 0.64, 'trend_following': 0.73, 'fundamental': 0.78}",True,0.99999999995498,2.1858911330012966e-34,4.506709805927953e-11,spike,normal,range,strong,calm,2021-01-21,robust_expansion,benign,1.0,2021-01-21,32401.15225405111,79633.77847099304,112034.93072504416,0.7107941956641188,2021-01-21,0.99999999995498,2.1858911330012966e-34,4.506709805927953e-11
2021-01-22,cautious,0.69,8.0,0.9,"{'momentum': 0.75, 'mean_reversion': 0.64, 'trend_following': 0.73, 'fundamental': 0.78}",True,0.9999999999422471,2.1664095628199805e-31,5.7728406043844626e-11,spike,normal,range,strong,calm,2021-01-22,robust_expansion,benign,1.0,2021-01-22,44667.32849911646,66871.72918128967,111539.05768040614,0.599536436580788,2021-01-22,0.9999999999422471,2.1664095628199805e-31,5.7728406043844626e-11
2021-01-25,cautious,0.729,8.0,0.9,"{'momentum': 0.75, 'mean_reversion': 0.64, 'trend_following': 0.73, 'fundamental': 0.78}",True,0.9999999893218502,5.316357429342028e-30,1.0678040231507456e-08,spike,normal,range,strong,calm,2021-01-25,robust_expansion,benign,1.0,2021-01-25,8861.571012483253,102497.58430862428,111359.15532110752,0.9204235072820853,2021-01-25,0.9999999893218502,5.316357429342028e-30,1.0678040231507456e-08
2021-01-26,cautious,0.767,8.0,0.9,"{'momentum': 0.76, 'mean_reversion': 0.65, 'trend_following': 0.74, 'fundamental': 0.78}",True,0.9999999999490683,2.859914250621316e-28,5.104344484016101e-11,spike,normal,range,strong,calm,2021-01-26,robust_expansion,benign,1.0,2021-01-26,15928.928022876393,95370.5064792633,111299.4345021397,0.8568822196255619,2021-01-26,0.9999999999490683,2.859914250621316e-28,5.104344484016101e-11
2021-01-27,cautious,0.767,8.0,0.9,"{'momentum': 0.72, 'mean_reversion': 0.64, 'trend_following': 0.71, 'fundamental': 0.76}",True,0.9998977620071158,1.1090959145958844e-33,0.00010223799298192287,spike,normal,range,strong,calm,2021-01-27,robust_expansion,benign,0.999,2021-01-27,52826.477226025854,56545.46752357483,109371.94474960068,0.5170015734202374,2021-01-27,0.9998977620071158,1.1090959145958844e-33,0.00010223799298192287
2021-01-28,cautious,0.767,8.0,0.9,"{'momentum': 0.75, 'mean_reversion': 0.64, 'trend_following': 0.73, 'fundamental': 0.78}",True,0.9999999631693306,1.5342611365969352e-24,3.683067028996767e-08,spike,normal,range,strong,calm,2021-01-28,robust_expansion,benign,1.0,2021-01-28,84872.79371668404,24771.82590484619,109644.61962153023,0.2259283309144875,2021-01-28,0.9999999631693306,1.5342611365969352e-24,3.683067028996767e-08
2021-01-29,cautious,0.767,8.0,0.9,"{'momentum': 0.71, 'mean_reversion': 0.63, 'trend_following': 0.7, 'fundamental': 0.75}",True,0.9999999692247461,3.7166636589361083e-29,3.077531223713812e-08,spike,normal,range,strong,calm,2021-01-29,market_turmoil,benign,1.0,2021-01-29,75452.32302572964,33730.16839027405,109182.49141600369,0.3089338588341644,2021-01-29,0.9999999692247461,3.7166636589361083e-29,3.077531223713812e-08
2021-02-01,cautious,0.767,8.0,0.9,"{'momentum': 0.73, 'mean_reversion': 0.64, 'trend_following': 0.71, 'fundamental': 0.76}",True,0.9999999358024091,2.901038202875977e-28,6.419750270673451e-08,spike,normal,range,strong,calm,2021-02-01,robust_expansion,benign,1.0,2021-02-01,6572.005912968632,102907.6693725586,109479.67528552722,0.9399705388618611,2021-02-01,0.9999999358024091,2.901038202875977e-28,6.419750270673451e-08
2021-02-02,cautious,0.767,8.0,0.9,"{'momentum': 0.76, 'mean_reversion': 0.65, 'trend_following': 0.73, 'fundamental': 0.78}",True,0.9999999851515896,2.977340423141195e-29,1.4848406118283344e-08,spike,normal,range,strong,calm,2021-02-02,robust_expansion,benign,1.0,2021-02-02,50097.35915903533,60765.45164108277,110862.8108001181,0.5481139365178178,2021-02-02,0.9999999851515896,2.977340423141195e-29,1.4848406118283344e-08
2021-02-03,cautious,0.767,8.0,0.9,"{'momentum': 0.76, 'mean_reversion': 0.65, 'trend_following': 0.73, 'fundamental': 0.78}",True,0.9999993202723126,5.078010363501312e-31,6.79727642353835e-07,spike,normal,range,strong,calm,2021-02-03,robust_expansion,benign,1.0,2021-02-03,58484.33989168224,52804.809312820435,111289.14920450268,0.47448299937837957,2021-02-03,0.9999993202723126,5.078010363501312e-31,6.79727642353835e-07
2021-02-04,cautious,0.767,8.0,0.9,"{'momentum': 0.75, 'mean_reversion': 0.64, 'trend_following': 0.73, 'fundamental': 0.78}",True,0.9999999344324827,9.792453107620151e-28,6.55675395587921e-08,spike,normal,range,strong,calm,2021-02-04,robust_expansion,benign,1.0,2021-02-04,65883.34573003593,46001.893898010254,111885.23962804618,0.4111524813365909,2021-02-04,0.9999999344324827,9.792453107620151e-28,6.55675395587921e-08
2021-02-05,cautious,0.767,8.0,0.9,"{'momentum': 0.75, 'mean_reversion': 0.64, 'trend_following': 0.73, 'fundamental': 0.77}",True,0.9999999195068799,4.411685846671196e-29,8.049308134033803e-08,spike,normal,range,strong,calm,2021-02-05,robust_expansion,benign,1.0,2021-02-05,65548.20253110013,46540.3203163147,112088.52284741485,0.4152103991919819,2021-02-05,0.9999999195068799,4.411685846671196e-29,8.049308134033803e-08
2021-02-08,cautious,0.767,8.0,0.9,"{'momentum': 0.76, 'mean_reversion': 0.65, 'trend_following': 0.74, 'fundamental': 0.78}",True,0.9999995321453483,1.6548471689462144e-28,4.6785470144443406e-07,spike,normal,range,strong,calm,2021-02-08,robust_expansion,benign,1.0,2021-02-08,70659.0107023639,41719.2883605957,112378.2990629596,0.3712397207331159,2021-02-08,0.9999995321453483,1.6548471689462144e-28,4.6785470144443406e-07
2021-02-09,cautious,0.767,8.0,0.9,"{'momentum': 0.76, 'mean_reversion': 0.65, 'trend_following': 0.74, 'fundamental': 0.78}",True,0.9999999696697164,1.1856326461995712e-27,3.033024696120345e-08,spike,normal,range,strong,calm,2021-02-09,robust_expansion,benign,1.0,2021-02-09,69635.05336259691,42759.65670776367,112394.71007036058,0.38044189696290476,2021-02-09,0.9999999696697164,1.1856326461995712e-27,3.033024696120345e-08
2021-02-10,cautious,0.793,12.0,0.934,"{'momentum': 0.73, 'mean_reversion': 0.91, 'trend_following': 0.72, 'fundamental': 0.98}",True,0.9999999617964485,5.7975571841233465e-28,3.820354971692273e-08,elevated,normal,range,strong,calm,2021-02-10,emerging_expansion,benign,1.0,2021-02-10,73535.07652679978,38891.28830718994,112426.36483398972,0.34592676161519,2021-02-10,0.9999999617964485,5.7975571841233465e-28,3.820354971692273e-08
2021-02-11,cautious,0.397,12.0,0.934,"{'momentum': 0.73, 'mean_reversion': 0.91, 'trend_following': 0.72, 'fundamental': 0.97}",True,0.9999999974384082,2.4674569295080683e-29,2.5616236142732157e-09,elevated,normal,range,strong,calm,2021-02-11,emerging_expansion,benign,1.0,2021-02-11,24218.29036664027,87567.47785186768,111785.76821850796,0.7833508616293559,2021-02-11,0.9999999974384082,2.4674569295080683e-29,2.5616236142732157e-09
2021-02-12,cautious,0.397,12.0,0.934,"{'momentum': 0.74, 'mean_reversion': 0.91, 'trend_following': 0.72, 'fundamental': 0.98}",True,0.999999999505917,4.615997742907215e-32,4.940297075772223e-10,elevated,normal,range,strong,calm,2021-02-12,emerging_expansion,benign,1.0,2021-02-12,25051.760172007605,87228.62594223022,112280.38611423784,0.7768821337457896,2021-02-12,0.999999999505917,4.615997742907215e-32,4.940297075772223e-10
2021-02-16,cautious,0.397,12.0,0.934,"{'momentum': 0.74, 'mean_reversion': 0.91, 'trend_following': 0.73, 'fundamental': 0.98}",True,0.999999999769102,8.402505402200197e-35,2.309162303051677e-10,elevated,normal,range,strong,calm,2021-02-16,emerging_expansion,benign,1.0,2021-02-16,26012.781480697005,86257.52177429199,112270.303254989,0.7683022070260501,2021-02-16,0.999999999769102,8.402505402200197e-35,2.309162303051677e-10
2021-02-17,cautious,0.397,12.0,0.934,"{'momentum': 0.74, 'mean_reversion': 0.91, 'trend_following': 0.72, 'fundamental': 0.98}",True,0.9999999999656666,1.5346851615633127e-34,3.435516317007485e-11,elevated,normal,range,strong,calm,2021-02-17,emerging_expansion,benign,1.0,2021-02-17,32537.14547550653,79709.49855232239,112246.64402782892,0.7101281222497867,2021-02-17,0.9999999999656666,1.5346851615633127e-34,3.435516317007485e-11
2021-02-18,cautious,0.397,12.0,0.934,"{'momentum': 0.74, 'mean_reversion': 0.91, 'trend_following': 0.72, 'fundamental': 0.98}",True,0.9999999979951326,2.4393599071181476e-35,2.004885163297022e-09,elevated,normal,range,strong,calm,2021-02-18,emerging_expansion,benign,1.0,2021-02-18,39085.23752820942,72640.33960723877,111725.5771354482,0.6501675038937123,2021-02-18,0.9999999979951326,2.4393599071181476e-35,2.004885163297022e-09
2021-02-19,cautious,0.397,12.0,0.934,"{'momentum': 0.74, 'mean_reversion': 0.91, 'trend_following': 0.72, 'fundamental': 0.98}",True,0.9999999996998667,2.9527465430513903e-35,3.001275703010957e-10,elevated,normal,range,strong,calm,2021-02-19,emerging_expansion,benign,1.0,2021-02-19,39085.23752820942,72841.80030059814,111927.03782880756,0.6507971774613539,2021-02-19,0.9999999996998667,2.9527465430513903e-35,3.001275703010957e-10
2021-02-22,cautious,0.397,12.0,0.934,"{'momentum': 0.74, 'mean_reversion': 0.91, 'trend_following': 0.73, 'fundamental': 0.98}",True,0.9999999985672048,2.556248518075634e-36,1.4328265319059395e-09,elevated,normal,range,strong,calm,2021-02-22,emerging_expansion,benign,1.0,2021-02-22,59155.835163223,52570.19009780884,111726.02526103184,0.4705277035944501,2021-02-22,0.9999999985672048,2.556248518075634e-36,1.4328265319059395e-09
2021-02-23,cautious,0.397,12.0,0.934,"{'momentum': 0.73, 'mean_reversion': 0.91, 'trend_following': 0.72, 'fundamental': 0.97}",True,0.9999999829503851,1.748950023671914e-36,1.7049643018190108e-08,elevated,normal,range,strong,calm,2021-02-23,emerging_expansion,benign,1.0,2021-02-23,72744.17980173837,38437.576961517334,111181.7567632557,0.34571838114920406,2021-02-23,0.9999999829503851,1.748950023671914e-36,1.7049643018190108e-08
2021-02-24,cautious,0.397,12.0,0.934,"{'momentum': 0.74, 'mean_reversion': 0.91, 'trend_following': 0.73, 'fundamental': 0.98}",True,0.9999999549212372,3.13205442032989e-36,4.5078729849782826e-08,elevated,normal,range,strong,calm,2021-02-24,emerging_expansion,benign,1.0,2021-02-24,45913.475822362925,65996.81018447876,111910.28600684168,0.5897296177086351,2021-02-24,0.9999999549212372,3.13205442032989e-36,4.5078729849782826e-08
2021-02-25,cautious,0.397,12.0,0.934,"{'momentum': 0.74, 'mean_reversion': 0.92, 'trend_following': 0.72, 'fundamental': 0.97}",True,0.9999999793304826,2.385300590334309e-37,2.0669520097120617e-08,elevated,normal,range,strong,calm,2021-02-25,emerging_expansion,benign,1.0,2021-02-25,61273.487607179886,49384.379163742065,110657.86677092194,0.4462798769289037,2021-02-25,0.9999999793304826,2.385300590334309e-37,2.0669520097120617e-08
2021-02-26,cautious,0.422,8.0,0.9,"{'momentum': 0.73, 'mean_reversion': 0.65, 'trend_following': 0.72, 'fundamental': 0.77}",True,0.9999997701452494,2.200405139238789e-34,2.298547410570076e-07,spike,normal,range,strong,calm,2021-02-26,robust_expansion,benign,1.0,2021-02-26,63851.59516244546,46400.66519737244,110252.2603598179,0.4208590830332168,2021-02-26,0.9999997701452494,2.200405139238789e-34,2.298547410570076e-07
2021-03-01,cautious,0.383,8.0,0.9,"{'momentum': 0.74, 'mean_reversion': 0.65, 'trend_following': 0.72, 'fundamental': 0.77}",True,0.9999999971840907,5.141262622420359e-34,2.815942576080823e-09,spike,normal,range,strong,calm,2021-03-01,robust_expansion,benign,1.0,2021-03-01,69449.31547288773,41802.33730316162,111251.65277604936,0.37574576431066714,2021-03-01,0.9999999971840907,5.141262622420359e-34,2.815942576080823e-09
2021-03-02,cautious,0.383,8.0,0.9,"{'momentum': 0.73, 'mean_reversion': 0.65, 'trend_following': 0.72, 'fundamental': 0.77}",True,0.9999999434485305,9.81350074674432e-36,5.655142339600734e-08,spike,normal,range,strong,calm,2021-03-02,robust_expansion,benign,1.0,2021-03-02,73808.8268394675,37225.8250541687,111034.6518936362,0.33526313109738537,2021-03-02,0.9999999434485305,9.81350074674432e-36,5.655142339600734e-08
2021-03-03,cautious,0.383,8.0,0.9,"{'momentum': 0.72, 'mean_reversion': 0.64, 'trend_following': 0.71, 'fundamental': 0.76}",True,0.9999990688442965,4.2263355722467433e-35,9.311557031681657e-07,spike,normal,range,strong,calm,2021-03-03,robust_expansion,benign,1.0,2021-03-03,70224.93192344843,40945.23639678955,111170.16832023798,0.3683113645995593,2021-03-03,0.9999990688442965,4.2263355722467433e-35,9.311557031681657e-07
2021-03-04,cautious,0.383,8.0,0.9,"{'momentum': 0.7, 'mean_reversion': 0.63, 'trend_following': 0.69, 'fundamental': 0.75}",True,0.9999986300104245,3.248083581462896e-35,1.3699895406203633e-06,spike,normal,range,strong,calm,2021-03-04,market_turmoil,benign,1.0,2021-03-04,67225.0431213914,43548.47661972046,110773.51974111186,0.3931307475062393,2021-03-04,0.9999986300104245,3.248083581462896e-35,1.3699895406203633e-06
2021-03-05,cautious,0.383,8.0,0.9,"{'momentum': 0.73, 'mean_reversion': 0.64, 'trend_following': 0.71, 'fundamental': 0.76}",True,0.9999998633316047,2.4095991377309002e-33,1.366683760956552e-07,spike,normal,range,strong,calm,2021-03-05,robust_expansion,benign,1.0,2021-03-05,74719.29067711071,36384.160861968994,111103.4515390797,0.32748002296914397,2021-03-05,0.9999998633316047,2.4095991377309002e-33,1.366683760956552e-07
2021-03-08,cautious,0.383,8.0,0.9,"{'momentum': 0.7, 'mean_reversion': 0.63, 'trend_following': 0.69, 'fundamental': 0.75}",True,0.99999887321196,1.0982848751085998e-32,1.1267880760178187e-06,spike,normal,range,strong,calm,2021-03-08,market_turmoil,benign,1.0,2021-03-08,79250.88620650742,32040.37594985962,111291.26215636704,0.28789659968850095,2021-03-08,0.99999887321196,1.0982848751085998e-32,1.1267880760178187e-06
2021-03-09,cautious,0.383,8.0,0.9,"{'momentum': 0.73, 'mean_reversion': 0.64, 'trend_following': 0.71, 'fundamental': 0.76}",True,0.9999986230015269,4.754769479115358e-31,1.3769985158915305e-06,spike,normal,range,strong,calm,2021-03-09,robust_expansion,benign,1.0,2021-03-09,82033.08818431695,29290.43404006958,111323.52222438651,0.26311091721506114,2021-03-09,0.9999986230015269,4.754769479115358e-31,1.3769985158915305e-06
2021-03-10,cautious,0.383,8.0,0.9,"{'momentum': 0.72, 'mean_reversion': 0.64, 'trend_following': 0.71, 'fundamental': 0.76}",True,0.9999977495977275,6.041085879595529e-32,2.250402229512801e-06,spike,normal,range,strong,calm,2021-03-10,robust_expansion,benign,1.0,2021-03-10,45133.2970353596,66599.15997505188,111732.45701041148,0.5960592092667041,2021-03-10,0.9999977495977275,6.041085879595529e-32,2.250402229512801e-06
2021-03-11,cautious,0.383,8.0,0.9,"{'momentum': 0.75, 'mean_reversion': 0.66, 'trend_following': 0.73, 'fundamental': 0.78}",True,0.9999726857888951,2.8944524006488833e-33,2.731421115910996e-05,spike,normal,range,strong,calm,2021-03-11,robust_expansion,benign,1.0,2021-03-11,45133.2970353596,66744.85395622253,111878.15099158214,0.596585243540935,2021-03-11,0.9999726857888951,2.8944524006488833e-33,2.731421115910996e-05
2021-03-12,cautious,0.383,8.0,0.9,"{'momentum': 0.75, 'mean_reversion': 0.66, 'trend_following': 0.73, 'fundamental': 0.78}",True,0.9999999177396182,5.73959639715603e-37,8.226035355002061e-08,spike,normal,range,strong,calm,2021-03-12,robust_expansion,benign,1.0,2021-03-12,45133.2970353596,67204.75903511047,112338.05607047008,0.5982367986940479,2021-03-12,0.9999999177396182,5.73959639715603e-37,8.226035355002061e-08
2021-03-15,cautious,0.436,12.0,0.934,"{'momentum': 0.73, 'mean_reversion': 0.91, 'trend_following': 0.72, 'fundamental': 0.97}",True,0.999999646310647,5.552467655043703e-38,3.5368937729908077e-07,elevated,normal,range,strong,calm,2021-03-15,emerging_expansion,benign,1.0,2021-03-15,45133.2970353596,67244.97232818604,112378.26936354564,0.5983805651130593,2021-03-15,0.999999646310647,5.552467655043703e-38,3.5368937729908077e-07
2021-03-16,cautious,0.397,12.0,0.934,"{'momentum': 0.75, 'mean_reversion': 0.92, 'trend_following': 0.73, 'fundamental': 0.98}",True,0.99999996389272,3.534765564501737e-38,3.610723818809551e-08,elevated,normal,range,strong,calm,2021-03-16,emerging_expansion,benign,1.0,2021-03-16,45133.2970353596,66862.00875091553,111995.30578627512,0.5970072431295543,2021-03-16,0.99999996389272,3.534765564501737e-38,3.610723818809551e-08
2021-03-17,cautious,0.397,12.0,0.934,"{'momentum': 0.73, 'mean_reversion': 0.92, 'trend_following': 0.72, 'fundamental': 0.97}",True,0.9999999779339535,7.452123208876339e-41,2.206610030068653e-08,elevated,normal,range,strong,calm,2021-03-17,emerging_expansion,benign,1.0,2021-03-17,51821.37978238424,60653.13483810425,112474.51462048848,0.5392611387811724,2021-03-17,0.9999999779339535,7.452123208876339e-41,2.206610030068653e-08
2021-03-18,cautious,0.383,8.0,0.9,"{'momentum': 0.72, 'mean_reversion': 0.64, 'trend_following': 0.71, 'fundamental': 0.76}",True,0.999999979952577,7.905825523127705e-42,2.0047468217387275e-08,spike,normal,range,strong,calm,2021-03-18,robust_expansion,benign,1.0,2021-03-18,62905.17874883546,49393.470918655396,112298.64966749086,0.43984029251381307,2021-03-18,0.999999979952577,7.905825523127705e-42,2.0047468217387275e-08
2021-03-19,cautious,0.383,8.0,0.9,"{'momentum': 0.75, 'mean_reversion': 0.66, 'trend_following': 0.73, 'fundamental': 0.78}",True,0.999999995348162,1.6532160072916557e-41,4.651834967525488e-09,spike,normal,range,strong,calm,2021-03-19,robust_expansion,benign,1.0,2021-03-19,72613.0125042134,39450.489614486694,112063.5021187001,0.3520369153973064,2021-03-19,0.999999995348162,1.6532160072916557e-41,4.651834967525488e-09
2021-03-22,cautious,0.383,8.0,0.9,"{'momentum': 0.75, 'mean_reversion': 0.66, 'trend_following': 0.73, 'fundamental': 0.78}",True,0.9999999817888466,2.5953652187910103e-41,1.8211131286259455e-08,spike,normal,range,strong,calm,2021-03-22,robust_expansion,benign,1.0,2021-03-22,80368.63381251373,31696.752502441406,112065.38631495512,0.2828415940436684,2021-03-22,0.9999999817888466,2.5953652187910103e-41,1.8211131286259455e-08
2021-03-23,benign,0.423,18.0,1.002,"{'momentum': 0.77, 'mean_reversion': 1.07, 'trend_following': 0.75, 'fundamental': 0.98}",True,0.99999987652371,2.07624234717687e-37,1.2347627576821254e-07,normal,normal,range,strong,calm,2021-03-23,robust_expansion,benign,1.0,2021-03-23,74581.31220237372,37172.0419960022,111753.35419837592,0.33262573873189755,2021-03-23,0.99999987652371,2.07624234717687e-37,1.2347627576821254e-07
2021-03-24,cautious,0.383,8.0,0.9,"{'momentum': 0.72, 'mean_reversion': 0.64, 'trend_following': 0.71, 'fundamental': 0.76}",True,0.9999998426955709,7.205468730392629e-35,1.5730440160482394e-07,spike,normal,range,strong,calm,2021-03-24,robust_expansion,benign,1.0,2021-03-24,73293.37368262348,38494.83812713623,111788.21180975973,0.34435507558387674,2021-03-24,0.9999998426955709,7.205468730392629e-35,1.5730440160482394e-07
2021-03-25,cautious,0.383,8.0,0.9,"{'momentum': 0.72, 'mean_reversion': 0.64, 'trend_following': 0.71, 'fundamental': 0.76}",True,0.9999999993508482,4.5840033865352437e-35,6.491416431715862e-10,spike,normal,range,strong,calm,2021-03-25,robust_expansion,benign,1.0,2021-03-25,76991.37510468511,34812.09278869629,111803.4678933814,0.3113686314443661,2021-03-25,0.9999999993508482,4.5840033865352437e-35,6.491416431715862e-10
2021-03-26,cautious,0.383,8.0,0.9,"{'momentum': 0.73, 'mean_reversion': 0.64, 'trend_following': 0.71, 'fundamental': 0.76}",True,0.999999997659927,4.674156853450534e-41,2.3400953433351527e-09,spike,normal,range,strong,calm,2021-03-26,robust_expansion,benign,1.0,2021-03-26,76956.6216296851,35135.34297180176,112091.96460148686,0.31345104081917124,2021-03-26,0.999999997659927,4.674156853450534e-41,2.3400953433351527e-09
2021-03-29,cautious,0.383,8.0,0.9,"{'momentum': 0.75, 'mean_reversion': 0.66, 'trend_following': 0.73, 'fundamental': 0.78}",True,0.9999999999773763,1.7503051474058592e-39,2.2626681606609924e-11,spike,normal,range,strong,calm,2021-03-29,robust_expansion,benign,1.0,2021-03-29,78980.12555409918,33021.109790802,112001.2353449012,0.2948280855038379,2021-03-29,0.9999999999773763,1.7503051474058592e-39,2.2626681606609924e-11
2021-03-30,cautious,0.383,8.0,0.9,"{'momentum': 0.73, 'mean_reversion': 0.64, 'trend_following': 0.72, 'fundamental': 0.76}",True,0.9999999999704983,7.882777677176111e-41,2.949045482495e-11,spike,normal,range,strong,calm,2021-03-30,robust_expansion,benign,1.0,2021-03-30,83194.98100703699,28730.74280166626,111925.72380870325,0.2566947241795025,2021-03-30,0.9999999999704983,7.882777677176111e-41,2.949045482495e-11
2021-03-31,cautious,0.383,8.0,0.9,"{'momentum': 0.73, 'mean_reversion': 0.64, 'trend_following': 0.72, 'fundamental': 0.76}",True,0.9999999999902798,2.9488379020930783e-40,9.696171762248763e-12,spike,normal,range,strong,calm,2021-03-31,robust_expansion,benign,1.0,2021-03-31,81303.1534316531,30590.789976119995,111893.9434077731,0.2733909364927691,2021-03-31,0.9999999999902798,2.9488379020930783e-40,9.696171762248763e-12
2021-04-01,cautious,0.383,8.0,0.9,"{'momentum': 0.76, 'mean_reversion': 0.66, 'trend_following': 0.74, 'fundamental': 0.78}",True,0.9999999999982947,2.358036510815929e-38,1.7123654133420825e-12,spike,normal,range,strong,calm,2021-04-01,robust_expansion,benign,1.0,2021-04-01,86598.90027063544,25396.65267944336,111995.5529500788,0.22676483137472192,2021-04-01,0.9999999999982947,2.358036510815929e-38,1.7123654133420825e-12
2021-04-05,cautious,0.383,8.0,0.9,"{'momentum': 0.76, 'mean_reversion': 0.66, 'trend_following': 0.74, 'fundamental': 0.78}",True,0.999999999999261,1.9693564263192478e-41,7.458787573946102e-13,spike,normal,range,strong,calm,2021-04-05,robust_expansion,benign,1.0,2021-04-05,45540.67692234409,66493.60432052612,112034.28124287022,0.5935112323020123,2021-04-05,0.999999999999261,1.9693564263192478e-41,7.458787573946102e-13
2021-04-06,cautious,0.397,12.0,0.934,"{'momentum': 0.73, 'mean_reversion': 0.91, 'trend_following': 0.72, 'fundamental': 0.97}",True,0.9999999999972715,2.3763313924245294e-40,2.7146524853954205e-12,elevated,normal,range,strong,calm,2021-04-06,emerging_expansion,benign,1.0,2021-04-06,45540.67692234409,66549.3461227417,112090.0230450858,0.5937133771127306,2021-04-06,0.9999999999972715,2.3763313924245294e-40,2.7146524853954205e-12
2021-04-07,cautious,0.397,12.0,0.934,"{'momentum': 0.74, 'mean_reversion': 0.92, 'trend_following': 0.73, 'fundamental': 0.97}",True,0.9999999999816396,1.2362079778378819e-40,1.8379727376925086e-11,elevated,normal,range,strong,calm,2021-04-07,emerging_expansion,benign,1.0,2021-04-07,47929.15585724883,64152.76393890381,112081.91979615264,0.5723738855970768,2021-04-07,0.9999999999816396,1.2362079778378819e-40,1.8379727376925086e-11
2021-04-08,cautious,0.397,12.0,0.934,"{'momentum': 0.73, 'mean_reversion': 0.92, 'trend_following': 0.72, 'fundamental': 0.97}",True,0.9999999999902798,3.737223550537725e-39,9.728445461116528e-12,elevated,normal,range,strong,calm,2021-04-08,emerging_expansion,benign,1.0,2021-04-08,47929.15585724883,64240.92754364014,112170.08340088898,0.5727099917902977,2021-04-08,0.9999999999902798,3.737223550537725e-39,9.728445461116528e-12
2021-04-09,cautious,0.397,12.0,0.934,"{'momentum': 0.75, 'mean_reversion': 0.92, 'trend_following': 0.74, 'fundamental': 0.98}",True,0.9999999999994884,4.742081493259976e-40,4.886430655811378e-13,elevated,normal,range,strong,calm,2021-04-09,emerging_expansion,benign,1.0,2021-04-09,54177.86698434806,58329.774269104,112507.64125345206,0.5184516679867224,2021-04-09,0.9999999999994884,4.742081493259976e-40,4.886430655811378e-13
2021-04-12,cautious,0.397,12.0,0.934,"{'momentum': 0.75, 'mean_reversion': 0.92, 'trend_following': 0.74, 'fundamental': 0.98}",True,0.9999999999999432,3.620453388569067e-41,5.085043277125273e-14,elevated,normal,range,strong,calm,2021-04-12,emerging_expansion,benign,1.0,2021-04-12,54177.86698434806,58357.45361709595,112535.320601444,0.5185701103014153,2021-04-12,0.9999999999999432,3.620453388569067e-41,5.085043277125273e-14
2021-04-13,cautious,0.408,12.0,0.964,"{'momentum': 0.77, 'mean_reversion': 0.91, 'trend_following': 0.75, 'fundamental': 0.98}",True,1.0,4.443438673370563e-42,1.4825103299758425e-14,elevated,low,range,strong,calm,2021-04-13,robust_expansion,benign,1.0,2021-04-13,59183.22644174008,53253.02261352539,112436.24905526548,0.4736285945233737,2021-04-13,1.0,4.443438673370563e-42,1.4825103299758425e-14
2021-04-14,cautious,0.408,12.0,0.964,"{'momentum': 0.78, 'mean_reversion': 0.91, 'trend_following': 0.75, 'fundamental': 0.99}",True,1.0,1.557210446631068e-42,1.616363753596353e-14,elevated,low,range,strong,calm,2021-04-14,robust_expansion,benign,1.0,2021-04-14,61409.14284744259,51267.46555709839,112676.60840454098,0.4549965275226749,2021-04-14,1.0,1.557210446631068e-42,1.616363753596353e-14
2021-04-15,cautious,0.408,12.0,0.964,"{'momentum': 0.78, 'mean_reversion': 0.91, 'trend_following': 0.75, 'fundamental': 0.99}",True,0.9999999999999432,2.4560736826916362e-39,6.324118119420693e-14,elevated,low,range,strong,calm,2021-04-15,robust_expansion,benign,1.0,2021-04-15,70372.06295864112,42460.835750579834,112832.89870922096,0.3763160942980351,2021-04-15,0.9999999999999432,2.4560736826916362e-39,6.324118119420693e-14
2021-04-16,cautious,0.408,12.0,0.964,"{'momentum': 0.78, 'mean_reversion': 0.91, 'trend_following': 0.75, 'fundamental': 0.99}",True,1.0,5.6274087211292794e-40,3.360491251497052e-15,elevated,low,range,strong,calm,2021-04-16,robust_expansion,benign,1.0,2021-04-16,71843.13272085054,40998.15818023682,112841.29090108736,0.3633258522022257,2021-04-16,1.0,5.6274087211292794e-40,3.360491251497052e-15
2021-04-19,cautious,0.408,12.0,0.964,"{'momentum': 0.78, 'mean_reversion': 0.91, 'trend_following': 0.75, 'fundamental': 0.98}",True,1.0,1.3159878492427714e-42,3.404323359637212e-15,elevated,low,range,strong,calm,2021-04-19,robust_expansion,benign,1.0,2021-04-19,72669.73673793727,40075.77965545654,112745.51639339382,0.35545342233941585,2021-04-19,1.0,1.3159878492427714e-42,3.404323359637212e-15
2021-04-20,cautious,0.408,12.0,0.964,"{'momentum': 0.78, 'mean_reversion': 0.91, 'trend_following': 0.75, 'fundamental': 0.98}",True,1.0,8.458645241059511e-42,1.638832519448704e-14,elevated,low,range,strong,calm,2021-04-20,robust_expansion,benign,1.0,2021-04-20,78651.79294029358,33973.80564117432,112625.5985814679,0.3016526089013353,2021-04-20,1.0,8.458645241059511e-42,1.638832519448704e-14
2021-04-21,cautious,0.408,12.0,0.964,"{'momentum': 0.77, 'mean_reversion': 0.91, 'trend_following': 0.75, 'fundamental': 0.98}",True,1.0,2.7891104437545524e-41,1.3705054338502352e-14,elevated,low,range,strong,calm,2021-04-21,robust_expansion,benign,1.0,2021-04-21,40683.48584397625,72560.95331573486,113244.43915971112,0.640746281708372,2021-04-21,1.0,2.7891104437545524e-41,1.3705054338502352e-14
2021-04-22,cautious,0.408,12.0,0.964,"{'momentum': 0.77, 'mean_reversion': 0.91, 'trend_following': 0.75, 'fundamental': 0.98}",True,0.9999999999997158,8.686391385047423e-41,2.6429186880217256e-13,elevated,low,range,strong,calm,2021-04-22,robust_expansion,benign,1.0,2021-04-22,55187.42805506382,57616.24003791809,112803.66809298193,0.510765660478577,2021-04-22,0.9999999999997158,8.686391385047423e-41,2.6429186880217256e-13
2021-04-23,cautious,0.408,12.0,0.964,"{'momentum': 0.78, 'mean_reversion': 0.9, 'trend_following': 0.75, 'fundamental': 0.98}",True,0.9999999999998863,1.4035175623408454e-40,1.0582813249737502e-13,elevated,low,range,strong,calm,2021-04-23,robust_expansion,benign,1.0,2021-04-23,56152.17070183186,57207.545360565186,113359.71606239706,0.5046549810434969,2021-04-23,0.9999999999998863,1.4035175623408454e-40,1.0582813249737502e-13
2021-04-26,cautious,0.408,12.0,0.964,"{'momentum': 0.78, 'mean_reversion': 0.91, 'trend_following': 0.75, 'fundamental': 0.99}",True,1.0,9.3695819091562e-41,1.4601849151636365e-14,elevated,low,range,strong,calm,2021-04-26,robust_expansion,benign,1.0,2021-04-26,63944.26933792719,49587.537284851074,113531.80662277828,0.4367722029616866,2021-04-26,1.0,9.3695819091562e-41,1.4601849151636365e-14
2021-04-27,cautious,0.408,12.0,0.964,"{'momentum': 0.79, 'mean_reversion': 0.91, 'trend_following': 0.76, 'fundamental': 0.99}",True,1.0,1.0516499497070468e-42,4.546997520017468e-15,elevated,low,range,strong,calm,2021-04-27,robust_expansion,benign,1.0,2021-04-27,65343.49621126684,48256.6775932312,113600.17380449804,0.42479404720171704,2021-04-27,1.0,1.0516499497070468e-42,4.546997520017468e-15
2021-04-28,cautious,0.449,12.0,0.964,"{'momentum': 0.79, 'mean_reversion': 0.91, 'trend_following': 0.76, 'fundamental': 0.99}",True,1.0,3.5762385479619077e-44,1.4343216811851457e-15,elevated,low,range,strong,calm,2021-04-28,robust_expansion,benign,1.0,2021-04-28,72597.86134427223,41086.946811676025,113684.80815594824,0.3614110581540025,2021-04-28,1.0,3.5762385479619077e-44,1.4343216811851457e-15
2021-04-29,benign,0.584,18.0,1.166,"{'momentum': 1.18, 'mean_reversion': 0.92, 'trend_following': 1.18, 'fundamental': 1.01}",True,1.0,7.133772270683777e-45,3.04824251025188e-16,normal,low,bull,strong,calm,2021-04-29,robust_expansion,benign,1.0,2021-04-29,72089.09437745673,41733.3327331543,113822.42711061102,0.3666529856422622,2021-04-29,1.0,7.133772270683777e-45,3.04824251025188e-16
2021-04-30,benign,0.487,18.0,1.166,"{'momentum': 1.18, 'mean_reversion': 0.91, 'trend_following': 1.18, 'fundamental': 1.01}",True,0.9999999999999432,1.3531774190713061e-45,4.418110077057724e-14,normal,low,bull,strong,calm,2021-04-30,robust_expansion,benign,1.0,2021-04-30,66974.66871497092,46700.23960494995,113674.90831992088,0.410822760230597,2021-04-30,0.9999999999999432,1.3531774190713061e-45,4.418110077057724e-14
2021-05-03,benign,0.487,18.0,1.166,"{'momentum': 1.18, 'mean_reversion': 0.91, 'trend_following': 1.18, 'fundamental': 1.01}",True,1.0,2.5960489628663817e-43,6.3518715484964565e-15,normal,low,bull,strong,calm,2021-05-03,robust_expansion,benign,1.0,2021-05-03,76142.53938817894,37611.39839935303,113753.93778753196,0.33063821025346024,2021-05-03,1.0,2.5960489628663817e-43,6.3518715484964565e-15
2021-05-04,benign,0.461,12.0,1.099,"{'momentum': 1.14, 'mean_reversion': 0.91, 'trend_following': 1.16, 'fundamental': 0.99}",True,1.0,3.403812603413807e-43,1.6628938083900516e-14,elevated,low,bull,strong,calm,2021-05-04,robust_expansion,benign,1.0,2021-05-04,56831.37031566678,56558.19276046753,113389.5630761343,0.4987954025582768,2021-05-04,1.0,3.403812603413807e-43,1.6628938083900516e-14
2021-05-05,benign,0.461,12.0,1.099,"{'momentum': 1.14, 'mean_reversion': 0.91, 'trend_following': 1.16, 'fundamental': 0.99}",True,1.0,3.0420841134134246e-42,1.1664069390584994e-14,elevated,low,bull,strong,calm,2021-05-05,robust_expansion,benign,1.0,2021-05-05,58299.982204666936,55256.026023864746,113556.00822853167,0.486597115254896,2021-05-05,1.0,3.0420841134134246e-42,1.1664069390584994e-14
2021-05-06,benign,0.461,12.0,1.099,"{'momentum': 1.13, 'mean_reversion': 0.91, 'trend_following': 1.15, 'fundamental': 0.99}",True,1.0,5.304750917661417e-43,2.2924455108343e-14,elevated,low,bull,strong,calm,2021-05-06,robust_expansion,benign,1.0,2021-05-06,64063.19836697674,49907.36223220825,113970.560599185,0.43789696189811617,2021-05-06,1.0,5.304750917661417e-43,2.2924455108343e-14
2021-05-07,benign,0.461,12.0,1.099,"{'momentum': 1.14, 'mean_reversion': 0.91, 'trend_following': 1.16, 'fundamental': 0.99}",True,1.0,3.8101652936820777e-44,1.3520062476653794e-14,elevated,low,bull,strong,calm,2021-05-07,robust_expansion,benign,1.0,2021-05-07,65681.61730574151,48388.39307022095,114070.01037596246,0.42419907660863726,2021-05-07,1.0,3.8101652936820777e-44,1.3520062476653794e-14
2021-05-10,benign,0.461,12.0,1.099,"{'momentum': 1.13, 'mean_reversion': 0.91, 'trend_following': 1.15, 'fundamental': 0.99}",True,0.9999999999999432,2.1087452056249907e-44,6.724484020697325e-14,elevated,low,bull,strong,calm,2021-05-10,emerging_expansion,benign,1.0,2021-05-10,64874.377195881134,49000.63688278198,113875.01407866312,0.4303019172312294,2021-05-10,0.9999999999999432,2.1087452056249907e-44,6.724484020697325e-14
2021-05-11,benign,0.461,12.0,1.099,"{'momentum': 1.12, 'mean_reversion': 0.91, 'trend_following': 1.14, 'fundamental': 0.99}",True,0.9999999999867555,1.533363006052169e-43,1.3232572536389794e-11,elevated,low,bull,strong,calm,2021-05-11,emerging_expansion,benign,1.0,2021-05-11,76269.32319723532,37262.59468841553,113531.91788565084,0.32821250078719144,2021-05-11,0.9999999999867555,1.533363006052169e-43,1.3232572536389794e-11
2021-05-12,benign,0.461,12.0,1.099,"{'momentum': 1.11, 'mean_reversion': 0.91, 'trend_following': 1.14, 'fundamental': 0.98}",True,0.9999999800915023,5.773992132598146e-42,1.9908481195403298e-08,elevated,low,bull,strong,calm,2021-05-12,emerging_expansion,benign,1.0,2021-05-12,87731.3230018507,25773.64469909668,113504.96770094738,0.22707063154277746,2021-05-12,0.9999999800915023,5.773992132598146e-42,1.9908481195403298e-08
2021-05-13,cautious,0.397,12.0,0.934,"{'momentum': 1.06, 'mean_reversion': 0.91, 'trend_following': 1.11, 'fundamental': 0.96}",True,0.9999999991592858,2.4873882803080334e-38,8.407074931782428e-10,elevated,normal,bull,strong,stressed,2021-05-13,emerging_expansion,benign,1.0,2021-05-13,38875.55502825252,75042.38730239868,113917.9423306512,0.6587407195662407,2021-05-13,0.9999999991592858,2.4873882803080334e-38,8.407074931782428e-10
2021-05-14,cautious,0.344,12.0,0.799,"{'momentum': 0.7, 'mean_reversion': 0.91, 'trend_following': 0.7, 'fundamental': 0.96}",True,0.9999999998577778,2.4072608814122203e-40,1.4222097978561332e-10,elevated,normal,range,strong,stressed,2021-05-14,cautious_decline,benign,1.0,2021-05-14,50817.00450283427,63857.79001235962,114674.79451519388,0.5568598599398298,2021-05-14,0.9999999998577778,2.4072608814122203e-40,1.4222097978561332e-10
2021-05-17,cautious,0.344,12.0,0.799,"{'momentum': 0.7, 'mean_reversion': 0.91, 'trend_following': 0.7, 'fundamental': 0.96}",True,0.9999999999623128,3.192205681166477e-41,3.769953880141675e-11,elevated,normal,range,strong,stressed,2021-05-17,cautious_decline,benign,1.0,2021-05-17,63143.48734011583,51507.810962677,114651.29830279284,0.4492562380466502,2021-05-17,0.9999999999623128,3.192205681166477e-41,3.769953880141675e-11
2021-05-18,cautious,0.344,12.0,0.799,"{'momentum': 0.7, 'mean_reversion': 0.91, 'trend_following': 0.7, 'fundamental': 0.96}",True,0.9999999999610054,8.353914551222045e-42,3.901105256683263e-11,elevated,normal,range,strong,stressed,2021-05-18,cautious_decline,benign,1.0,2021-05-18,63143.48734011583,51343.05197906494,114486.53931918077,0.4484636559405815,2021-05-18,0.9999999999610054,8.353914551222045e-42,3.901105256683263e-11
2021-05-19,cautious,0.344,12.0,0.799,"{'momentum': 0.72, 'mean_reversion': 0.91, 'trend_following': 0.71, 'fundamental': 0.96}",True,0.9999999999712372,2.571124843769284e-42,2.8790915131420494e-11,elevated,normal,range,strong,stressed,2021-05-19,emerging_expansion,benign,1.0,2021-05-19,72019.85060802558,42179.55360412598,114199.40421215157,0.3693500320349114,2021-05-19,0.9999999999712372,2.571124843769284e-42,2.8790915131420494e-11
2021-05-20,cautious,0.373,12.0,0.875,"{'momentum': 0.72, 'mean_reversion': 0.92, 'trend_following': 0.72, 'fundamental': 0.97}",True,0.9999999999752163,1.4445556749560456e-41,2.476468554824124e-11,elevated,normal,range,strong,cautious,2021-05-20,emerging_expansion,benign,1.0,2021-05-20,72019.85060802558,42434.82057952881,114454.67118755438,0.37075656361802645,2021-05-20,0.9999999999752163,1.4445556749560456e-41,2.476468554824124e-11
2021-05-21,cautious,0.373,12.0,0.875,"{'momentum': 0.72, 'mean_reversion': 0.93, 'trend_following': 0.72, 'fundamental': 0.97}",True,0.999999999990564,2.3106033956478783e-41,9.416755786755106e-12,elevated,normal,range,strong,cautious,2021-05-21,emerging_expansion,benign,1.0,2021-05-21,74276.74663086685,40110.39254760742,114387.13917847427,0.3506547399968153,2021-05-21,0.999999999990564,2.3106033956478783e-41,9.416755786755106e-12
2021-05-24,cautious,0.397,12.0,0.934,"{'momentum': 0.75, 'mean_reversion': 0.92, 'trend_following': 0.73, 'fundamental': 0.98}",True,0.9999999999928377,2.1001862298056567e-42,7.148170853317727e-12,elevated,normal,range,strong,calm,2021-05-24,emerging_expansion,benign,1.0,2021-05-24,70804.69319485035,43732.192306518555,114536.8855013689,0.3818175438862958,2021-05-24,0.9999999999928377,2.1001862298056567e-42,7.148170853317727e-12
2021-05-25,cautious,0.397,12.0,0.934,"{'momentum': 0.75, 'mean_reversion': 0.92, 'trend_following': 0.74, 'fundamental': 0.98}",True,0.9999999999902229,5.0812258942615075e-40,9.801621664917782e-12,elevated,normal,range,strong,calm,2021-05-25,emerging_expansion,benign,1.0,2021-05-25,67894.99357667091,46523.297370910645,114418.29094758155,0.40660716906027167,2021-05-25,0.9999999999902229,5.0812258942615075e-40,9.801621664917782e-12
2021-05-26,cautious,0.397,12.0,0.934,"{'momentum': 0.76, 'mean_reversion': 0.92, 'trend_following': 0.74, 'fundamental': 0.98}",True,0.9999999999975557,1.359137454849099e-41,2.4684706032534894e-12,elevated,normal,range,strong,calm,2021-05-26,emerging_expansion,benign,1.0,2021-05-26,70745.28520716485,43569.91303253174,114315.1982396966,0.3811384111951077,2021-05-26,0.9999999999975557,1.359137454849099e-41,2.4684706032534894e-12
2021-05-27,cautious,0.397,12.0,0.934,"{'momentum': 0.76, 'mean_reversion': 0.92, 'trend_following': 0.74, 'fundamental': 0.98}",True,0.9999999999989768,2.908125041068649e-44,1.00267664214735e-12,elevated,normal,range,strong,calm,2021-05-27,emerging_expansion,benign,1.0,2021-05-27,75810.47194448579,38389.226150512695,114199.69809499849,0.33615873588893486,2021-05-27,0.9999999999989768,2.908125041068649e-44,1.00267664214735e-12
2021-05-28,cautious,0.397,12.0,0.934,"{'momentum': 0.76, 'mean_reversion': 0.92, 'trend_following': 0.74, 'fundamental': 0.98}",True,0.9999999999989768,8.316421515234801e-44,1.0316606472588053e-12,elevated,normal,range,strong,calm,2021-05-28,emerging_expansion,benign,1.0,2021-05-28,75495.22036290272,38735.89803695679,114231.11839985952,0.3391011011672317,2021-05-28,0.9999999999989768,8.316421515234801e-44,1.0316606472588053e-12
2021-06-01,cautious,0.397,12.0,0.934,"{'momentum': 0.76, 'mean_reversion': 0.92, 'trend_following': 0.74, 'fundamental': 0.98}",True,0.9999999999986926,5.098226813424328e-44,1.299013096032409e-12,elevated,normal,range,strong,calm,2021-06-01,emerging_expansion,benign,1.0,2021-06-01,74237.59884038432,40002.75899887085,114240.35783925516,0.35016311009072437,2021-06-01,0.9999999999986926,5.098226813424328e-44,1.299013096032409e-12
2021-06-02,benign,0.449,12.0,1.069,"{'momentum': 1.13, 'mean_reversion': 0.92, 'trend_following': 1.15, 'fundamental': 0.99}",True,0.9999999999266151,6.969473630393352e-44,7.338135293179601e-11,elevated,normal,bull,strong,calm,2021-06-02,emerging_expansion,benign,1.0,2021-06-02,76779.3817043961,37581.9762172699,114361.357921666,0.32862478113465904,2021-06-02,0.9999999999266151,6.969473630393352e-44,7.338135293179601e-11
2021-06-03,benign,0.449,12.0,1.069,"{'momentum': 1.12, 'mean_reversion': 0.92, 'trend_following': 1.15, 'fundamental': 0.99}",True,0.9999999997991722,4.952157336864071e-42,2.008307075046385e-10,elevated,normal,bull,strong,calm,2021-06-03,emerging_expansion,benign,1.0,2021-06-03,75031.07851471286,39318.6178150177,114349.69632973056,0.34384540647699985,2021-06-03,0.9999999997991722,4.952157336864071e-42,2.008307075046385e-10
2021-06-04,benign,0.449,12.0,1.069,"{'momentum': 1.12, 'mean_reversion': 0.92, 'trend_following': 1.15, 'fundamental': 0.99}",True,0.9999999999993179,7.391103968277208e-42,6.865497250679677e-13,elevated,normal,bull,strong,calm,2021-06-04,emerging_expansion,benign,1.0,2021-06-04,72584.7266483742,41903.22422790527,114487.95087627949,0.3660055395103339,2021-06-04,0.9999999999993179,7.391103968277208e-42,6.865497250679677e-13
2021-06-07,benign,0.461,12.0,1.099,"{'momentum': 1.14, 'mean_reversion': 0.91, 'trend_following': 1.16, 'fundamental': 0.99}",True,0.9999999999959073,6.428283736136946e-44,4.091117515109155e-12,elevated,low,bull,strong,calm,2021-06-07,robust_expansion,benign,1.0,2021-06-07,77053.31623415406,37510.56251525879,114563.87874941283,0.32742050046425336,2021-06-07,0.9999999999959073,6.428283736136946e-44,4.091117515109155e-12
2021-06-08,benign,0.461,12.0,1.099,"{'momentum': 1.15, 'mean_reversion': 0.91, 'trend_following': 1.16, 'fundamental': 1.0}",True,0.9999999999994316,1.7434472411174287e-41,5.703150779266453e-13,elevated,low,bull,strong,calm,2021-06-08,robust_expansion,benign,1.0,2021-06-08,90031.39433456221,24441.702701568604,114473.0970361308,0.21351481993934474,2021-06-08,0.9999999999994316,1.7434472411174287e-41,5.703150779266453e-13
2021-06-09,benign,0.461,12.0,1.099,"{'momentum': 1.14, 'mean_reversion': 0.91, 'trend_following': 1.16, 'fundamental': 0.99}",True,0.9999999999987494,5.777411541370373e-40,1.2393645210168382e-12,elevated,low,bull,strong,calm,2021-06-09,robust_expansion,benign,1.0,2021-06-09,37236.675122166955,77190.79184150696,114427.46696367393,0.6745827194270752,2021-06-09,0.9999999999987494,5.777411541370373e-40,1.2393645210168382e-12
2021-06-10,benign,0.461,12.0,1.099,"{'momentum': 1.15, 'mean_reversion': 0.91, 'trend_following': 1.16, 'fundamental': 1.0}",True,0.9999999999997158,3.898541376042497e-38,2.699471482722791e-13,elevated,low,bull,strong,calm,2021-06-10,robust_expansion,benign,1.0,2021-06-10,43147.66566617464,71375.46955299377,114523.1352191684,0.6232406178576855,2021-06-10,0.9999999999997158,3.898541376042497e-38,2.699471482722791e-13
2021-06-11,benign,0.461,12.0,1.099,"{'momentum': 1.15, 'mean_reversion': 0.91, 'trend_following': 1.16, 'fundamental': 1.0}",True,0.9999999999997726,6.956340901569824e-39,2.2521855273665884e-13,elevated,low,bull,strong,calm,2021-06-11,robust_expansion,benign,1.0,2021-06-11,52544.633193936366,62023.46680831909,114568.10000225548,0.5413676826891434,2021-06-11,0.9999999999997726,6.956340901569824e-39,2.2521855273665884e-13
2021-06-14,benign,0.461,12.0,1.099,"{'momentum': 1.15, 'mean_reversion': 0.91, 'trend_following': 1.16, 'fundamental': 1.0}",True,0.9999999999999432,4.3464127434053484e-40,4.126267464855688e-14,elevated,low,bull,strong,calm,2021-06-14,robust_expansion,benign,1.0,2021-06-14,66220.05121029292,48271.77320289612,114491.82441318904,0.4216176434457742,2021-06-14,0.9999999999999432,4.3464127434053484e-40,4.126267464855688e-14
2021-06-15,benign,0.461,12.0,1.099,"{'momentum': 1.15, 'mean_reversion': 0.91, 'trend_following': 1.16, 'fundamental': 0.99}",True,0.9999999999998863,1.6822490018810593e-40,8.620234364377246e-14,elevated,low,bull,strong,calm,2021-06-15,robust_expansion,benign,1.0,2021-06-15,53866.31203555841,60470.75198554993,114337.06402110834,0.5288814480524541,2021-06-15,0.9999999999998863,1.6822490018810593e-40,8.620234364377246e-14
2021-06-16,benign,0.461,12.0,1.099,"{'momentum': 1.14, 'mean_reversion': 0.91, 'trend_following': 1.16, 'fundamental': 0.99}",True,1.0,2.4827010167382704e-41,3.204272606830253e-17,elevated,low,bull,strong,calm,2021-06-16,robust_expansion,benign,1.0,2021-06-16,71588.81733214817,42528.45428276062,114117.2716149088,0.3726732481501469,2021-06-16,1.0,2.4827010167382704e-41,3.204272606830253e-17
2021-06-17,benign,0.461,12.0,1.099,"{'momentum': 1.14, 'mean_reversion': 0.91, 'trend_following': 1.16, 'fundamental': 0.99}",True,0.9999999999998863,2.277969118076552e-41,1.0178950517419648e-13,elevated,low,bull,strong,calm,2021-06-17,robust_expansion,benign,1.0,2021-06-17,73909.04011205804,40327.8784236908,114236.91853574885,0.353019662475146,2021-06-17,0.9999999999998863,2.277969118076552e-41,1.0178950517419648e-13
2021-06-18,benign,0.461,12.0,1.099,"{'momentum': 1.14, 'mean_reversion': 0.91, 'trend_following': 1.16, 'fundamental': 0.99}",True,0.9999999999929514,1.8530202836453877e-35,7.022100239901569e-12,elevated,low,bull,strong,calm,2021-06-18,robust_expansion,benign,1.0,2021-06-18,83669.57072212303,30403.052169799805,114072.62289192285,0.26652365308199255,2021-06-18,0.9999999999929514,1.8530202836453877e-35,7.022100239901569e-12
2021-06-21,benign,0.461,12.0,1.099,"{'momentum': 1.12, 'mean_reversion': 0.91, 'trend_following': 1.15, 'fundamental': 0.99}",True,0.9999999999977831,1.0947285949303104e-34,2.198507454313858e-12,elevated,low,bull,strong,calm,2021-06-21,robust_expansion,benign,1.0,2021-06-21,83667.4475806521,30426.383993148804,114093.8315738009,0.2666786063142045,2021-06-21,0.9999999999977831,1.0947285949303104e-34,2.198507454313858e-12
2021-06-22,benign,0.507,12.0,1.099,"{'momentum': 1.12, 'mean_reversion': 0.91, 'trend_following': 1.15, 'fundamental': 0.99}",True,0.9999999999979536,1.724291275329436e-35,2.0347080928542226e-12,elevated,low,bull,strong,calm,2021-06-22,emerging_expansion,benign,1.0,2021-06-22,81562.07709151023,32604.144708633423,114166.22180014366,0.28558486209440626,2021-06-22,0.9999999999979536,1.724291275329436e-35,2.0347080928542226e-12
2021-06-23,benign,0.553,12.0,1.099,"{'momentum': 1.12, 'mean_reversion': 0.91, 'trend_following': 1.15, 'fundamental': 0.99}",True,0.9999999999997158,1.3217770124494305e-36,2.7841120721298784e-13,elevated,low,bull,strong,calm,2021-06-23,robust_expansion,benign,1.0,2021-06-23,80164.05932559603,34127.0287361145,114291.08806171051,0.2985974612271422,2021-06-23,0.9999999999997158,1.3217770124494305e-36,2.7841120721298784e-13
2021-06-24,benign,0.599,12.0,1.099,"{'momentum': 1.13, 'mean_reversion': 0.91, 'trend_following': 1.15, 'fundamental': 0.99}",True,0.9999999999992042,2.6429653885550923e-37,7.680332428820352e-13,elevated,low,bull,strong,calm,2021-06-24,robust_expansion,benign,1.0,2021-06-24,78651.63169369448,35748.09065437317,114399.72234806763,0.3124840683232393,2021-06-24,0.9999999999992042,2.6429653885550923e-37,7.680332428820352e-13
2021-06-25,benign,0.645,12.0,1.099,"{'momentum': 1.13, 'mean_reversion': 0.91, 'trend_following': 1.15, 'fundamental': 0.99}",True,0.9999999999996589,1.6535320759856878e-37,3.4479938496430303e-13,elevated,low,bull,strong,calm,2021-06-25,robust_expansion,benign,1.0,2021-06-25,78240.11054615228,36039.89922904968,114280.00977520196,0.31536485952305293,2021-06-25,0.9999999999996589,1.6535320759856878e-37,3.4479938496430303e-13
2021-06-28,benign,0.691,12.0,1.099,"{'momentum': 1.14, 'mean_reversion': 0.91, 'trend_following': 1.15, 'fundamental': 0.99}",True,1.0,8.546097574288132e-38,1.3836171353037547e-15,elevated,low,bull,strong,calm,2021-06-28,robust_expansion,benign,1.0,2021-06-28,75663.88618732824,38883.44107055664,114547.32725788488,0.33945306277654846,2021-06-28,1.0,8.546097574288132e-38,1.3836171353037547e-15
2021-06-29,benign,0.737,12.0,1.099,"{'momentum': 1.13, 'mean_reversion': 0.91, 'trend_following': 1.15, 'fundamental': 0.99}",True,1.0,1.2276151023200733e-39,6.575085633817569e-15,elevated,low,bull,strong,calm,2021-06-29,robust_expansion,benign,1.0,2021-06-29,-1939.026198117732,116158.6787815094,114219.65258339168,1.0169762922077008,2021-06-29,1.0,1.2276151023200733e-39,6.575085633817569e-15
2021-06-30,benign,0.783,12.0,1.099,"{'momentum': 1.13, 'mean_reversion': 0.91, 'trend_following': 1.15, 'fundamental': 0.99}",True,0.9999999999999432,5.290390132805804e-38,3.985516166022673e-14,elevated,low,bull,strong,calm,2021-06-30,robust_expansion,benign,1.0,2021-06-30,16646.724646615065,97362.79564094543,114009.5202875605,0.8539882932177254,2021-06-30,0.9999999999999432,5.290390132805804e-38,3.985516166022673e-14
2021-07-01,benign,0.829,12.0,1.099,"{'momentum': 1.13, 'mean_reversion': 0.91, 'trend_following': 1.15, 'fundamental': 0.99}",True,1.0,9.187105226693809e-38,5.212996172923783e-15,elevated,low,bull,strong,calm,2021-07-01,robust_expansion,benign,1.0,2021-07-01,20607.439476976713,93377.8184299469,113985.2579069236,0.8192096078441651,2021-07-01,1.0,9.187105226693809e-38,5.212996172923783e-15
2021-07-02,benign,0.875,12.0,1.099,"{'momentum': 1.13, 'mean_reversion': 0.91, 'trend_following': 1.15, 'fundamental': 0.99}",True,0.9999999999998863,5.114163231591788e-38,8.701364525021997e-14,elevated,low,bull,strong,calm,2021-07-02,robust_expansion,benign,1.0,2021-07-02,20587.860095832828,93825.93476867676,114413.7948645096,0.8200578861997081,2021-07-02,0.9999999999998863,5.114163231591788e-38,8.701364525021997e-14
2021-07-06,benign,0.921,12.0,1.099,"{'momentum': 1.12, 'mean_reversion': 0.91, 'trend_following': 1.15, 'fundamental': 0.99}",True,0.9999999999954525,1.2232281092977519e-34,4.5620995598314425e-12,elevated,low,bull,strong,calm,2021-07-06,emerging_expansion,benign,1.0,2021-07-06,18474.070529500143,96222.27794647215,114696.3484759723,0.838930613092968,2021-07-06,0.9999999999954525,1.2232281092977519e-34,4.5620995598314425e-12
2021-07-07,benign,0.921,12.0,1.099,"{'momentum': 1.12, 'mean_reversion': 0.91, 'trend_following': 1.15, 'fundamental': 0.99}",True,0.9999999998591989,5.374162344256897e-32,1.4079258678003997e-10,elevated,low,bull,strong,calm,2021-07-07,emerging_expansion,benign,1.0,2021-07-07,2062.2141902455755,112782.75192642212,114844.9661166677,0.9820434951571962,2021-07-07,0.9999999998591989,5.374162344256897e-32,1.4079258678003997e-10
2021-07-08,benign,0.921,12.0,1.099,"{'momentum': 1.12, 'mean_reversion': 0.91, 'trend_following': 1.15, 'fundamental': 0.99}",True,0.999999999876195,2.1431269648476162e-30,1.2379188869198298e-10,elevated,low,bull,strong,calm,2021-07-08,emerging_expansion,benign,1.0,2021-07-08,48189.01008492773,65980.95899581909,114169.9690807468,0.5779186902394097,2021-07-08,0.999999999876195,2.1431269648476162e-30,1.2379188869198298e-10
2021-07-09,benign,0.921,12.0,1.099,"{'momentum': 1.11, 'mean_reversion': 0.9, 'trend_following': 1.14, 'fundamental': 0.98}",True,0.9999999998274802,4.2079839416182846e-32,1.725411573371568e-10,elevated,low,bull,strong,calm,2021-07-09,emerging_expansion,benign,1.0,2021-07-09,73663.7258095361,40941.302408218384,114605.02821775449,0.35723827344144227,2021-07-09,0.9999999998274802,4.2079839416182846e-32,1.725411573371568e-10
2021-07-12,cautious,0.77,12.0,0.904,"{'momentum': 0.73, 'mean_reversion': 0.91, 'trend_following': 0.72, 'fundamental': 0.97}",True,0.9999999996499582,3.1208009425574046e-32,3.500494543912156e-10,elevated,low,range,strong,cautious,2021-07-12,emerging_expansion,benign,1.0,2021-07-12,69619.33516852326,44860.5201587677,114479.85532729096,0.39186387885025004,2021-07-12,0.9999999996499582,3.1208009425574046e-32,3.500494543912156e-10
2021-07-13,cautious,0.385,12.0,0.904,"{'momentum': 0.73, 'mean_reversion': 0.91, 'trend_following': 0.72, 'fundamental': 0.97}",True,0.9999999998046292,9.087457200578996e-32,1.9534450374983637e-10,elevated,low,range,strong,cautious,2021-07-13,emerging_expansion,benign,1.0,2021-07-13,77080.95588950055,37131.8610458374,114212.81693533796,0.3251111568928359,2021-07-13,0.9999999998046292,9.087457200578996e-32,1.9534450374983637e-10
2021-07-14,cautious,0.385,12.0,0.904,"{'momentum': 0.73, 'mean_reversion': 0.91, 'trend_following': 0.72, 'fundamental': 0.97}",True,0.9999999998572093,2.270442061315599e-31,1.4281116378680112e-10,elevated,low,range,strong,cautious,2021-07-14,emerging_expansion,benign,1.0,2021-07-14,86396.35799736394,27788.725662231445,114185.0836595954,0.2433656373635827,2021-07-14,0.9999999998572093,2.270442061315599e-31,1.4281116378680112e-10
2021-07-15,cautious,0.385,12.0,0.904,"{'momentum': 0.72, 'mean_reversion': 0.91, 'trend_following': 0.72, 'fundamental': 0.97}",True,0.9999999998995008,1.9204559092489244e-29,1.0047655521369958e-10,elevated,low,range,strong,cautious,2021-07-15,emerging_expansion,benign,1.0,2021-07-15,90370.27082819532,23808.166664123535,114178.43749231884,0.20851718754449752,2021-07-15,0.9999999998995008,1.9204559092489244e-29,1.0047655521369958e-10
2021-07-16,cautious,0.408,12.0,0.964,"{'momentum': 0.75, 'mean_reversion': 0.91, 'trend_following': 0.73, 'fundamental': 0.98}",True,0.9999999986039256,1.6200311726638934e-29,1.3960751165855872e-09,elevated,low,range,strong,calm,2021-07-16,emerging_expansion,benign,1.0,2021-07-16,48018.715578915726,65774.47023963928,113793.185818555,0.5780176533990155,2021-07-16,0.9999999986039256,1.6200311726638934e-29,1.3960751165855872e-09
2021-07-19,cautious,0.408,12.0,0.964,"{'momentum': 0.73, 'mean_reversion': 0.91, 'trend_following': 0.72, 'fundamental': 0.97}",True,0.9999989022499335,1.452285770519485e-26,1.0977500941102624e-06,elevated,low,range,strong,calm,2021-07-19,emerging_expansion,benign,1.0,2021-07-19,77725.99663121327,35476.8611164093,113202.85774762258,0.313391921567054,2021-07-19,0.9999989022499335,1.452285770519485e-26,1.0977500941102624e-06
2021-07-20,cautious,0.408,12.0,0.964,"{'momentum': 0.73, 'mean_reversion': 0.91, 'trend_following': 0.72, 'fundamental': 0.97}",True,0.9999999906587504,1.183685255692048e-23,9.341270320774212e-09,elevated,low,range,strong,calm,2021-07-20,emerging_expansion,benign,1.0,2021-07-20,80194.51828965612,33168.4017829895,113362.92007264562,0.2925859863325187,2021-07-20,0.9999999906587504,1.183685255692048e-23,9.341270320774212e-09
2021-07-21,cautious,0.344,12.0,0.799,"{'momentum': 0.71, 'mean_reversion': 0.91, 'trend_following': 0.71, 'fundamental': 0.96}",True,0.999999998633939,1.667039185182018e-27,1.3660570345114217e-09,elevated,normal,range,strong,stressed,2021-07-21,cautious_decline,benign,1.0,2021-07-21,75465.74971331909,37992.14561462402,113457.89532794312,0.3348567810535357,2021-07-21,0.999999998633939,1.667039185182018e-27,1.3660570345114217e-09
2021-07-22,cautious,0.344,12.0,0.799,"{'momentum': 0.71, 'mean_reversion': 0.91, 'trend_following': 0.71, 'fundamental': 0.96}",True,0.9999999980395842,6.61479121443099e-28,1.9604040108356413e-09,elevated,normal,range,strong,stressed,2021-07-22,cautious_decline,benign,1.0,2021-07-22,76071.48334567007,37593.89676475525,113665.38011042532,0.3307418382645004,2021-07-22,0.9999999980395842,6.61479121443099e-28,1.9604040108356413e-09
2021-07-23,cautious,0.344,12.0,0.799,"{'momentum': 0.7, 'mean_reversion': 0.91, 'trend_following': 0.7, 'fundamental': 0.96}",True,0.9999999757785648,3.662077498772303e-28,2.4221434188552037e-08,elevated,normal,range,strong,stressed,2021-07-23,cautious_decline,benign,1.0,2021-07-23,79189.47146614896,34667.40302467346,113856.87449082242,0.30448230007813776,2021-07-23,0.9999999757785648,3.662077498772303e-28,2.4221434188552037e-08
2021-07-26,cautious,0.344,12.0,0.799,"{'momentum': 0.72, 'mean_reversion': 0.91, 'trend_following': 0.71, 'fundamental': 0.96}",True,0.9999997693340372,1.5808917407214985e-25,2.3066598376658475e-07,elevated,normal,range,strong,stressed,2021-07-26,cautious_decline,benign,1.0,2021-07-26,78743.18024920426,35037.085680007935,113780.2659292122,0.3079364017465566,2021-07-26,0.9999997693340372,1.5808917407214985e-25,2.3066598376658475e-07
2021-07-27,cautious,0.397,12.0,0.934,"{'momentum': 0.76, 'mean_reversion': 0.92, 'trend_following': 0.74, 'fundamental': 0.98}",True,0.9999998715067673,9.645977884451642e-25,1.284932372183314e-07,elevated,normal,range,strong,calm,2021-07-27,emerging_expansion,benign,1.0,2021-07-27,81005.29562349005,32813.45932006836,113818.7549435584,0.28829571485244443,2021-07-27,0.9999998715067673,9.645977884451642e-25,1.284932372183314e-07
2021-07-28,cautious,0.383,8.0,0.9,"{'momentum': 0.76, 'mean_reversion': 0.66, 'trend_following': 0.74, 'fundamental': 0.78}",True,0.9999999963134769,5.189774282463929e-25,3.68650799866673e-09,spike,normal,range,strong,calm,2021-07-28,robust_expansion,benign,1.0,2021-07-28,77817.90983980185,36108.52065277099,113926.43049257284,0.31694594921171515,2021-07-28,0.9999999963134769,5.189774282463929e-25,3.68650799866673e-09
2021-07-29,cautious,0.383,8.0,0.9,"{'momentum': 0.76, 'mean_reversion': 0.66, 'trend_following': 0.74, 'fundamental': 0.78}",True,0.9999999995085318,8.966529449534248e-28,4.91466982906219e-10,spike,normal,range,strong,calm,2021-07-29,robust_expansion,benign,1.0,2021-07-29,78189.78738444454,35760.66142654419,113950.44881098872,0.3138264201649695,2021-07-29,0.9999999995085318,8.966529449534248e-28,4.91466982906219e-10
2021-07-30,cautious,0.383,8.0,0.9,"{'momentum': 0.76, 'mean_reversion': 0.66, 'trend_following': 0.74, 'fundamental': 0.78}",True,0.9999999942348836,1.3818269428516539e-28,5.76510284337058e-09,spike,normal,range,strong,calm,2021-07-30,robust_expansion,benign,1.0,2021-07-30,81028.3753362577,32801.93840789795,113830.31374415565,0.2881652288301989,2021-07-30,0.9999999942348836,1.3818269428516539e-28,5.76510284337058e-09
2021-08-02,cautious,0.383,8.0,0.9,"{'momentum': 0.76, 'mean_reversion': 0.66, 'trend_following': 0.74, 'fundamental': 0.78}",True,0.9999999728402716,4.855572819556277e-27,2.7159738957982788e-08,spike,normal,range,strong,calm,2021-08-02,robust_expansion,benign,1.0,2021-08-02,78453.01739544395,35391.3616104126,113844.37900585656,0.3108749146814876,2021-08-02,0.9999999728402716,4.855572819556277e-27,2.7159738957982788e-08
2021-08-03,cautious,0.397,12.0,0.934,"{'momentum': 0.74, 'mean_reversion': 0.92, 'trend_following': 0.73, 'fundamental': 0.98}",True,0.9999999727803018,9.407839422266855e-27,2.7219675249276744e-08,elevated,normal,range,strong,calm,2021-08-03,emerging_expansion,benign,1.0,2021-08-03,76360.84220656178,37710.65687942505,114071.49908598684,0.33058789602649863,2021-08-03,0.9999999727803018,9.407839422266855e-27,2.7219675249276744e-08
2021-08-04,cautious,0.397,12.0,0.934,"{'momentum': 0.74, 'mean_reversion': 0.92, 'trend_following': 0.73, 'fundamental': 0.98}",True,0.9999999156303296,4.9577476718019565e-27,8.436968969062179e-08,elevated,normal,range,strong,calm,2021-08-04,emerging_expansion,benign,1.0,2021-08-04,74636.77468018304,39380.34875488281,114017.12343506583,0.3453897762761083,2021-08-04,0.9999999156303296,4.9577476718019565e-27,8.436968969062179e-08
2021-08-05,cautious,0.397,12.0,0.934,"{'momentum': 0.74, 'mean_reversion': 0.92, 'trend_following': 0.73, 'fundamental': 0.98}",True,0.9999999814502305,1.6562617004973037e-26,1.8549749360072842e-08,elevated,normal,range,strong,calm,2021-08-05,emerging_expansion,benign,1.0,2021-08-05,79494.67422340663,34602.66371536255,114097.33793876918,0.3032731905974197,2021-08-05,0.9999999814502305,1.6562617004973037e-26,1.8549749360072842e-08
2021-08-06,cautious,0.397,12.0,0.934,"{'momentum': 0.76, 'mean_reversion': 0.92, 'trend_following': 0.74, 'fundamental': 0.98}",True,0.9999999920580649,5.713774475342237e-28,7.941925507683074e-09,elevated,normal,range,strong,calm,2021-08-06,emerging_expansion,benign,1.0,2021-08-06,44640.11159645964,69248.17555999756,113888.2871564572,0.6080359735752804,2021-08-06,0.9999999920580649,5.713774475342237e-28,7.941925507683074e-09
2021-08-09,cautious,0.397,12.0,0.934,"{'momentum': 0.76, 'mean_reversion': 0.92, 'trend_following': 0.74, 'fundamental': 0.98}",True,0.9999999918700269,1.0148470853153035e-27,8.129950646986693e-09,elevated,normal,range,strong,calm,2021-08-09,emerging_expansion,benign,1.0,2021-08-09,47089.72985096762,66703.9481010437,113793.67795201132,0.5861832511396096,2021-08-09,0.9999999918700269,1.0148470853153035e-27,8.129950646986693e-09
2021-08-10,cautious,0.395,8.0,0.93,"{'momentum': 0.79, 'mean_reversion': 0.64, 'trend_following': 0.75, 'fundamental': 0.78}",True,0.9999999972008595,6.8035447993800185e-28,2.799127816215457e-09,spike,low,range,strong,calm,2021-08-10,robust_expansion,benign,1.0,2021-08-10,48330.91146068256,65289.56852722168,113620.47998790424,0.5746285223770595,2021-08-10,0.9999999972008595,6.8035447993800185e-28,2.799127816215457e-09
2021-08-11,benign,0.448,8.0,1.065,"{'momentum': 1.16, 'mean_reversion': 0.64, 'trend_following': 1.17, 'fundamental': 0.8}",True,0.9999999965216944,1.1336018282372903e-29,3.4782970633360653e-09,spike,low,bull,strong,calm,2021-08-11,robust_expansion,benign,1.0,2021-08-11,71126.88743812297,42432.16626739502,113559.053705518,0.373657272430522,2021-08-11,0.9999999965216944,1.1336018282372903e-29,3.4782970633360653e-09
2021-08-12,benign,0.448,8.0,1.065,"{'momentum': 1.17, 'mean_reversion': 0.65, 'trend_following': 1.17, 'fundamental': 0.8}",True,0.9999999969205646,5.189276646830612e-30,3.0794294989772067e-09,spike,low,bull,strong,calm,2021-08-12,robust_expansion,benign,1.0,2021-08-12,62412.249667741424,51356.086082458496,113768.33575019993,0.45140931124474365,2021-08-12,0.9999999969205646,5.189276646830612e-30,3.0794294989772067e-09
2021-08-13,benign,0.448,8.0,1.065,"{'momentum': 1.17, 'mean_reversion': 0.65, 'trend_following': 1.17, 'fundamental': 0.8}",True,0.9999999969340365,4.117546736370745e-28,3.065987606367708e-09,spike,low,bull,strong,calm,2021-08-13,robust_expansion,benign,1.0,2021-08-13,62412.249667741424,51510.17618560791,113922.42585334933,0.4521513284128641,2021-08-13,0.9999999969340365,4.117546736370745e-28,3.065987606367708e-09
2021-08-16,benign,0.448,8.0,1.065,"{'momentum': 1.17, 'mean_reversion': 0.65, 'trend_following': 1.17, 'fundamental': 0.8}",True,0.9999999957424848,2.959172660912758e-27,4.257495216958122e-09,spike,low,bull,strong,calm,2021-08-16,robust_expansion,benign,1.0,2021-08-16,77692.27322102863,36338.138233184814,114030.41145421343,0.318670587694719,2021-08-16,0.9999999957424848,2.959172660912758e-27,4.257495216958122e-09
2021-08-17,benign,0.448,8.0,1.065,"{'momentum': 1.16, 'mean_reversion': 0.64, 'trend_following': 1.17, 'fundamental': 0.8}",True,0.9999999967864142,5.788994889782808e-26,3.2135678823766175e-09,spike,low,bull,strong,calm,2021-08-17,robust_expansion,benign,1.0,2021-08-17,80741.68892352055,33074.96408843994,113816.65301196049,0.2905986357283256,2021-08-17,0.9999999967864142,5.788994889782808e-26,3.2135678823766175e-09
2021-08-18,benign,0.448,8.0,1.065,"{'momentum': 1.14, 'mean_reversion': 0.63, 'trend_following': 1.15, 'fundamental': 0.78}",True,0.999999991339223,1.916640040488645e-26,8.660775373541162e-09,spike,low,bull,strong,calm,2021-08-18,robust_expansion,benign,1.0,2021-08-18,88412.54837195663,25303.292167663574,113715.8405396202,0.22251334596473876,2021-08-18,0.999999991339223,1.916640040488645e-26,8.660775373541162e-09
2021-08-19,benign,0.424,8.0,1.006,"{'momentum': 1.12, 'mean_reversion': 0.64, 'trend_following': 1.14, 'fundamental': 0.78}",True,0.9999999654431241,1.277826864166025e-25,3.455689214090953e-08,spike,low,bull,strong,cautious,2021-08-19,robust_expansion,benign,1.0,2021-08-19,41948.75189734691,72400.12230300903,114348.87420035596,0.6331511596358476,2021-08-19,0.9999999654431241,1.277826864166025e-25,3.455689214090953e-08
2021-08-20,benign,0.424,8.0,1.006,"{'momentum': 1.12, 'mean_reversion': 0.65, 'trend_following': 1.14, 'fundamental': 0.78}",True,0.9999999979317522,3.539408904505198e-24,2.0682511147060596e-09,spike,low,bull,strong,cautious,2021-08-20,robust_expansion,benign,1.0,2021-08-20,42730.87027332672,71966.31924438477,114697.1895177115,0.6274462307838132,2021-08-20,0.9999999979317522,3.539408904505198e-24,2.0682511147060596e-09
2021-08-23,benign,0.424,8.0,1.006,"{'momentum': 1.12, 'mean_reversion': 0.65, 'trend_following': 1.15, 'fundamental': 0.78}",True,0.999999999220563,5.146900507157645e-25,7.794298029737504e-10,spike,low,bull,strong,cautious,2021-08-23,robust_expansion,benign,1.0,2021-08-23,64720.75802447836,50163.14253616333,114883.90056064168,0.4366420559483409,2021-08-23,0.999999999220563,5.146900507157645e-25,7.794298029737504e-10
2021-08-24,benign,0.424,8.0,1.006,"{'momentum': 1.13, 'mean_reversion': 0.65, 'trend_following': 1.15, 'fundamental': 0.79}",True,0.9999999984828492,9.038586481083607e-27,1.5171704867983906e-09,spike,low,bull,strong,cautious,2021-08-24,robust_expansion,benign,1.0,2021-08-24,65509.80547518806,49603.95516204834,115113.7606372364,0.43091247204031236,2021-08-24,0.9999999984828492,9.038586481083607e-27,1.5171704867983906e-09
2021-08-25,benign,0.424,8.0,1.006,"{'momentum': 1.13, 'mean_reversion': 0.65, 'trend_following': 1.15, 'fundamental': 0.78}",True,0.9999999985474801,8.038727698102456e-28,1.4525392169041492e-09,spike,low,bull,strong,cautious,2021-08-25,robust_expansion,benign,1.0,2021-08-25,70140.78803046791,45070.86725234985,115211.65528281777,0.391200587663734,2021-08-25,0.9999999985474801,8.038727698102456e-28,1.4525392169041492e-09
2021-08-26,benign,0.448,8.0,1.065,"{'momentum': 1.16, 'mean_reversion': 0.65, 'trend_following': 1.17, 'fundamental': 0.8}",True,0.9999999942853606,1.8929841493285874e-27,5.714667772270524e-09,spike,low,bull,strong,calm,2021-08-26,robust_expansion,benign,1.0,2021-08-26,76848.90851439678,38345.636211395264,115194.54472579205,0.3328771887824448,2021-08-26,0.9999999942853606,1.8929841493285874e-27,5.714667772270524e-09
2021-08-27,benign,0.448,8.0,1.065,"{'momentum': 1.14, 'mean_reversion': 0.64, 'trend_following': 1.16, 'fundamental': 0.79}",True,0.9999999986156354,2.8935937033856488e-27,1.384376581690868e-09,spike,low,bull,strong,calm,2021-08-27,robust_expansion,benign,1.0,2021-08-27,76599.4935760072,38767.33364868164,115366.82722468884,0.33603536286196245,2021-08-27,0.9999999986156354,2.8935937033856488e-27,1.384376581690868e-09
2021-08-30,benign,0.448,8.0,1.065,"{'momentum': 1.16, 'mean_reversion': 0.65, 'trend_following': 1.16, 'fundamental': 0.8}",True,0.9999999987135766,1.1011780957928065e-27,1.2864088103952155e-09,spike,low,bull,strong,calm,2021-08-30,robust_expansion,benign,1.0,2021-08-30,83425.02541982553,31795.161863327023,115220.18728315255,0.27595131211851537,2021-08-30,0.9999999987135766,1.1011780957928065e-27,1.2864088103952155e-09
2021-08-31,benign,0.448,8.0,1.065,"{'momentum': 1.15, 'mean_reversion': 0.65, 'trend_following': 1.16, 'fundamental': 0.8}",True,0.9999999986495709,4.550945611825214e-28,1.3504090729778575e-09,spike,low,bull,strong,calm,2021-08-31,robust_expansion,benign,1.0,2021-08-31,84941.05211350127,30303.371864318848,115244.42397782012,0.2629487034457391,2021-08-31,0.9999999986495709,4.550945611825214e-28,1.3504090729778575e-09
2021-09-01,benign,0.448,8.0,1.065,"{'momentum': 1.16, 'mean_reversion': 0.65, 'trend_following': 1.17, 'fundamental': 0.8}",True,0.9999999992407993,4.4731572338056243e-29,7.592166960894586e-10,spike,low,bull,strong,calm,2021-09-01,robust_expansion,benign,1.0,2021-09-01,89646.36767486561,25584.714542388916,115231.08221725452,0.22202962994092146,2021-09-01,0.9999999992407993,4.4731572338056243e-29,7.592166960894586e-10
2021-09-02,benign,0.448,8.0,1.065,"{'momentum': 1.16, 'mean_reversion': 0.65, 'trend_following': 1.17, 'fundamental': 0.8}",True,0.9999999995724238,2.342439391354438e-28,4.2755647643473855e-10,spike,low,bull,strong,calm,2021-09-02,robust_expansion,benign,1.0,2021-09-02,90004.10052591539,25242.2345123291,115246.33503824448,0.21902852272007148,2021-09-02,0.9999999995724238,2.342439391354438e-28,4.2755647643473855e-10
2021-09-03,benign,0.461,12.0,1.099,"{'momentum': 1.13, 'mean_reversion': 0.91, 'trend_following': 1.15, 'fundamental': 0.99}",True,0.9999999999020588,2.904178939573522e-29,9.793693247510339e-11,elevated,low,bull,strong,calm,2021-09-03,emerging_expansion,benign,1.0,2021-09-03,89687.0688259154,25608.234451293945,115295.30327720934,0.2221099535140906,2021-09-03,0.9999999999020588,2.904178939573522e-29,9.793693247510339e-11
2021-09-07,benign,0.461,12.0,1.099,"{'momentum': 1.13, 'mean_reversion': 0.91, 'trend_following': 1.15, 'fundamental': 0.99}",True,0.9999999998487397,2.0630674674126204e-30,1.5123990002114225e-10,elevated,low,bull,strong,calm,2021-09-07,robust_expansion,benign,1.0,2021-09-07,89148.597641611,26114.054454803467,115262.65209641447,0.22656128398780623,2021-09-07,0.9999999998487397,2.0630674674126204e-30,1.5123990002114225e-10
2021-09-08,benign,0.461,12.0,1.099,"{'momentum': 1.16, 'mean_reversion': 0.91, 'trend_following': 1.17, 'fundamental': 1.0}",True,0.9999999998843805,4.564299744712507e-29,1.1561223101702209e-10,elevated,low,bull,strong,calm,2021-09-08,robust_expansion,benign,1.0,2021-09-08,44024.69322712695,70876.40497970581,114901.09820683276,0.6168470631335623,2021-09-08,0.9999999998843805,4.564299744712507e-29,1.1561223101702209e-10
2021-09-09,benign,0.461,12.0,1.099,"{'momentum': 1.13, 'mean_reversion': 0.91, 'trend_following': 1.15, 'fundamental': 0.99}",True,0.9999999992432436,1.5530832580448567e-28,7.567705244709911e-10,elevated,low,bull,strong,calm,2021-09-09,robust_expansion,benign,1.0,2021-09-09,46585.55075141269,68200.51858139038,114786.06933280308,0.5941532711922938,2021-09-09,0.9999999992432436,1.5530832580448567e-28,7.567705244709911e-10
2021-09-10,benign,0.461,12.0,1.099,"{'momentum': 1.12, 'mean_reversion': 0.91, 'trend_following': 1.15, 'fundamental': 0.99}",True,0.9999999997776285,8.914498281218906e-29,2.2235160312606906e-10,elevated,low,bull,strong,calm,2021-09-10,robust_expansion,benign,1.0,2021-09-10,53735.50855649488,60775.313831329346,114510.82238782424,0.530738602378525,2021-09-10,0.9999999997776285,8.914498281218906e-29,2.2235160312606906e-10
2021-09-13,benign,0.461,12.0,1.099,"{'momentum': 1.16, 'mean_reversion': 0.91, 'trend_following': 1.17, 'fundamental': 1.0}",True,0.9999999997005489,4.4451419428801594e-29,2.994781107289426e-10,elevated,low,bull,strong,calm,2021-09-13,robust_expansion,benign,1.0,2021-09-13,71810.60608855201,42532.959941864014,114343.56603041604,0.37197510466439365,2021-09-13,0.9999999997005489,4.4451419428801594e-29,2.994781107289426e-10
2021-09-14,benign,0.461,12.0,1.099,"{'momentum': 1.15, 'mean_reversion': 0.91, 'trend_following': 1.16, 'fundamental': 1.0}",True,0.9999999997543227,4.7781571095746735e-28,2.4565391848516167e-10,elevated,low,bull,strong,calm,2021-09-14,robust_expansion,benign,1.0,2021-09-14,61670.101454472795,52424.92985534668,114095.03130981947,0.4594847755726483,2021-09-14,0.9999999997543227,4.7781571095746735e-28,2.4565391848516167e-10
2021-09-15,benign,0.448,8.0,1.065,"{'momentum': 1.14, 'mean_reversion': 0.64, 'trend_following': 1.15, 'fundamental': 0.79}",True,0.9999999998458975,8.045112919493658e-29,1.5409056940199175e-10,spike,low,bull,strong,calm,2021-09-15,robust_expansion,benign,1.0,2021-09-15,63743.60322691683,50833.39105796814,114576.99428488498,0.44366141191988046,2021-09-15,0.9999999998458975,8.045112919493658e-29,1.5409056940199175e-10
2021-09-16,benign,0.424,8.0,1.006,"{'momentum': 1.12, 'mean_reversion': 0.65, 'trend_following': 1.14, 'fundamental': 0.78}",True,0.9999999999937472,2.6790883226830124e-30,6.244071461244133e-12,spike,low,bull,strong,cautious,2021-09-16,emerging_expansion,benign,1.0,2021-09-16,65688.13620984621,48797.89530754089,114486.0315173871,0.42623449045074036,2021-09-16,0.9999999999937472,2.6790883226830124e-30,6.244071461244133e-12
2021-09-17,benign,0.424,8.0,1.006,"{'momentum': 1.11, 'mean_reversion': 0.65, 'trend_following': 1.13, 'fundamental': 0.78}",True,0.9999999999544684,9.626103406339198e-33,4.553274683557788e-11,spike,low,bull,strong,cautious,2021-09-17,emerging_expansion,benign,1.0,2021-09-17,78322.28250353562,35978.75548171997,114301.0379852556,0.3147719051016937,2021-09-17,0.9999999999544684,9.626103406339198e-33,4.553274683557788e-11
2021-09-20,benign,0.413,8.0,0.976,"{'momentum': 1.08, 'mean_reversion': 0.66, 'trend_following': 1.12, 'fundamental': 0.77}",True,0.9999999751283898,2.114558330156459e-30,2.4871633584699457e-08,spike,normal,bull,strong,cautious,2021-09-20,emerging_expansion,benign,1.0,2021-09-20,86860.66635511995,26979.86208152771,113840.52843664766,0.23699698562574772,2021-09-20,0.9999999751283898,2.114558330156459e-30,2.4871633584699457e-08
2021-09-21,cautious,0.383,8.0,0.9,"{'momentum': 1.05, 'mean_reversion': 0.64, 'trend_following': 1.1, 'fundamental': 0.75}",True,0.999999996472809,9.303443189270038e-29,3.5271972377934784e-09,spike,normal,bull,strong,stressed,2021-09-21,cautious_decline,benign,1.0,2021-09-21,85213.65250707045,28687.707801818848,113901.3603088893,0.2518644880449242,2021-09-21,0.999999996472809,9.303443189270038e-29,3.5271972377934784e-09
2021-09-22,cautious,0.383,8.0,0.9,"{'momentum': 1.06, 'mean_reversion': 0.64, 'trend_following': 1.1, 'fundamental': 0.76}",True,0.9999999945848117,9.973523521115297e-28,5.415204557917901e-09,spike,normal,bull,strong,stressed,2021-09-22,robust_expansion,benign,1.0,2021-09-22,84002.47470170478,30049.039749145508,114051.51445085029,0.26346901129572403,2021-09-22,0.9999999945848117,9.973523521115297e-28,5.415204557917901e-09
2021-09-23,cautious,0.331,8.0,0.765,"{'momentum': 0.69, 'mean_reversion': 0.64, 'trend_following': 0.69, 'fundamental': 0.75}",True,0.999999998719602,2.1043020608010428e-29,1.2803781477498226e-09,spike,normal,range,strong,stressed,2021-09-23,cautious_decline,benign,1.0,2021-09-23,86077.7303893823,28108.569129943848,114186.29951932614,0.24616411293008444,2021-09-23,0.999999998719602,2.1043020608010428e-29,1.2803781477498226e-09
2021-09-24,cautious,0.331,8.0,0.765,"{'momentum': 0.69, 'mean_reversion': 0.64, 'trend_following': 0.69, 'fundamental': 0.75}",True,0.9999999966486826,5.47209500901058e-31,3.351327503164598e-09,spike,normal,range,strong,stressed,2021-09-24,cautious_decline,benign,1.0,2021-09-24,85318.28623121927,28842.07335281372,114160.359584033,0.25264525670649435,2021-09-24,0.9999999966486826,5.47209500901058e-31,3.351327503164598e-09
2021-09-27,cautious,0.331,8.0,0.765,"{'momentum': 0.72, 'mean_reversion': 0.64, 'trend_following': 0.71, 'fundamental': 0.76}",True,0.9999999726319405,3.356745363811839e-30,2.7368086059102397e-08,spike,normal,range,strong,stressed,2021-09-27,robust_expansion,benign,1.0,2021-09-27,84349.06932410257,29757.736644744873,114106.80596884745,0.260788446333947,2021-09-27,0.9999999726319405,3.356745363811839e-30,2.7368086059102397e-08
2021-09-28,cautious,0.331,8.0,0.765,"{'momentum': 0.67, 'mean_reversion': 0.63, 'trend_following': 0.68, 'fundamental': 0.73}",True,0.9999992917897437,6.034240292518981e-31,7.082102730562579e-07,spike,normal,range,strong,stressed,2021-09-28,cautious_decline,benign,1.0,2021-09-28,82112.12044652272,31653.095363616943,113765.21581013966,0.2782317524579931,2021-09-28,0.9999992917897437,6.034240292518981e-31,7.082102730562579e-07
2021-09-29,cautious,0.331,8.0,0.765,"{'momentum': 0.67, 'mean_reversion': 0.63, 'trend_following': 0.68, 'fundamental': 0.74}",True,0.9999998735519933,1.7788142106351747e-29,1.2644803402422735e-07,spike,normal,range,strong,stressed,2021-09-29,cautious_decline,benign,1.0,2021-09-29,92958.26326529596,20750.0399017334,113708.30316702936,0.18248482585526823,2021-09-29,0.9999998735519933,1.7788142106351747e-29,1.2644803402422735e-07
2021-09-30,crisis,0.678,5.0,0.496,"{'momentum': 0.63, 'mean_reversion': 0.64, 'trend_following': 0.65, 'fundamental': 0.73}",True,0.9999988437530624,5.9451488954780404e-30,1.1562469640728179e-06,spike,high,range,narrow,stressed,2021-09-30,cautious_decline,benign,1.0,2021-09-30,53396.941736149056,60047.11547279358,113444.05720894264,0.5293103662732908,2021-09-30,0.9999988437530624,5.9451488954780404e-30,1.1562469640728179e-06
2021-10-01,crisis,0.678,5.0,0.496,"{'momentum': 0.61, 'mean_reversion': 0.64, 'trend_following': 0.64, 'fundamental': 0.72}",True,0.9999995596771615,1.2237493872039787e-28,4.403228662949452e-07,spike,high,range,narrow,stressed,2021-10-01,cautious_decline,benign,1.0,2021-10-01,29408.224206364604,84932.47910499573,114340.70331136032,0.7428017901351955,2021-10-01,0.9999995596771615,1.2237493872039787e-28,4.403228662949452e-07
2021-10-04,crisis,0.678,5.0,0.496,"{'momentum': 0.61, 'mean_reversion': 0.64, 'trend_following': 0.64, 'fundamental': 0.72}",True,0.9999991138175749,7.557477377650301e-29,8.861824317494748e-07,spike,high,range,narrow,stressed,2021-10-04,cautious_decline,benign,1.0,2021-10-04,29408.224206364604,83431.81673622131,112840.04094258593,0.7393813050694674,2021-10-04,0.9999991138175749,7.557477377650301e-29,8.861824317494748e-07
2021-10-05,crisis,0.678,5.0,0.496,"{'momentum': 0.62, 'mean_reversion': 0.64, 'trend_following': 0.65, 'fundamental': 0.72}",True,0.999999803820193,1.7324313502356026e-30,1.9617979924898527e-07,spike,high,range,narrow,stressed,2021-10-05,cautious_decline,benign,1.0,2021-10-05,29408.224206364604,84108.60440444946,113516.82861081406,0.740935114500168,2021-10-05,0.999999803820193,1.7324313502356026e-30,1.9617979924898527e-07
2021-10-06,stressed,0.744,7.0,0.552,"{'momentum': 0.62, 'mean_reversion': 0.9, 'trend_following': 0.65, 'fundamental': 0.93}",True,0.999999660723575,3.743088969294377e-30,3.392764296811521e-07,elevated,high,range,narrow,stressed,2021-10-06,cautious_decline,benign,1.0,2021-10-06,29408.224206364604,84822.93733787537,114231.16154423996,0.7425551503739612,2021-10-06,0.999999660723575,3.743088969294377e-30,3.392764296811521e-07
2021-10-07,stressed,0.744,7.0,0.552,"{'momentum': 0.63, 'mean_reversion': 0.91, 'trend_following': 0.66, 'fundamental': 0.94}",True,0.9999994020907448,1.770523042460258e-31,5.979092512697851e-07,elevated,high,range,narrow,stressed,2021-10-07,cautious_decline,benign,1.0,2021-10-07,33414.67391547769,81764.82790756226,115179.50182303994,0.7098904458988241,2021-10-07,0.9999994020907448,1.770523042460258e-31,5.979092512697851e-07
2021-10-08,stressed,0.876,7.0,0.665,"{'momentum': 0.64, 'mean_reversion': 0.92, 'trend_following': 0.67, 'fundamental': 0.94}",True,0.9999999000905909,2.8676478635757104e-32,9.990940720263629e-08,elevated,high,range,narrow,cautious,2021-10-08,cautious_decline,benign,1.0,2021-10-08,28049.55745580226,87218.24376487732,115267.80122067958,0.7566574779881371,2021-10-08,0.9999999000905909,2.8676478635757104e-32,9.990940720263629e-08
2021-10-11,stressed,0.876,7.0,0.665,"{'momentum': 0.64, 'mean_reversion': 0.92, 'trend_following': 0.67, 'fundamental': 0.95}",True,0.9999997655790186,6.801555822911304e-33,2.3442100646448182e-07,elevated,high,range,narrow,cautious,2021-10-11,cautious_decline,benign,1.0,2021-10-11,18098.58086463953,96547.36989593506,114645.9507605746,0.8421350187723906,2021-10-11,0.9999997655790186,6.801555822911304e-33,2.3442100646448182e-07
2021-10-12,cautious,0.327,12.0,0.754,"{'momentum': 0.68, 'mean_reversion': 0.91, 'trend_following': 0.69, 'fundamental': 0.96}",True,0.9999991111773141,9.43653674368843e-32,8.8882269870863e-07,elevated,high,range,narrow,calm,2021-10-12,emerging_expansion,benign,1.0,2021-10-12,20377.412703777027,94854.14805030824,115231.56075408524,0.8231611845710892,2021-10-12,0.9999991111773141,9.43653674368843e-32,8.8882269870863e-07
2021-10-13,cautious,0.327,12.0,0.754,"{'momentum': 0.68, 'mean_reversion': 0.91, 'trend_following': 0.69, 'fundamental': 0.96}",True,0.9999998112230237,6.471704643139756e-30,1.8877700000344004e-07,elevated,high,range,narrow,calm,2021-10-13,emerging_expansion,benign,1.0,2021-10-13,44390.77190500298,70478.10055923462,114868.8724642376,0.6135526452666864,2021-10-13,0.9999998112230237,6.471704643139756e-30,1.8877700000344004e-07
2021-10-14,cautious,0.327,12.0,0.754,"{'momentum': 0.65, 'mean_reversion': 0.91, 'trend_following': 0.67, 'fundamental': 0.95}",True,0.9999997320027564,7.484740277707733e-31,2.6799727176579446e-07,elevated,high,range,narrow,calm,2021-10-14,emerging_expansion,benign,1.0,2021-10-14,45710.616140336606,69701.20525741577,115411.82139775238,0.6039347132145094,2021-10-14,0.9999997320027564,7.484740277707733e-31,2.6799727176579446e-07
2021-10-15,stressed,0.876,7.0,0.665,"{'momentum': 0.64, 'mean_reversion': 0.92, 'trend_following': 0.67, 'fundamental': 0.94}",True,0.9999998306597179,2.867194673127547e-32,1.693402546207923e-07,elevated,high,range,narrow,cautious,2021-10-15,cautious_decline,benign,1.0,2021-10-15,52239.696024008146,63817.762466430664,116057.45849043882,0.5498807512805235,2021-10-15,0.9999998306597179,2.867194673127547e-32,1.693402546207923e-07
2021-10-18,stressed,0.876,7.0,0.665,"{'momentum': 0.64, 'mean_reversion': 0.92, 'trend_following': 0.67, 'fundamental': 0.95}",True,0.9999997353174089,1.393561672151274e-31,2.6468258421760924e-07,elevated,high,range,narrow,cautious,2021-10-18,cautious_decline,benign,1.0,2021-10-18,52239.696024008146,63613.578132629395,115853.27415663756,0.5490874435419207,2021-10-18,0.9999997353174089,1.393561672151274e-31,2.6468258421760924e-07
2021-10-19,cautious,0.344,12.0,0.799,"{'momentum': 0.7, 'mean_reversion': 0.91, 'trend_following': 0.7, 'fundamental': 0.96}",True,0.9999995582073619,7.639151713287282e-34,4.417926310753566e-07,elevated,high,range,strong,calm,2021-10-19,emerging_expansion,benign,1.0,2021-10-19,55430.6714857033,60144.29418563843,115574.96567134172,0.520392057538391,2021-10-19,0.9999995582073619,7.639151713287282e-34,4.417926310753566e-07
2021-10-20,cautious,0.344,12.0,0.799,"{'momentum': 0.71, 'mean_reversion': 0.91, 'trend_following': 0.71, 'fundamental': 0.97}",True,0.9999995015645701,2.754049335698298e-34,4.984354282974684e-07,elevated,high,range,strong,calm,2021-10-20,emerging_expansion,benign,1.0,2021-10-20,55430.6714857033,59576.687072753906,115007.3585584572,0.5180250013521667,2021-10-20,0.9999995015645701,2.754049335698298e-34,4.984354282974684e-07
2021-10-21,cautious,0.344,12.0,0.799,"{'momentum': 0.72, 'mean_reversion': 0.91, 'trend_following': 0.71, 'fundamental': 0.97}",True,0.9999999002722625,1.1314553881537661e-33,9.972775827407747e-08,elevated,high,range,strong,calm,2021-10-21,emerging_expansion,benign,1.0,2021-10-21,55430.6714857033,59688.02520751953,115118.69669322282,0.5184911480242066,2021-10-21,0.9999999002722625,1.1314553881537661e-33,9.972775827407747e-08
2021-10-22,cautious,0.344,12.0,0.799,"{'momentum': 0.72, 'mean_reversion': 0.91, 'trend_following': 0.71, 'fundamental': 0.97}",True,0.9999999111922233,1.816726522859603e-32,8.880776734790323e-08,elevated,high,range,strong,calm,2021-10-22,emerging_expansion,benign,1.0,2021-10-22,55430.6714857033,59402.14989089966,114832.82137660297,0.5172924358976236,2021-10-22,0.9999999111922233,1.816726522859603e-32,8.880776734790323e-08
2021-10-25,cautious,0.397,12.0,0.934,"{'momentum': 0.75, 'mean_reversion': 0.92, 'trend_following': 0.73, 'fundamental': 0.98}",True,0.9999997862545571,2.0481917368251658e-32,2.1374547011572624e-07,elevated,normal,range,strong,calm,2021-10-25,emerging_expansion,benign,1.0,2021-10-25,55430.6714857033,59381.3018951416,114811.9733808449,0.5172047840181859,2021-10-25,0.9999997862545571,2.0481917368251658e-32,2.1374547011572624e-07
2021-10-26,cautious,0.397,12.0,0.934,"{'momentum': 0.75, 'mean_reversion': 0.92, 'trend_following': 0.73, 'fundamental': 0.98}",True,0.9999999741340279,7.5838046816056e-30,2.586595924822827e-08,elevated,normal,range,strong,calm,2021-10-26,emerging_expansion,benign,1.0,2021-10-26,66857.4689731331,48132.84382247925,114990.31279561236,0.41858172790635134,2021-10-26,0.9999999741340279,7.5838046816056e-30,2.586595924822827e-08
2021-10-27,cautious,0.397,12.0,0.934,"{'momentum': 0.73, 'mean_reversion': 0.92, 'trend_following': 0.72, 'fundamental': 0.97}",True,0.9999996875002273,1.4513891889309915e-27,3.1249975839624847e-07,elevated,normal,range,strong,calm,2021-10-27,emerging_expansion,benign,1.0,2021-10-27,71690.18440493869,43033.3631439209,114723.54754885958,0.3751048852947424,2021-10-27,0.9999996875002273,1.4513891889309915e-27,3.1249975839624847e-07
2021-10-28,cautious,0.397,12.0,0.934,"{'momentum': 0.74, 'mean_reversion': 0.92, 'trend_following': 0.73, 'fundamental': 0.98}",True,0.9999999741943387,4.4243878697719725e-27,2.5805676269130815e-08,elevated,normal,range,strong,calm,2021-10-28,emerging_expansion,benign,1.0,2021-10-28,47042.512388761985,67883.78944015503,114926.301828917,0.5906723557607294,2021-10-28,0.9999999741943387,4.4243878697719725e-27,2.5805676269130815e-08
2021-10-29,cautious,0.397,12.0,0.934,"{'momentum': 0.74, 'mean_reversion': 0.92, 'trend_following': 0.73, 'fundamental': 0.98}",True,0.9999999729774348,7.609770095187491e-28,2.7022581152038224e-08,elevated,normal,range,strong,calm,2021-10-29,emerging_expansion,benign,1.0,2021-10-29,49101.296821974865,65806.80847740173,114908.1052993766,0.5726907454087031,2021-10-29,0.9999999729774348,7.609770095187491e-28,2.7022581152038224e-08
2021-11-01,cautious,0.397,12.0,0.934,"{'momentum': 0.74, 'mean_reversion': 0.92, 'trend_following': 0.73, 'fundamental': 0.98}",True,0.9999999971452098,9.600799854400257e-28,2.8547966094966983e-09,elevated,normal,range,strong,calm,2021-11-01,emerging_expansion,benign,1.0,2021-11-01,50349.47861550877,65197.28205490112,115546.76067040989,0.5642501933989513,2021-11-01,0.9999999971452098,9.600799854400257e-28,2.8547966094966983e-09
2021-11-02,cautious,0.397,12.0,0.934,"{'momentum': 0.74, 'mean_reversion': 0.92, 'trend_following': 0.73, 'fundamental': 0.98}",True,0.9999999967477606,6.251495353324157e-29,3.2522341911179837e-09,elevated,normal,range,strong,calm,2021-11-02,emerging_expansion,benign,1.0,2021-11-02,50349.47861550877,64960.52045631409,115309.99907182284,0.5633554850334558,2021-11-02,0.9999999967477606,6.251495353324157e-29,3.2522341911179837e-09
2021-11-03,cautious,0.397,12.0,0.934,"{'momentum': 0.74, 'mean_reversion': 0.92, 'trend_following': 0.73, 'fundamental': 0.98}",True,0.999999998710166,2.3544166532486325e-29,1.2898500183470075e-09,elevated,normal,range,strong,calm,2021-11-03,emerging_expansion,benign,1.0,2021-11-03,58055.53292396457,57325.44443702698,115380.97736099156,0.4968361834695966,2021-11-03,0.999999998710166,2.3544166532486325e-29,1.2898500183470075e-09
2021-11-04,cautious,0.397,12.0,0.934,"{'momentum': 0.74, 'mean_reversion': 0.92, 'trend_following': 0.73, 'fundamental': 0.97}",True,0.9999999999643592,1.594337738831186e-29,3.563904974020867e-11,elevated,normal,range,strong,calm,2021-11-04,emerging_expansion,benign,1.0,2021-11-04,61388.01374446869,54028.643392562866,115416.65713703157,0.46811824855069134,2021-11-04,0.9999999999643592,1.594337738831186e-29,3.563904974020867e-11
2021-11-05,cautious,0.408,12.0,0.964,"{'momentum': 0.75, 'mean_reversion': 0.91, 'trend_following': 0.73, 'fundamental': 0.98}",True,0.9999999999564579,1.5481725585816085e-29,4.351754020055216e-11,elevated,low,range,strong,calm,2021-11-05,emerging_expansion,benign,1.0,2021-11-05,77491.6018024654,38641.088455200195,116132.6902576656,0.3327322252629001,2021-11-05,0.9999999999564579,1.5481725585816085e-29,4.351754020055216e-11
2021-11-08,cautious,0.408,12.0,0.964,"{'momentum': 0.75, 'mean_reversion': 0.91, 'trend_following': 0.73, 'fundamental': 0.98}",True,0.9999999999857891,9.778627183393627e-30,1.4203352012362831e-11,elevated,low,range,strong,calm,2021-11-08,robust_expansion,benign,1.0,2021-11-08,76467.76223131623,39957.102546691895,116424.86477800812,0.34320076405396455,2021-11-08,0.9999999999857891,9.778627183393627e-30,1.4203352012362831e-11
2021-11-09,cautious,0.408,12.0,0.964,"{'momentum': 0.75, 'mean_reversion': 0.91, 'trend_following': 0.73, 'fundamental': 0.98}",True,0.9999999999363354,2.8503286642149724e-30,6.369126524332372e-11,elevated,low,range,strong,calm,2021-11-09,emerging_expansion,benign,1.0,2021-11-09,75773.45398808569,40701.089347839355,116474.54333592505,0.3494419311046626,2021-11-09,0.9999999999363354,2.8503286642149724e-30,6.369126524332372e-11
2021-11-10,cautious,0.408,12.0,0.964,"{'momentum': 0.74, 'mean_reversion': 0.91, 'trend_following': 0.72, 'fundamental': 0.97}",True,0.9999999922474103,4.263793825158309e-30,7.752606461642573e-09,elevated,low,range,strong,calm,2021-11-10,emerging_expansion,benign,1.0,2021-11-10,85027.72145889387,31107.276779174805,116134.99823806869,0.2678544560306192,2021-11-10,0.9999999922474103,4.263793825158309e-30,7.752606461642573e-09
2021-11-11,cautious,0.408,12.0,0.964,"{'momentum': 0.74, 'mean_reversion': 0.91, 'trend_following': 0.73, 'fundamental': 0.97}",True,0.999999996975987,9.795644603606472e-28,3.02399630573571e-09,elevated,low,range,strong,calm,2021-11-11,emerging_expansion,benign,1.0,2021-11-11,34059.95983842327,82041.47993659973,116101.439775023,0.7066361975835668,2021-11-11,0.999999996975987,9.795644603606472e-28,3.02399630573571e-09
2021-11-12,cautious,0.408,12.0,0.964,"{'momentum': 0.74, 'mean_reversion': 0.91, 'trend_following': 0.73, 'fundamental': 0.97}",True,0.9999999991503046,7.530504237350161e-28,8.496865023355742e-10,elevated,low,range,strong,calm,2021-11-12,emerging_expansion,benign,1.0,2021-11-12,36379.043886389045,80241.58365440369,116620.62754079272,0.6880565243600322,2021-11-12,0.9999999991503046,7.530504237350161e-28,8.496865023355742e-10
2021-11-15,cautious,0.408,12.0,0.964,"{'momentum': 0.74, 'mean_reversion': 0.91, 'trend_following': 0.73, 'fundamental': 0.97}",True,0.9999999995059738,1.658512252194191e-29,4.940532097628153e-10,elevated,low,range,strong,calm,2021-11-15,emerging_expansion,benign,1.0,2021-11-15,39423.94275746404,77193.60947799683,116617.55223546088,0.6619381730988169,2021-11-15,0.9999999995059738,1.658512252194191e-29,4.940532097628153e-10
2021-11-16,cautious,0.408,12.0,0.964,"{'momentum': 0.74, 'mean_reversion': 0.91, 'trend_following': 0.72, 'fundamental': 0.97}",True,0.9999999970584668,2.4420963013089422e-29,2.9415493620958863e-09,elevated,low,range,strong,calm,2021-11-16,emerging_expansion,benign,1.0,2021-11-16,41850.680770238585,74917.93230819702,116768.6130784356,0.6415930645495744,2021-11-16,0.9999999970584668,2.4420963013089422e-29,2.9415493620958863e-09
2021-11-17,cautious,0.408,12.0,0.964,"{'momentum': 0.76, 'mean_reversion': 0.91, 'trend_following': 0.74, 'fundamental': 0.98}",True,0.9999999999695888,1.5229450913804746e-28,3.039370021670228e-11,elevated,low,range,strong,calm,2021-11-17,robust_expansion,benign,1.0,2021-11-17,53758.36048966995,63177.2813873291,116935.64187699906,0.540273952177757,2021-11-17,0.9999999999695888,1.5229450913804746e-28,3.039370021670228e-11
2021-11-18,cautious,0.408,12.0,0.964,"{'momentum': 0.76, 'mean_reversion': 0.91, 'trend_following': 0.74, 'fundamental': 0.98}",True,0.9999999944088245,1.4291516704051363e-30,5.5911499059925745e-09,elevated,low,range,strong,calm,2021-11-18,robust_expansion,benign,1.0,2021-11-18,72253.23463225646,44585.15714645386,116838.39177871031,0.38159680621843284,2021-11-18,0.9999999944088245,1.4291516704051363e-30,5.5911499059925745e-09
2021-11-19,cautious,0.395,8.0,0.93,"{'momentum': 0.77, 'mean_reversion': 0.64, 'trend_following': 0.74, 'fundamental': 0.77}",True,0.9999999943816533,2.5111335887522317e-27,5.6183714961217475e-09,spike,low,range,strong,calm,2021-11-19,robust_expansion,benign,1.0,2021-11-19,74071.10416868147,42462.86772155762,116533.97189023907,0.3643818796595426,2021-11-19,0.9999999943816533,2.5111335887522317e-27,5.6183714961217475e-09
2021-11-22,cautious,0.395,8.0,0.93,"{'momentum': 0.75, 'mean_reversion': 0.65, 'trend_following': 0.73, 'fundamental': 0.77}",True,0.9999999670369567,4.975346170510769e-27,3.296304263088311e-08,spike,low,range,strong,calm,2021-11-22,robust_expansion,benign,1.0,2021-11-22,74092.00889898678,42347.91407775879,116439.92297674555,0.36368895646054467,2021-11-22,0.9999999670369567,4.975346170510769e-27,3.296304263088311e-08
2021-11-23,cautious,0.351,8.0,0.817,"{'momentum': 0.73, 'mean_reversion': 0.66, 'trend_following': 0.72, 'fundamental': 0.77}",True,0.9999999562795107,3.646840078138958e-27,4.372051570786429e-08,spike,low,range,narrow,calm,2021-11-23,emerging_expansion,benign,1.0,2021-11-23,85065.33126744394,31480.26008605957,116545.5913535035,0.27011111892318895,2021-11-23,0.9999999562795107,3.646840078138958e-27,4.372051570786429e-08
2021-11-24,cautious,0.353,12.0,0.822,"{'momentum': 0.72, 'mean_reversion': 0.92, 'trend_following': 0.72, 'fundamental': 0.97}",True,0.9999998884222867,1.121565834018306e-25,1.1157769699386894e-07,elevated,normal,range,narrow,calm,2021-11-24,emerging_expansion,benign,1.0,2021-11-24,85987.43131213884,30539.23722076416,116526.668532903,0.26207938152922444,2021-11-24,0.9999998884222867,1.121565834018306e-25,1.1157769699386894e-07
2021-11-26,cautious,0.353,12.0,0.82,"{'momentum': 0.7, 'mean_reversion': 0.92, 'trend_following': 0.71, 'fundamental': 0.96}",True,0.9991605340432085,5.701458109889901e-26,0.0008394659567729499,elevated,normal,range,narrow,calm,2021-11-26,emerging_expansion,benign,0.994,2021-11-26,71886.20734571881,44371.20928573608,116257.4166314549,0.3816634720724638,2021-11-26,0.9991605340432085,5.701458109889901e-26,0.0008394659567729499
2021-11-29,cautious,0.353,12.0,0.822,"{'momentum': 0.72, 'mean_reversion': 0.92, 'trend_following': 0.72, 'fundamental': 0.97}",True,0.9999936311828485,3.722793812328981e-21,6.368817160611976e-06,elevated,normal,range,narrow,calm,2021-11-29,emerging_expansion,benign,1.0,2021-11-29,71886.20734571881,44809.31540679932,116695.52275251813,0.38398487234020634,2021-11-29,0.9999936311828485,3.722793812328981e-21,6.368817160611976e-06
2021-11-30,stressed,0.901,7.0,0.645,"{'momentum': 0.65, 'mean_reversion': 0.91, 'trend_following': 0.67, 'fundamental': 0.94}",True,0.9602061828442664,2.9728669324820277e-21,0.03979381715573311,elevated,normal,range,narrow,stressed,2021-11-30,cautious_decline,benign,0.848,2021-11-30,81495.54673668428,34907.277435302734,116402.824171987,0.29988342365067266,2021-11-30,0.9602061828442664,2.9728669324820277e-21,0.03979381715573311
2021-12-01,stressed,0.901,7.0,0.684,"{'momentum': 0.66, 'mean_reversion': 0.91, 'trend_following': 0.67, 'fundamental': 0.94}",True,0.0016034444003049843,5.354628972566897e-22,0.9983965555996693,elevated,normal,range,narrow,stressed,2021-12-01,cautious_decline,crisis,0.989,2021-12-01,69442.68338670002,45884.24432373047,115326.9277104305,0.3978623660116853,2021-12-01,0.0016034444003049843,5.354628972566897e-22,0.9983965555996693
2021-12-02,stressed,0.835,7.0,0.63,"{'momentum': 0.64, 'mean_reversion': 0.9, 'trend_following': 0.67, 'fundamental': 0.93}",True,3.856492730491942e-06,5.525055712449572e-18,0.999996143507293,elevated,normal,range,deteriorating,stressed,2021-12-02,cautious_decline,crisis,1.0,2021-12-02,74488.9255289627,40951.84045410156,115440.76598306428,0.3547433188385929,2021-12-02,3.856492730491942e-06,5.525055712449572e-18,0.999996143507293
2021-12-03,stressed,0.835,7.0,0.63,"{'momentum': 0.65, 'mean_reversion': 0.9, 'trend_following': 0.67, 'fundamental': 0.93}",True,2.6074600375587755e-09,2.863648960917813e-20,0.9999999973925355,elevated,normal,range,deteriorating,stressed,2021-12-03,cautious_decline,crisis,1.0,2021-12-03,75578.45071153018,39464.38932800293,115042.84003953313,0.3430408125741807,2021-12-03,2.6074600375587755e-09,2.863648960917813e-20,0.9999999973925355
2021-12-06,stressed,0.835,7.0,0.63,"{'momentum': 0.66, 'mean_reversion': 0.9, 'trend_following': 0.68, 'fundamental': 0.93}",True,2.049386187070919e-05,1.642785758299756e-16,0.9999795061381402,elevated,normal,range,deteriorating,stressed,2021-12-06,cautious_decline,crisis,1.0,2021-12-06,68801.90302340666,46212.81478881836,115014.71781222502,0.40179914073489437,2021-12-06,2.049386187070919e-05,1.642785758299756e-16,0.9999795061381402
2021-12-07,stressed,0.718,7.0,0.529,"{'momentum': 0.61, 'mean_reversion': 0.89, 'trend_following': 0.65, 'fundamental': 0.92}",True,5.142731152754338e-05,7.23889904230465e-16,0.9999485726884487,elevated,high,range,deteriorating,stressed,2021-12-07,cautious_decline,crisis,0.999,2021-12-07,80601.95830983469,35096.4856262207,115698.4439360554,0.3033444913539023,2021-12-07,5.142731152754338e-05,7.23889904230465e-16,0.9999485726884487
2021-12-08,stressed,0.718,7.0,0.528,"{'momentum': 0.62, 'mean_reversion': 0.9, 'trend_following': 0.65, 'fundamental': 0.93}",True,0.0007425938303856498,6.698318415080579e-17,0.9992574061696154,elevated,high,range,deteriorating,stressed,2021-12-08,cautious_decline,crisis,0.994,2021-12-08,83186.266090223,32610.277046203613,115796.5431364266,0.28161701690683083,2021-12-08,0.0007425938303856498,6.698318415080579e-17,0.9992574061696154
2021-12-09,stressed,0.796,7.0,0.596,"{'momentum': 0.63, 'mean_reversion': 0.89, 'trend_following': 0.66, 'fundamental': 0.93}",True,0.0005855968934515715,1.777755573912755e-16,0.9994144031065312,elevated,high,range,strong,stressed,2021-12-09,cautious_decline,crisis,0.995,2021-12-09,82743.63016388098,32918.5265045166,115662.15666839758,0.284609309152809,2021-12-09,0.0005855968934515715,1.777755573912755e-16,0.9994144031065312
2021-12-10,stressed,0.796,7.0,0.596,"{'momentum': 0.64, 'mean_reversion': 0.9, 'trend_following': 0.67, 'fundamental': 0.94}",True,0.0006019727180256793,1.590233715824402e-17,0.999398027281991,elevated,high,range,strong,stressed,2021-12-10,cautious_decline,crisis,0.995,2021-12-10,83129.34636933255,32649.540084838867,115778.8864541714,0.28199908536659224,2021-12-10,0.0006019727180256793,1.590233715824402e-17,0.999398027281991
2021-12-13,stressed,0.929,7.0,0.71,"{'momentum': 0.66, 'mean_reversion': 0.92, 'trend_following': 0.68, 'fundamental': 0.95}",True,0.0003388002164983695,4.199454826566476e-16,0.9996611997835206,elevated,high,range,strong,cautious,2021-12-13,cautious_decline,crisis,0.997,2021-12-13,84740.39613812361,30994.82327270508,115735.2194108287,0.2678080486691078,2021-12-13,0.0003388002164983695,4.199454826566476e-16,0.9996611997835206
2021-12-14,stressed,0.811,7.0,0.609,"{'momentum': 0.64, 'mean_reversion': 0.66, 'trend_following': 0.66, 'fundamental': 0.74}",True,0.00012619263065278023,9.240334100153579e-15,0.9998738073693331,spike,high,range,narrow,cautious,2021-12-14,cautious_decline,crisis,0.999,2021-12-14,74888.83001841875,40622.82105255127,115511.65107097002,0.35167726091624063,2021-12-14,0.00012619263065278023,9.240334100153579e-15,0.9998738073693331
2021-12-15,stressed,0.811,7.0,0.608,"{'momentum': 0.63, 'mean_reversion': 0.66, 'trend_following': 0.66, 'fundamental': 0.74}",True,0.0006532192093064545,9.597736427238247e-17,0.9993467807906954,spike,high,range,narrow,cautious,2021-12-15,cautious_decline,crisis,0.995,2021-12-15,88624.72000323595,27157.38555908203,115782.105562318,0.23455598278496473,2021-12-15,0.0006532192093064545,9.597736427238247e-17,0.9993467807906954
2021-12-16,stressed,0.811,7.0,0.609,"{'momentum': 0.64, 'mean_reversion': 0.66, 'trend_following': 0.66, 'fundamental': 0.74}",True,0.00030018385409204956,2.1207842728022264e-17,0.9996998161459285,spike,high,range,narrow,cautious,2021-12-16,cautious_decline,crisis,0.998,2021-12-16,93098.2543440116,22631.306381225582,115729.56072523718,0.19555337667751438,2021-12-16,0.00030018385409204956,2.1207842728022264e-17,0.9996998161459285
2021-12-17,stressed,0.811,7.0,0.609,"{'momentum': 0.64, 'mean_reversion': 0.66, 'trend_following': 0.66, 'fundamental': 0.74}",True,2.507555428260096e-05,1.0544799310278426e-16,0.9999749244457194,spike,high,range,narrow,cautious,2021-12-17,cautious_decline,crisis,1.0,2021-12-17,11249.426239760114,103868.32754135132,115117.75378111145,0.9022789633200267,2021-12-17,2.507555428260096e-05,1.0544799310278426e-16,0.9999749244457194
2021-12-20,stressed,0.811,7.0,0.609,"{'momentum': 0.64, 'mean_reversion': 0.66, 'trend_following': 0.66, 'fundamental': 0.74}",True,3.646849621038351e-05,3.769225818061484e-17,0.9999635315037755,spike,high,range,narrow,cautious,2021-12-20,cautious_decline,crisis,1.0,2021-12-20,37413.25246661085,76787.50787353516,114200.760340146,0.6723905133803332,2021-12-20,3.646849621038351e-05,3.769225818061484e-17,0.9999635315037755
2021-12-21,stressed,0.811,7.0,0.609,"{'momentum': 0.64, 'mean_reversion': 0.66, 'trend_following': 0.66, 'fundamental': 0.74}",True,1.6343285807299993e-05,1.9575422632175016e-17,0.999983656714192,spike,high,range,narrow,cautious,2021-12-21,cautious_decline,crisis,1.0,2021-12-21,14617.002948874488,100050.54341125488,114667.54636012936,0.8725271150132772,2021-12-21,1.6343285807299993e-05,1.9575422632175016e-17,0.999983656714192
2021-12-22,crisis,0.678,5.0,0.496,"{'momentum': 0.61, 'mean_reversion': 0.63, 'trend_following': 0.64, 'fundamental': 0.72}",True,8.797463539546632e-06,7.96929746230668e-19,0.9999912025364655,spike,high,range,narrow,stressed,2021-12-22,cautious_decline,crisis,1.0,2021-12-22,14617.002948874488,100979.47354125977,115596.47649013426,0.873551483637808,2021-12-22,8.797463539546632e-06,7.96929746230668e-19,0.9999912025364655
2021-12-23,crisis,0.678,5.0,0.496,"{'momentum': 0.61, 'mean_reversion': 0.64, 'trend_following': 0.64, 'fundamental': 0.72}",True,8.016863992641631e-05,7.761502774428645e-21,0.9999198313600804,spike,high,range,narrow,stressed,2021-12-23,cautious_decline,crisis,0.999,2021-12-23,18157.73305002346,97902.18870544434,116059.9217554678,0.8435486361236667,2021-12-23,8.016863992641631e-05,7.761502774428645e-21,0.9999198313600804
2021-12-27,stressed,0.731,7.0,0.541,"{'momentum': 0.65, 'mean_reversion': 0.64, 'trend_following': 0.66, 'fundamental': 0.73}",True,0.0001075630688275462,6.2698145611550425e-21,0.9998924369311599,spike,high,range,strong,stressed,2021-12-27,market_turmoil,crisis,0.999,2021-12-27,54139.29049826902,62423.640197753906,116562.93069602292,0.5355359531972009,2021-12-27,0.0001075630688275462,6.2698145611550425e-21,0.9998924369311599
2021-12-28,stressed,0.731,7.0,0.541,"{'momentum': 0.66, 'mean_reversion': 0.63, 'trend_following': 0.67, 'fundamental': 0.74}",True,3.169015373638674e-05,3.9446551874325583e-20,0.9999683098462698,spike,high,range,strong,stressed,2021-12-28,market_turmoil,crisis,1.0,2021-12-28,56417.00669381925,60246.39616394043,116663.40285775968,0.5164121282952381,2021-12-28,3.169015373638674e-05,3.9446551874325583e-20,0.9999683098462698
2021-12-29,stressed,0.967,7.0,0.646,"{'momentum': 0.71, 'mean_reversion': 0.65, 'trend_following': 0.71, 'fundamental': 0.76}",True,0.115518415002218,1.6490084508243058e-17,0.8844815849978049,spike,high,range,strong,calm,2021-12-29,emerging_expansion,crisis,0.674,2021-12-29,59470.60832364208,57430.22303771973,116900.8313613618,0.4912730078043024,2021-12-29,0.115518415002218,1.6490084508243058e-17,0.8844815849978049
2021-12-30,stressed,0.967,7.0,0.587,"{'momentum': 0.71, 'mean_reversion': 0.65, 'trend_following': 0.71, 'fundamental': 0.76}",True,0.7362536177428877,1.3044207724593157e-18,0.26374638225710023,spike,high,range,strong,calm,2021-12-30,emerging_expansion,benign,0.475,2021-12-30,42644.53137587149,74192.54124450684,116837.07262037833,0.6350085600447202,2021-12-30,0.7362536177428877,1.3044207724593157e-18,0.26374638225710023
2021-12-31,cautious,0.34,8.0,0.775,"{'momentum': 0.73, 'mean_reversion': 0.65, 'trend_following': 0.97, 'fundamental': 0.77}",True,0.9919109154790499,1.5733202413232114e-19,0.008089084520950215,spike,high,bull,strong,calm,2021-12-31,emerging_expansion,benign,0.957,2021-12-31,27504.177159807037,89139.8854675293,116644.06262733632,0.7642042248847287,2021-12-31,0.9919109154790499,1.5733202413232114e-19,0.008089084520950215
2022-01-03,cautious,0.34,8.0,0.788,"{'momentum': 0.74, 'mean_reversion': 0.65, 'trend_following': 0.98, 'fundamental': 0.78}",True,0.9998212686668754,5.905747484086129e-23,0.00017873133314170314,spike,high,bull,strong,calm,2022-01-03,emerging_expansion,benign,0.998,2022-01-03,48852.931654362976,67284.52491760254,116137.45657196552,0.5793524923279952,2022-01-03,0.9998212686668754,5.905747484086129e-23,0.00017873133314170314
2022-01-04,cautious,0.362,12.0,0.844,"{'momentum': 0.73, 'mean_reversion': 0.91, 'trend_following': 0.97, 'fundamental': 0.98}",True,0.9999760191002774,2.474992123979165e-24,2.3980899750059198e-05,elevated,high,bull,strong,calm,2022-01-04,emerging_expansion,benign,1.0,2022-01-04,48852.931654362976,67406.51802062988,116259.44967499284,0.5797938852202298,2022-01-04,0.9999760191002774,2.474992123979165e-24,2.3980899750059198e-05
2022-01-05,cautious,0.362,12.0,0.844,"{'momentum': 0.69, 'mean_reversion': 0.9, 'trend_following': 0.94, 'fundamental': 0.96}",True,0.9998405917902503,2.887074327128472e-24,0.00015940820972620883,elevated,high,bull,strong,calm,2022-01-05,emerging_expansion,benign,0.999,2022-01-05,48852.931654362976,67864.42848205566,116717.36013641865,0.581442455541627,2022-01-05,0.9998405917902503,2.887074327128472e-24,0.00015940820972620883
2022-01-06,cautious,0.327,12.0,0.755,"{'momentum': 0.69, 'mean_reversion': 0.91, 'trend_following': 0.94, 'fundamental': 0.96}",True,0.9999128581965078,1.6201942531750347e-21,8.714180349680491e-05,elevated,high,bull,strong,cautious,2022-01-06,emerging_expansion,benign,0.999,2022-01-06,48852.931654362976,67742.65933990479,116595.59099426775,0.5810053258637821,2022-01-06,0.9999128581965078,1.6201942531750347e-21,8.714180349680491e-05
2022-01-07,cautious,0.327,12.0,0.755,"{'momentum': 0.68, 'mean_reversion': 0.91, 'trend_following': 0.94, 'fundamental': 0.96}",True,0.9998181723404689,4.859357450531559e-24,0.00018182765952379795,elevated,high,bull,strong,cautious,2022-01-07,emerging_expansion,benign,0.998,2022-01-07,48852.931654362976,67741.01100921631,116593.94266357928,0.5809994023847066,2022-01-07,0.9998181723404689,4.859357450531559e-24,0.00018182765952379795
2022-01-10,benign,0.426,12.0,1.001,"{'momentum': 1.05, 'mean_reversion': 0.92, 'trend_following': 1.1, 'fundamental': 0.96}",True,0.9966801120317603,3.0968979542479194e-23,0.0033198879682373762,elevated,normal,bull,strong,cautious,2022-01-10,emerging_expansion,benign,0.98,2022-01-10,48852.931654362976,67822.50061035156,116675.43226471452,0.5812920448966079,2022-01-10,0.9966801120317603,3.0968979542479194e-23,0.0033198879682373762
2022-01-11,cautious,0.373,12.0,0.873,"{'momentum': 0.69, 'mean_reversion': 0.92, 'trend_following': 0.7, 'fundamental': 0.96}",True,0.9995807847872025,3.4441041951265604e-22,0.00041921521281728226,elevated,normal,range,strong,cautious,2022-01-11,cautious_decline,benign,0.997,2022-01-11,71928.84485478574,44572.90515899658,116501.75001378232,0.3825942971133356,2022-01-11,0.9995807847872025,3.4441041951265604e-22,0.00041921521281728226
2022-01-12,cautious,0.373,12.0,0.874,"{'momentum': 0.69, 'mean_reversion': 0.92, 'trend_following': 0.7, 'fundamental': 0.96}",True,0.9998969658878415,3.0370150400878964e-23,0.00010303411215700542,elevated,normal,range,strong,cautious,2022-01-12,emerging_expansion,benign,0.999,2022-01-12,71928.84485478574,44628.56414794922,116557.40900273496,0.38288912330662767,2022-01-12,0.9998969658878415,3.0370150400878964e-23,0.00010303411215700542
2022-01-13,cautious,0.397,12.0,0.934,"{'momentum': 0.72, 'mean_reversion': 0.91, 'trend_following': 0.72, 'fundamental': 0.97}",True,0.9999181148366237,6.834174940263954e-22,8.188516338922939e-05,elevated,normal,range,strong,calm,2022-01-13,emerging_expansion,benign,0.999,2022-01-13,95335.29879382192,20750.0399017334,116085.33869555531,0.17874815316818193,2022-01-13,0.9999181148366237,6.834174940263954e-22,8.188516338922939e-05
2022-01-14,cautious,0.397,12.0,0.934,"{'momentum': 0.72, 'mean_reversion': 0.91, 'trend_following': 0.72, 'fundamental': 0.97}",True,0.9998591774390572,9.743888652858539e-23,0.00014082256096907054,elevated,normal,range,strong,calm,2022-01-14,emerging_expansion,benign,0.999,2022-01-14,51889.82179531597,64618.054832458496,116507.87662777449,0.5546239164490455,2022-01-14,0.9998591774390572,9.743888652858539e-23,0.00014082256096907054
2022-01-18,cautious,0.397,12.0,0.931,"{'momentum': 0.71, 'mean_reversion': 0.91, 'trend_following': 0.71, 'fundamental': 0.97}",True,0.9989216468335305,6.890644831889447e-23,0.0010783531664588534,elevated,normal,range,strong,calm,2022-01-18,emerging_expansion,benign,0.992,2022-01-18,64025.00826251769,51953.91988372803,115978.92814624571,0.4479599933723805,2022-01-18,0.9989216468335305,6.890644831889447e-23,0.0010783531664588534
2022-01-19,cautious,0.353,12.0,0.798,"{'momentum': 0.71, 'mean_reversion': 0.92, 'trend_following': 0.71, 'fundamental': 0.97}",True,0.9848563307444778,9.172922979220537e-21,0.015143669255531489,elevated,normal,range,narrow,calm,2022-01-19,emerging_expansion,benign,0.929,2022-01-19,71508.79757394682,44402.2628326416,115911.06040658844,0.3830718369488556,2022-01-19,0.9848563307444778,9.172922979220537e-21,0.015143669255531489
2022-01-20,cautious,0.327,12.0,0.586,"{'momentum': 0.67, 'mean_reversion': 0.91, 'trend_following': 0.69, 'fundamental': 0.96}",True,0.30352095975700333,9.157512418276575e-20,0.6964790402430175,elevated,high,range,narrow,calm,2022-01-20,emerging_expansion,crisis,0.441,2022-01-20,71508.79757394682,44401.63627624512,115910.43385019194,0.38306850213011767,2022-01-20,0.30352095975700333,9.157512418276575e-20,0.6964790402430175
2022-01-21,cautious,0.327,12.0,0.753,"{'momentum': 0.67, 'mean_reversion': 0.91, 'trend_following': 0.69, 'fundamental': 0.96}",True,0.0004908237490872543,9.824107709272781e-21,0.9995091762509334,elevated,high,range,narrow,calm,2022-01-21,emerging_expansion,crisis,0.996,2022-01-21,82891.8316552787,32963.31742858887,115855.14908386757,0.2845218161579225,2022-01-21,0.0004908237490872543,9.824107709272781e-21,0.9995091762509334
2022-01-24,cautious,0.327,12.0,0.754,"{'momentum': 0.67, 'mean_reversion': 0.91, 'trend_following': 0.68, 'fundamental': 0.95}",True,4.430131261196613e-06,1.2083685243435076e-22,0.9999955698687377,elevated,high,range,narrow,calm,2022-01-24,emerging_expansion,crisis,1.0,2022-01-24,71857.10780348473,43857.2159576416,115714.32376112632,0.3790128527923457,2022-01-24,4.430131261196613e-06,1.2083685243435076e-22,0.9999955698687377
2022-01-25,stressed,0.954,7.0,0.732,"{'momentum': 0.66, 'mean_reversion': 0.91, 'trend_following': 0.68, 'fundamental': 0.95}",True,1.6339487670768965e-05,1.2088322665762592e-22,0.9999836605123503,elevated,high,range,deteriorating,calm,2022-01-25,cautious_decline,crisis,1.0,2022-01-25,82311.33151389977,33293.8597240448,115605.19123794456,0.28799623414417147,2022-01-25,1.6339487670768965e-05,1.2088322665762592e-22,0.9999836605123503
2022-01-26,stressed,0.954,7.0,0.732,"{'momentum': 0.66, 'mean_reversion': 0.91, 'trend_following': 0.68, 'fundamental': 0.95}",True,2.8229536390256443e-06,2.8562635091431456e-25,0.9999971770463445,elevated,high,range,deteriorating,calm,2022-01-26,cautious_decline,crisis,1.0,2022-01-26,69701.58533072865,46179.92189788818,115881.50722861684,0.3985098485712834,2022-01-26,2.8229536390256443e-06,2.8562635091431456e-25,0.9999971770463445
2022-01-27,stressed,0.954,7.0,0.732,"{'momentum': 0.66, 'mean_reversion': 0.91, 'trend_following': 0.67, 'fundamental': 0.94}",True,1.44179423495369e-05,4.221924326807347e-21,0.9999855820576342,elevated,high,range,deteriorating,calm,2022-01-27,cautious_decline,crisis,1.0,2022-01-27,79860.80625147991,36203.00953674317,116063.81578822307,0.31192330952483355,2022-01-27,1.44179423495369e-05,4.221924326807347e-21,0.9999855820576342
2022-01-28,stressed,0.954,7.0,0.732,"{'momentum': 0.66, 'mean_reversion': 0.91, 'trend_following': 0.67, 'fundamental': 0.94}",True,4.123837125533089e-06,1.768835716207998e-20,0.999995876162847,elevated,high,range,deteriorating,calm,2022-01-28,cautious_decline,crisis,1.0,2022-01-28,53714.150289765865,63448.85952758789,117163.00981735376,0.5415434412832068,2022-01-28,4.123837125533089e-06,1.768835716207998e-20,0.999995876162847
2022-01-31,stressed,0.718,7.0,0.529,"{'momentum': 0.61, 'mean_reversion': 0.89, 'trend_following': 0.65, 'fundamental': 0.92}",True,1.4424269851174776e-05,5.495796578520553e-19,0.9999855757301435,elevated,high,range,deteriorating,stressed,2022-01-31,cautious_decline,crisis,1.0,2022-01-31,56191.11770959836,60905.54976654053,117096.66747613889,0.5201305133551424,2022-01-31,1.4424269851174776e-05,5.495796578520553e-19,0.9999855757301435
2022-02-01,stressed,0.718,7.0,0.529,"{'momentum': 0.62, 'mean_reversion': 0.9, 'trend_following': 0.65, 'fundamental': 0.93}",True,1.2036339285330618e-06,4.903690500904959e-19,0.9999987963660569,elevated,high,range,deteriorating,stressed,2022-02-01,cautious_decline,crisis,1.0,2022-02-01,30844.321002498236,86702.8341331482,117547.15513564643,0.7376004466726168,2022-02-01,1.2036339285330618e-06,4.903690500904959e-19,0.9999987963660569
2022-02-02,stressed,0.876,7.0,0.665,"{'momentum': 0.64, 'mean_reversion': 0.92, 'trend_following': 0.67, 'fundamental': 0.95}",True,4.865954876341151e-09,1.5927276548097638e-20,0.9999999951340328,elevated,high,range,narrow,cautious,2022-02-02,cautious_decline,crisis,1.0,2022-02-02,30844.321002498236,86317.83378982544,117162.15479232368,0.7367381894164419,2022-02-02,4.865954876341151e-09,1.5927276548097638e-20,0.9999999951340328
2022-02-03,stressed,0.876,7.0,0.665,"{'momentum': 0.65, 'mean_reversion': 0.92, 'trend_following': 0.67, 'fundamental': 0.95}",True,9.739183047705403e-09,7.955734434872968e-22,0.9999999902607897,elevated,high,range,narrow,cautious,2022-02-03,cautious_decline,crisis,1.0,2022-02-03,21064.6357804805,96959.90663528442,118024.54241576492,0.8215232582196664,2022-02-03,9.739183047705403e-09,7.955734434872968e-22,0.9999999902607897
2022-02-04,stressed,0.744,7.0,0.552,"{'momentum': 0.62, 'mean_reversion': 0.9, 'trend_following': 0.65, 'fundamental': 0.93}",True,2.5854527090147262e-05,4.3434522330552006e-20,0.9999741454728853,elevated,high,range,narrow,stressed,2022-02-04,cautious_decline,crisis,1.0,2022-02-04,-2906.4009733770263,121264.85137939452,118358.45040601752,1.0245559228209464,2022-02-04,2.5854527090147262e-05,4.3434522330552006e-20,0.9999741454728853
2022-02-07,crisis,0.678,5.0,0.495,"{'momentum': 0.61, 'mean_reversion': 0.63, 'trend_following': 0.64, 'fundamental': 0.72}",True,0.00015865269923993425,2.9173987191184296e-18,0.9998413473007335,spike,high,range,narrow,stressed,2022-02-07,market_turmoil,crisis,0.999,2022-02-07,-2906.4009733770263,122222.30758285522,119315.9066094782,1.0243588726429385,2022-02-07,0.00015865269923993425,2.9173987191184296e-18,0.9998413473007335
2022-02-08,crisis,0.678,5.0,0.494,"{'momentum': 0.61, 'mean_reversion': 0.63, 'trend_following': 0.64, 'fundamental': 0.72}",True,0.0008640451143688638,5.504614038768034e-18,0.9991359548856281,spike,high,range,narrow,stressed,2022-02-08,market_turmoil,crisis,0.994,2022-02-08,-2906.4009733770263,123409.28938293456,120502.88840955756,1.0241189320167903,2022-02-08,0.0008640451143688638,5.504614038768034e-18,0.9991359548856281
2022-02-09,crisis,0.678,5.0,0.494,"{'momentum': 0.61, 'mean_reversion': 0.63, 'trend_following': 0.64, 'fundamental': 0.72}",True,0.0015925987438629003,2.5739282650412287e-17,0.9984074012561381,spike,high,range,narrow,stressed,2022-02-09,market_turmoil,crisis,0.989,2022-02-09,27217.91713311495,94273.32551956175,121491.24265267672,0.775968073592543,2022-02-09,0.0015925987438629003,2.5739282650412287e-17,0.9984074012561381
2022-02-10,crisis,0.678,5.0,0.496,"{'momentum': 0.62, 'mean_reversion': 0.63, 'trend_following': 0.64, 'fundamental': 0.72}",True,7.768419553121848e-05,2.4493864379988213e-17,0.9999223158044807,spike,high,range,narrow,stressed,2022-02-10,market_turmoil,crisis,0.999,2022-02-10,39377.00779234609,81936.71585083008,121313.72364317616,0.6754117620841736,2022-02-10,7.768419553121848e-05,2.4493864379988213e-17,0.9999223158044807
2022-02-11,crisis,0.678,5.0,0.496,"{'momentum': 0.62, 'mean_reversion': 0.64, 'trend_following': 0.65, 'fundamental': 0.72}",True,1.0862089727762108e-06,1.762122592764291e-17,0.9999989137910108,spike,high,range,narrow,stressed,2022-02-11,cautious_decline,crisis,1.0,2022-02-11,39377.00779234609,82710.5092010498,122087.5169933959,0.67746900942808,2022-02-11,1.0862089727762108e-06,1.762122592764291e-17,0.9999989137910108
2022-02-14,crisis,0.678,5.0,0.496,"{'momentum': 0.61, 'mean_reversion': 0.63, 'trend_following': 0.64, 'fundamental': 0.72}",True,1.3608090854503044e-07,6.451863852880974e-17,0.9999998639190814,spike,high,range,narrow,stressed,2022-02-14,market_turmoil,crisis,1.0,2022-02-14,63400.88710279993,58692.57122421265,122093.45832701256,0.4807183941584462,2022-02-14,1.3608090854503044e-07,6.451863852880974e-17,0.9999998639190814
2022-02-15,crisis,0.678,5.0,0.496,"{'momentum': 0.61, 'mean_reversion': 0.63, 'trend_following': 0.64, 'fundamental': 0.72}",True,1.534363417155713e-06,6.609819816384932e-16,0.9999984656366058,spike,high,range,narrow,stressed,2022-02-15,market_turmoil,crisis,1.0,2022-02-15,68458.47173271464,54006.816062927246,122465.28779564188,0.44099693092665204,2022-02-15,1.534363417155713e-06,6.609819816384932e-16,0.9999984656366058
2022-02-16,crisis,0.678,5.0,0.496,"{'momentum': 0.6, 'mean_reversion': 0.63, 'trend_following': 0.64, 'fundamental': 0.72}",True,1.713056048316192e-05,1.2325501504494894e-15,0.9999828694395374,spike,high,range,narrow,stressed,2022-02-16,market_turmoil,crisis,1.0,2022-02-16,67308.14957147096,55519.906394958496,122828.05596642946,0.45201323067535015,2022-02-16,1.713056048316192e-05,1.2325501504494894e-15,0.9999828694395374
2022-02-17,crisis,0.678,5.0,0.496,"{'momentum': 0.6, 'mean_reversion': 0.63, 'trend_following': 0.64, 'fundamental': 0.72}",True,6.724614235971114e-08,1.2041640972842383e-15,0.9999999327538398,spike,high,range,narrow,stressed,2022-02-17,market_turmoil,crisis,1.0,2022-02-17,73981.83737551534,48315.02697753906,122296.8643530544,0.39506349760579434,2022-02-17,6.724614235971114e-08,1.2041640972842383e-15,0.9999999327538398
2022-02-18,crisis,0.678,5.0,0.496,"{'momentum': 0.61, 'mean_reversion': 0.63, 'trend_following': 0.64, 'fundamental': 0.72}",True,2.625559847467695e-07,7.672330873973627e-15,0.9999997374440344,spike,high,range,narrow,stressed,2022-02-18,market_turmoil,crisis,1.0,2022-02-18,81615.5152142942,40408.56251525879,122024.07772955298,0.33115236982014284,2022-02-18,2.625559847467695e-07,7.672330873973627e-15,0.9999997374440344
2022-02-22,stressed,0.811,7.0,0.609,"{'momentum': 0.63, 'mean_reversion': 0.66, 'trend_following': 0.66, 'fundamental': 0.74}",True,3.536023489562106e-08,3.00784723433055e-16,0.9999999646397562,spike,high,range,narrow,cautious,2022-02-22,cautious_decline,crisis,1.0,2022-02-22,81615.5152142942,40525.90294647217,122141.41816076636,0.3317949271976743,2022-02-22,3.536023489562106e-08,3.00784723433055e-16,0.9999999646397562
2022-02-23,stressed,0.784,7.0,0.587,"{'momentum': 0.61, 'mean_reversion': 0.64, 'trend_following': 0.65, 'fundamental': 0.72}",True,2.5915584202198903e-09,3.14695580395499e-17,0.9999999974084517,spike,high,range,deteriorating,cautious,2022-02-23,cautious_decline,crisis,1.0,2022-02-23,22588.597756684965,98427.7953414917,121016.39309817666,0.8133426622758492,2022-02-23,2.5915584202198903e-09,3.14695580395499e-17,0.9999999974084517
2022-02-24,stressed,0.784,7.0,0.587,"{'momentum': 0.62, 'mean_reversion': 0.65, 'trend_following': 0.65, 'fundamental': 0.72}",True,8.116787055132391e-13,5.32521774816195e-12,0.9999999999938609,spike,high,range,deteriorating,cautious,2022-02-24,cautious_decline,crisis,1.0,2022-02-24,66739.99022088334,52667.60674285889,119407.59696374222,0.44107417017069067,2022-02-24,8.116787055132391e-13,5.32521774816195e-12,0.9999999999938609
2022-02-25,crisis,0.652,5.0,0.473,"{'momentum': 0.59, 'mean_reversion': 0.62, 'trend_following': 0.63, 'fundamental': 0.71}",True,2.6556578053847767e-09,2.4839546637678598e-14,0.9999999973443323,spike,high,range,deteriorating,stressed,2022-02-25,market_turmoil,crisis,1.0,2022-02-25,56554.35685496346,63767.91234207153,120322.269197035,0.5299759784088489,2022-02-25,2.6556578053847767e-09,2.4839546637678598e-14,0.9999999973443323
2022-02-28,crisis,0.652,5.0,0.473,"{'momentum': 0.59, 'mean_reversion': 0.62, 'trend_following': 0.63, 'fundamental': 0.71}",True,6.458642181510464e-14,1.2033884730863972e-08,0.9999999879660778,spike,high,range,deteriorating,stressed,2022-02-28,market_turmoil,crisis,1.0,2022-02-28,59352.02826920527,60251.14687728882,119603.17514649408,0.5037587572695386,2022-02-28,6.458642181510464e-14,1.2033884730863972e-08,0.9999999879660778
2022-03-01,crisis,0.652,5.0,0.473,"{'momentum': 0.59, 'mean_reversion': 0.62, 'trend_following': 0.63, 'fundamental': 0.71}",True,3.028052685197549e-14,2.3783152710347613e-18,0.9999999999999432,spike,high,range,deteriorating,stressed,2022-03-01,market_turmoil,crisis,1.0,2022-03-01,68977.17679252572,50608.477268218994,119585.65406074472,0.4231985656282142,2022-03-01,3.028052685197549e-14,2.3783152710347613e-18,0.9999999999999432
2022-03-02,crisis,0.652,5.0,0.473,"{'momentum': 0.59, 'mean_reversion': 0.62, 'trend_following': 0.63, 'fundamental': 0.71}",True,3.45522240863701e-15,8.863917564759028e-19,1.0,spike,high,range,deteriorating,stressed,2022-03-02,market_turmoil,crisis,1.0,2022-03-02,78162.4213695801,41857.26888656616,120019.69025614626,0.3487533486983202,2022-03-02,3.45522240863701e-15,8.863917564759028e-19,1.0
2022-03-03,crisis,0.652,5.0,0.473,"{'momentum': 0.61, 'mean_reversion': 0.63, 'trend_following': 0.64, 'fundamental': 0.72}",True,2.0708481466564312e-13,1.7707243506486336e-16,0.9999999999997726,spike,high,range,deteriorating,stressed,2022-03-03,cautious_decline,crisis,1.0,2022-03-03,74302.22124866061,45678.87174987793,119981.09299853854,0.38071724976229654,2022-03-03,2.0708481466564312e-13,1.7707243506486336e-16,0.9999999999997726
2022-03-04,crisis,0.652,5.0,0.473,"{'momentum': 0.62, 'mean_reversion': 0.64, 'trend_following': 0.65, 'fundamental': 0.72}",True,1.3548565932395225e-14,7.093025423256803e-15,1.0,spike,high,range,deteriorating,stressed,2022-03-04,cautious_decline,crisis,1.0,2022-03-04,57713.63176474905,62487.74420928955,120201.3759740386,0.519858809459767,2022-03-04,1.3548565932395225e-14,7.093025423256803e-15,1.0
2022-03-07,crisis,0.652,5.0,0.473,"{'momentum': 0.59, 'mean_reversion': 0.62, 'trend_following': 0.63, 'fundamental': 0.71}",True,8.08120020213287e-20,7.216698689389443e-20,1.0,spike,high,range,deteriorating,stressed,2022-03-07,market_turmoil,crisis,1.0,2022-03-07,61860.25193391124,58603.84616851807,120464.0981024293,0.48648391588577583,2022-03-07,8.08120020213287e-20,7.216698689389443e-20,1.0
2022-03-08,crisis,0.652,5.0,0.473,"{'momentum': 0.59, 'mean_reversion': 0.63, 'trend_following': 0.63, 'fundamental': 0.71}",True,1.2573816112549366e-18,3.1523862503905736e-18,1.0,spike,high,range,deteriorating,stressed,2022-03-08,cautious_decline,crisis,1.0,2022-03-08,91495.90079280145,28496.813705444336,119992.71449824578,0.23748786603090757,2022-03-08,1.2573816112549366e-18,3.1523862503905736e-18,1.0
2022-03-09,crisis,0.652,5.0,0.473,"{'momentum': 0.59, 'mean_reversion': 0.62, 'trend_following': 0.63, 'fundamental': 0.71}",True,1.7766415188423738e-19,2.1259026610788706e-13,0.9999999999997726,spike,high,range,deteriorating,stressed,2022-03-09,market_turmoil,crisis,1.0,2022-03-09,82979.80914361424,37151.12438964844,120130.93353326268,0.3092552708696114,2022-03-09,1.7766415188423738e-19,2.1259026610788706e-13,0.9999999999997726
2022-03-10,crisis,0.652,5.0,0.473,"{'momentum': 0.59, 'mean_reversion': 0.62, 'trend_following': 0.63, 'fundamental': 0.71}",True,4.073306590261085e-17,4.897023384503018e-12,0.9999999999951115,spike,high,range,deteriorating,stressed,2022-03-10,market_turmoil,crisis,1.0,2022-03-10,81837.32283548379,38341.581214904785,120178.90405038858,0.3190375342317062,2022-03-10,4.073306590261085e-17,4.897023384503018e-12,0.9999999999951115
2022-03-11,crisis,0.652,5.0,0.473,"{'momentum': 0.59, 'mean_reversion': 0.62, 'trend_following': 0.63, 'fundamental': 0.71}",True,1.2989419081595902e-19,8.829800760489928e-11,0.9999999999117222,spike,high,range,deteriorating,stressed,2022-03-11,market_turmoil,crisis,1.0,2022-03-11,84013.36372138456,36155.29373168945,120168.65745307402,0.30087124627990564,2022-03-11,1.2989419081595902e-19,8.829800760489928e-11,0.9999999999117222
2022-03-14,crisis,0.63,5.0,0.473,"{'momentum': 0.59, 'mean_reversion': 0.62, 'trend_following': 0.63, 'fundamental': 0.71}",True,5.011394344372042e-19,6.198480597196779e-12,0.9999999999938041,spike,high,range,deteriorating,stressed,2022-03-14,cautious_decline,crisis,1.0,2022-03-14,81299.6724694077,39237.36572265625,120537.03819206396,0.32552123655249726,2022-03-14,5.011394344372042e-19,6.198480597196779e-12,0.9999999999938041
2022-03-15,crisis,0.609,5.0,0.473,"{'momentum': 0.61, 'mean_reversion': 0.63, 'trend_following': 0.64, 'fundamental': 0.72}",True,2.3948048111931926e-20,3.5839125778476584e-13,0.9999999999996589,spike,high,range,deteriorating,stressed,2022-03-15,cautious_decline,crisis,1.0,2022-03-15,87824.93301967898,33051.87805175781,120876.8110714368,0.2734343978699482,2022-03-15,2.3948048111931926e-20,3.5839125778476584e-13,0.9999999999996589
2022-03-16,crisis,0.587,5.0,0.473,"{'momentum': 0.61, 'mean_reversion': 0.63, 'trend_following': 0.64, 'fundamental': 0.71}",True,1.2780172990652827e-17,4.111818500663792e-12,0.9999999999959073,spike,high,range,deteriorating,stressed,2022-03-16,cautious_decline,crisis,1.0,2022-03-16,82458.12770886131,38417.725982666016,120875.85369152731,0.31782795992247764,2022-03-16,1.2780172990652827e-17,4.111818500663792e-12,0.9999999999959073
2022-03-17,crisis,0.599,5.0,0.507,"{'momentum': 0.61, 'mean_reversion': 0.89, 'trend_following': 0.65, 'fundamental': 0.92}",True,1.8332463177990046e-18,1.7237111904569288e-11,0.9999999999827764,elevated,high,range,weak,stressed,2022-03-17,cautious_decline,crisis,1.0,2022-03-17,82458.12770886131,38729.09181213379,121187.2195209951,0.3195806617662695,2022-03-17,1.8332463177990046e-18,1.7237111904569288e-11,0.9999999999827764
2022-03-18,crisis,0.692,5.0,0.507,"{'momentum': 0.62, 'mean_reversion': 0.9, 'trend_following': 0.65, 'fundamental': 0.93}",True,1.0150789737783493e-27,2.680392209425885e-08,0.9999999731960546,elevated,high,range,weak,stressed,2022-03-18,cautious_decline,crisis,1.0,2022-03-18,82458.12770886131,38803.86045837402,121261.98816723534,0.3200001999378295,2022-03-18,1.0150789737783493e-27,2.680392209425885e-08,0.9999999731960546
2022-03-21,crisis,0.692,5.0,0.507,"{'momentum': 0.62, 'mean_reversion': 0.9, 'trend_following': 0.65, 'fundamental': 0.93}",True,9.830940689319873e-21,1.6416643400307724e-12,0.9999999999983515,elevated,high,range,weak,stressed,2022-03-21,cautious_decline,crisis,1.0,2022-03-21,90683.91608614204,30676.068786621097,121359.98487276312,0.25276922058603307,2022-03-21,9.830940689319873e-21,1.6416643400307724e-12,0.9999999999983515
2022-03-22,stressed,0.928,7.0,0.709,"{'momentum': 0.67, 'mean_reversion': 0.91, 'trend_following': 0.68, 'fundamental': 0.95}",True,5.59475063913997e-17,1.1747428901263996e-12,0.9999999999988063,elevated,high,range,weak,calm,2022-03-22,emerging_expansion,crisis,1.0,2022-03-22,84234.87737102035,37120.00241088867,121354.87978190904,0.30587976748523243,2022-03-22,5.59475063913997e-17,1.1747428901263996e-12,0.9999999999988063
2022-03-23,stressed,0.928,7.0,0.709,"{'momentum': 0.66, 'mean_reversion': 0.91, 'trend_following': 0.68, 'fundamental': 0.95}",True,1.6431629120782184e-11,2.0972888999911902e-12,0.999999999981469,elevated,high,range,weak,calm,2022-03-23,cautious_decline,crisis,1.0,2022-03-23,12619.196486184215,107606.84892272948,120226.0454089137,0.8950377479084193,2022-03-23,1.6431629120782184e-11,2.0972888999911902e-12,0.999999999981469
2022-03-24,stressed,0.928,7.0,0.709,"{'momentum': 0.65, 'mean_reversion': 0.91, 'trend_following': 0.67, 'fundamental': 0.94}",True,1.9763890866625e-11,2.0902985305577385e-12,0.9999999999781721,elevated,high,range,weak,calm,2022-03-24,cautious_decline,crisis,1.0,2022-03-24,6540.2557536167005,114895.1030101776,121435.35876379431,0.9461420806905322,2022-03-24,1.9763890866625e-11,2.0902985305577385e-12,0.9999999999781721
2022-03-25,stressed,0.928,7.0,0.709,"{'momentum': 0.66, 'mean_reversion': 0.91, 'trend_following': 0.68, 'fundamental': 0.95}",True,1.702708475766375e-11,1.1598321516445866e-10,0.9999999998669864,elevated,high,range,weak,calm,2022-03-25,cautious_decline,crisis,1.0,2022-03-25,6540.2557536167005,115157.13990020752,121697.39565382422,0.9462580467028163,2022-03-25,1.702708475766375e-11,1.1598321516445866e-10,0.9999999998669864
2022-03-28,stressed,0.928,7.0,0.709,"{'momentum': 0.66, 'mean_reversion': 0.91, 'trend_following': 0.68, 'fundamental': 0.95}",True,7.932010360623894e-11,1.1526228424384753e-11,0.9999999999091642,elevated,high,range,weak,calm,2022-03-28,cautious_decline,crisis,1.0,2022-03-28,6540.2557536167005,115982.16004943848,122522.41580305518,0.9466199249276179,2022-03-28,7.932010360623894e-11,1.1526228424384753e-11,0.9999999999091642
2022-03-29,stressed,0.928,7.0,0.709,"{'momentum': 0.67, 'mean_reversion': 0.91, 'trend_following': 0.68, 'fundamental': 0.95}",True,2.725854252141345e-07,2.739242539031822e-12,0.9999997274118558,elevated,high,range,weak,calm,2022-03-29,cautious_decline,crisis,1.0,2022-03-29,6540.2557536167005,116661.69220352171,123201.94795713844,0.9469143478486878,2022-03-29,2.725854252141345e-07,2.739242539031822e-12,0.9999997274118558
2022-03-30,stressed,0.928,7.0,0.709,"{'momentum': 0.68, 'mean_reversion': 0.91, 'trend_following': 0.69, 'fundamental': 0.95}",True,1.396847968962136e-10,8.930093733440707e-10,0.9999999989673256,elevated,high,range,weak,calm,2022-03-30,emerging_expansion,crisis,1.0,2022-03-30,6540.2557536167005,116454.73279762268,122994.98855123938,0.9468250224610408,2022-03-30,1.396847968962136e-10,8.930093733440707e-10,0.9999999989673256
2022-03-31,cautious,0.337,12.0,0.781,"{'momentum': 0.68, 'mean_reversion': 0.91, 'trend_following': 0.69, 'fundamental': 0.96}",True,6.716357934606047e-10,6.36142846198313e-10,0.9999999986922035,elevated,high,range,recovering,calm,2022-03-31,emerging_expansion,crisis,1.0,2022-03-31,6540.2557536167005,116550.63648223875,123090.89223585548,0.946866452628478,2022-03-31,6.716357934606047e-10,6.36142846198313e-10,0.9999999986922035
2022-04-01,cautious,0.337,12.0,0.781,"{'momentum': 0.69, 'mean_reversion': 0.92, 'trend_following': 0.7, 'fundamental': 0.97}",True,1.2851912856828961e-09,1.152082487900746e-09,0.9999999975627247,elevated,high,range,recovering,calm,2022-04-01,emerging_expansion,crisis,1.0,2022-04-01,32430.37900034884,91027.89874649048,123458.27774683932,0.7373170953603466,2022-04-01,1.2851912856828961e-09,1.152082487900746e-09,0.9999999975627247
2022-04-04,cautious,0.337,12.0,0.781,"{'momentum': 0.69, 'mean_reversion': 0.92, 'trend_following': 0.7, 'fundamental': 0.97}",True,2.9828342538735835e-08,7.673825706886582e-07,0.9999992027891034,elevated,high,range,recovering,calm,2022-04-04,emerging_expansion,crisis,1.0,2022-04-04,48535.071230889575,75283.1573047638,123818.22853565335,0.6080135226864926,2022-04-04,2.9828342538735835e-08,7.673825706886582e-07,0.9999992027891034
2022-04-05,cautious,0.379,12.0,0.889,"{'momentum': 0.72, 'mean_reversion': 0.92, 'trend_following': 0.72, 'fundamental': 0.98}",True,3.997657166825068e-08,5.74479142288555e-08,0.9999999025755008,elevated,normal,range,recovering,calm,2022-04-05,emerging_expansion,crisis,1.0,2022-04-05,73756.44845683324,50032.550020217896,123788.99847705114,0.40417606278229384,2022-04-05,3.997657166825068e-08,5.74479142288555e-08,0.9999999025755008
2022-04-06,cautious,0.379,12.0,0.889,"{'momentum': 0.72, 'mean_reversion': 0.92, 'trend_following': 0.72, 'fundamental': 0.98}",True,2.811797197309614e-08,1.591167548108091e-07,0.9999998127652991,elevated,normal,range,recovering,calm,2022-04-06,emerging_expansion,crisis,1.0,2022-04-06,77278.28339830463,46744.844161987305,124023.12756029192,0.3769042523078046,2022-04-06,2.811797197309614e-08,1.591167548108091e-07,0.9999998127652991
2022-04-07,cautious,0.379,12.0,0.889,"{'momentum': 0.73, 'mean_reversion': 0.92, 'trend_following': 0.72, 'fundamental': 0.97}",True,1.5942381499136942e-08,4.345637067575948e-07,0.9999995494938949,elevated,normal,range,recovering,calm,2022-04-07,emerging_expansion,crisis,1.0,2022-04-07,77278.28339830463,47175.87985610962,124454.16325441423,0.3790622878534869,2022-04-07,1.5942381499136942e-08,4.345637067575948e-07,0.9999995494938949
2022-04-08,cautious,0.379,12.0,0.889,"{'momentum': 0.73, 'mean_reversion': 0.92, 'trend_following': 0.72, 'fundamental': 0.98}",True,6.236787220143058e-09,1.0144761693864203e-06,0.9999989792870658,elevated,normal,range,recovering,calm,2022-04-08,emerging_expansion,crisis,1.0,2022-04-08,95498.79862910172,29396.102184295654,124894.90081339738,0.23536671227447226,2022-04-08,6.236787220143058e-09,1.0144761693864203e-06,0.9999989792870658
2022-04-11,cautious,0.379,12.0,0.889,"{'momentum': 0.73, 'mean_reversion': 0.92, 'trend_following': 0.72, 'fundamental': 0.98}",True,4.3069782012118313e-10,2.2963797782257566e-08,0.9999999766055228,elevated,normal,range,recovering,calm,2022-04-11,emerging_expansion,crisis,1.0,2022-04-11,58504.65688446303,65975.11919784546,124479.7760823085,0.5300067310068216,2022-04-11,4.3069782012118313e-10,2.2963797782257566e-08,0.9999999766055228
2022-04-12,cautious,0.379,12.0,0.889,"{'momentum': 0.73, 'mean_reversion': 0.92, 'trend_following': 0.72, 'fundamental': 0.98}",True,1.671726087129873e-09,1.3367134186695167e-07,0.9999998646569088,elevated,normal,range,recovering,calm,2022-04-12,emerging_expansion,crisis,1.0,2022-04-12,68152.49275118705,56103.14626598358,124255.63901717064,0.45151388467955805,2022-04-12,1.671726087129873e-09,1.3367134186695167e-07,0.9999998646569088
2022-04-13,cautious,0.379,12.0,0.889,"{'momentum': 0.72, 'mean_reversion': 0.92, 'trend_following': 0.71, 'fundamental': 0.97}",True,4.885595495955368e-07,1.7480230603762296e-07,0.9999993366381472,elevated,normal,range,recovering,calm,2022-04-13,emerging_expansion,crisis,1.0,2022-04-13,71096.6223744162,53719.63745307922,124816.25982749542,0.43038973870330216,2022-04-13,4.885595495955368e-07,1.7480230603762296e-07,0.9999993366381472
2022-04-14,cautious,0.379,12.0,0.889,"{'momentum': 0.72, 'mean_reversion': 0.92, 'trend_following': 0.71, 'fundamental': 0.97}",True,6.907263953843216e-09,1.0436547146134676e-07,0.9999998887272517,elevated,normal,range,recovering,calm,2022-04-14,emerging_expansion,crisis,1.0,2022-04-14,75509.13755274736,49054.22290992737,124563.36046267473,0.39380940533172604,2022-04-14,6.907263953843216e-09,1.0436547146134676e-07,0.9999998887272517
2022-04-18,cautious,0.353,12.0,0.822,"{'momentum': 0.71, 'mean_reversion': 0.92, 'trend_following': 0.71, 'fundamental': 0.97}",True,2.377035509418517e-09,1.8974908217303334e-07,0.999999807873867,elevated,normal,range,narrow,calm,2022-04-18,emerging_expansion,crisis,1.0,2022-04-18,84789.53233035594,39688.77463340759,124478.30696376352,0.31884089365837265,2022-04-18,2.377035509418517e-09,1.8974908217303334e-07,0.999999807873867
2022-04-19,cautious,0.353,12.0,0.822,"{'momentum': 0.7, 'mean_reversion': 0.92, 'trend_following': 0.7, 'fundamental': 0.96}",True,1.253981018940646e-08,1.295001530834357e-07,0.9999998579600161,elevated,normal,range,narrow,calm,2022-04-19,emerging_expansion,crisis,1.0,2022-04-19,82841.49359427254,42133.930740356445,124975.424334629,0.3371377289949453,2022-04-19,1.253981018940646e-08,1.295001530834357e-07,0.9999998579600161
2022-04-20,cautious,0.353,12.0,0.822,"{'momentum': 0.72, 'mean_reversion': 0.92, 'trend_following': 0.72, 'fundamental': 0.97}",True,1.743185943747841e-08,2.3824179248142173e-06,0.9999976001501898,elevated,normal,range,narrow,calm,2022-04-20,emerging_expansion,crisis,1.0,2022-04-20,86739.06242467462,38383.85339260101,125122.91581727564,0.3067691728720198,2022-04-20,1.743185943747841e-08,2.3824179248142173e-06,0.9999976001501898
2022-04-21,cautious,0.353,12.0,0.822,"{'momentum': 0.72, 'mean_reversion': 0.92, 'trend_following': 0.72, 'fundamental': 0.97}",True,1.297500547638658e-10,3.3464934770516864e-06,0.9999966533767699,elevated,normal,range,narrow,calm,2022-04-21,emerging_expansion,crisis,1.0,2022-04-21,98380.17816647889,26537.836847305294,124918.01501378416,0.21244203123446173,2022-04-21,1.297500547638658e-10,3.3464934770516864e-06,0.9999966533767699
2022-04-22,cautious,0.379,18.0,0.889,"{'momentum': 0.75, 'mean_reversion': 1.08, 'trend_following': 0.73, 'fundamental': 0.98}",True,1.0653051757577797e-13,1.2372099225142974e-08,0.9999999876278026,normal,normal,range,narrow,calm,2022-04-22,emerging_expansion,crisis,1.0,2022-04-22,77193.18397383,46964.19021606445,124157.37418989446,0.37826339774417533,2022-04-22,1.0653051757577797e-13,1.2372099225142974e-08,0.9999999876278026
2022-04-25,stressed,0.848,7.0,0.642,"{'momentum': 0.68, 'mean_reversion': 1.06, 'trend_following': 0.69, 'fundamental': 0.94}",True,2.206576681239375e-15,3.035560958554274e-07,0.9999996964439112,normal,normal,range,weak,stressed,2022-04-25,cautious_decline,crisis,1.0,2022-04-25,94960.94846002218,28972.79148578644,123933.7399458086,0.2337764639270558,2022-04-25,2.206576681239375e-15,3.035560958554274e-07,0.9999996964439112
2022-04-26,stressed,0.823,7.0,0.619,"{'momentum': 0.64, 'mean_reversion': 1.05, 'trend_following': 0.67, 'fundamental': 0.93}",True,1.1037737775404974e-21,2.711010284190381e-12,0.9999999999972715,normal,high,range,weak,stressed,2022-04-26,cautious_decline,crisis,1.0,2022-04-26,77295.92763580533,45943.7442817688,123239.67191757412,0.37279995610907796,2022-04-26,1.1037737775404974e-21,2.711010284190381e-12,0.9999999999972715
2022-04-27,stressed,0.823,7.0,0.619,"{'momentum': 0.64, 'mean_reversion': 1.05, 'trend_following': 0.67, 'fundamental': 0.93}",True,4.600803734062699e-19,4.3959787403767817e-11,0.99999999995606,normal,high,range,weak,stressed,2022-04-27,cautious_decline,crisis,1.0,2022-04-27,86460.61679922599,37146.121589660645,123606.73838888665,0.3005185807329774,2022-04-27,4.600803734062699e-19,4.3959787403767817e-11,0.99999999995606
2022-04-28,stressed,0.849,7.0,0.642,"{'momentum': 0.65, 'mean_reversion': 1.06, 'trend_following': 0.67, 'fundamental': 0.93}",True,4.393991803399252e-19,6.289988360619577e-10,0.9999999993710276,normal,high,range,deteriorating,stressed,2022-04-28,cautious_decline,crisis,1.0,2022-04-28,99422.79452896785,24555.264755249023,123978.05928421688,0.19806137389968848,2022-04-28,4.393991803399252e-19,6.289988360619577e-10,0.9999999993710276
2022-04-29,stressed,0.77,7.0,0.574,"{'momentum': 0.64, 'mean_reversion': 1.05, 'trend_following': 0.66, 'fundamental': 0.93}",True,3.006039323387675e-22,3.4462777017479522e-12,0.9999999999965326,normal,high,range,deteriorating,panic,2022-04-29,cautious_decline,crisis,1.0,2022-04-29,60116.62852990544,62726.00189971924,122842.63042962468,0.510620797359548,2022-04-29,3.006039323387675e-22,3.4462777017479522e-12,0.9999999999965326
2022-05-02,stressed,0.77,7.0,0.574,"{'momentum': 0.64, 'mean_reversion': 1.05, 'trend_following': 0.66, 'fundamental': 0.93}",True,4.766180076091188e-18,5.979526920038706e-13,0.9999999999993747,normal,high,range,deteriorating,panic,2022-05-02,cautious_decline,crisis,1.0,2022-05-02,99607.67569596478,22697.89793777466,122305.57363373943,0.18558351237325113,2022-05-02,4.766180076091188e-18,5.979526920038706e-13,0.9999999999993747
2022-05-03,stressed,0.77,7.0,0.574,"{'momentum': 0.65, 'mean_reversion': 1.05, 'trend_following': 0.67, 'fundamental': 0.93}",True,7.370153692554219e-19,2.1907921198028076e-11,0.9999999999781153,normal,high,range,deteriorating,panic,2022-05-03,cautious_decline,crisis,1.0,2022-05-03,41753.40957691369,80124.0090045929,121877.4185815066,0.657414719946741,2022-05-03,7.370153692554219e-19,2.1907921198028076e-11,0.9999999999781153
2022-05-04,stressed,0.77,7.0,0.574,"{'momentum': 0.65, 'mean_reversion': 1.04, 'trend_following': 0.67, 'fundamental': 0.94}",True,7.062448638879929e-24,1.5229595125457095e-12,0.9999999999984652,normal,high,range,deteriorating,panic,2022-05-04,cautious_decline,crisis,1.0,2022-05-04,41774.67518132178,80730.39643096924,122505.071612291,0.6589963612810094,2022-05-04,7.062448638879929e-24,1.5229595125457095e-12,0.9999999999984652
2022-05-05,stressed,0.77,7.0,0.574,"{'momentum': 0.65, 'mean_reversion': 1.05, 'trend_following': 0.67, 'fundamental': 0.93}",True,1.3768259422580986e-21,4.202154214267512e-15,1.0,normal,high,range,deteriorating,panic,2022-05-05,cautious_decline,crisis,1.0,2022-05-05,48344.639707559894,74683.29885864258,123027.93856620249,0.6070434059858265,2022-05-05,1.3768259422580986e-21,4.202154214267512e-15,1.0
2022-05-06,stressed,0.744,7.0,0.552,"{'momentum': 0.64, 'mean_reversion': 1.05, 'trend_following': 0.66, 'fundamental': 0.93}",True,9.225996440017504e-26,3.6913123117501586e-14,0.9999999999999432,normal,high,range,weak,panic,2022-05-06,cautious_decline,crisis,1.0,2022-05-06,64031.4607986236,58144.66537857056,122176.12617719416,0.47590856902961826,2022-05-06,9.225996440017504e-26,3.6913123117501586e-14,0.9999999999999432
2022-05-09,stressed,0.744,7.0,0.552,"{'momentum': 0.64, 'mean_reversion': 1.05, 'trend_following': 0.66, 'fundamental': 0.93}",True,3.1564654848498928e-34,1.2884870062219268e-14,1.0,normal,high,range,weak,panic,2022-05-09,cautious_decline,crisis,1.0,2022-05-09,77859.52806185797,43356.17485046387,121215.70291232184,0.35767787348330937,2022-05-09,3.1564654848498928e-34,1.2884870062219268e-14,1.0
2022-05-10,stressed,0.744,7.0,0.552,"{'momentum': 0.64, 'mean_reversion': 1.05, 'trend_following': 0.67, 'fundamental': 0.93}",True,9.495486051762026e-37,4.303134980045625e-13,0.9999999999995453,normal,high,range,weak,panic,2022-05-10,cautious_decline,crisis,1.0,2022-05-10,63073.7808549706,57317.24285125733,120391.02370622792,0.4760923288693015,2022-05-10,9.495486051762026e-37,4.303134980045625e-13,0.9999999999995453
2022-05-11,stressed,0.744,7.0,0.552,"{'momentum': 0.65, 'mean_reversion': 1.05, 'trend_following': 0.67, 'fundamental': 0.94}",True,5.261339790400672e-44,1.405447373100105e-13,0.9999999999998863,normal,high,range,weak,panic,2022-05-11,cautious_decline,crisis,1.0,2022-05-11,64129.078015417515,56115.9426612854,120245.02067670292,0.4666799701599426,2022-05-11,5.261339790400672e-44,1.405447373100105e-13,0.9999999999998863
2022-05-12,stressed,0.77,7.0,0.574,"{'momentum': 0.65, 'mean_reversion': 1.06, 'trend_following': 0.67, 'fundamental': 0.94}",True,1.9031491047147406e-44,5.094287507797847e-11,0.9999999999490683,normal,high,range,deteriorating,panic,2022-05-12,cautious_decline,crisis,1.0,2022-05-12,68891.52217733304,51987.89161300659,120879.41379033963,0.4300806066380951,2022-05-12,1.9031491047147406e-44,5.094287507797847e-11,0.9999999999490683
2022-05-13,stressed,0.77,7.0,0.574,"{'momentum': 0.65, 'mean_reversion': 1.05, 'trend_following': 0.67, 'fundamental': 0.94}",True,1.5654044105072479e-41,2.708216619580927e-12,0.9999999999972715,normal,high,range,deteriorating,panic,2022-05-13,cautious_decline,crisis,1.0,2022-05-13,78401.08447127674,43783.25409698486,122184.3385682616,0.3583376937668992,2022-05-13,1.5654044105072479e-41,2.708216619580927e-12,0.9999999999972715
2022-05-16,stressed,0.77,7.0,0.574,"{'momentum': 0.65, 'mean_reversion': 1.06, 'trend_following': 0.67, 'fundamental': 0.94}",True,1.556941814651653e-41,2.6211212502054606e-12,0.9999999999973852,normal,high,range,deteriorating,panic,2022-05-16,cautious_decline,crisis,1.0,2022-05-16,80196.46682157053,41957.15435791016,122153.62117948067,0.34347859648190365,2022-05-16,1.556941814651653e-41,2.6211212502054606e-12,0.9999999999973852
2022-05-17,stressed,0.77,7.0,0.574,"{'momentum': 0.65, 'mean_reversion': 1.05, 'trend_following': 0.67, 'fundamental': 0.94}",True,1.2188185541412982e-40,1.2223064638813749e-13,0.9999999999998863,normal,high,range,deteriorating,panic,2022-05-17,cautious_decline,crisis,1.0,2022-05-17,55137.59063049762,66943.26469421387,122080.85532471148,0.5483518649681617,2022-05-17,1.2188185541412982e-40,1.2223064638813749e-13,0.9999999999998863
2022-05-18,stressed,0.744,7.0,0.552,"{'momentum': 0.64, 'mean_reversion': 1.05, 'trend_following': 0.66, 'fundamental': 0.93}",True,2.314760713694441e-51,8.733240740477152e-13,0.9999999999991473,normal,high,range,weak,panic,2022-05-18,cautious_decline,crisis,1.0,2022-05-18,74640.95202720516,46588.29846954346,121229.25049674862,0.38429915452453417,2022-05-18,2.314760713694441e-51,8.733240740477152e-13,0.9999999999991473
2022-05-19,stressed,0.744,7.0,0.552,"{'momentum': 0.64, 'mean_reversion': 1.05, 'trend_following': 0.66, 'fundamental': 0.93}",True,5.111881216008784e-51,1.920340637571997e-12,0.9999999999980673,normal,high,range,weak,panic,2022-05-19,cautious_decline,crisis,1.0,2022-05-19,70423.47799454356,50499.06771469116,120922.54570923472,0.4176149899797768,2022-05-19,5.111881216008784e-51,1.920340637571997e-12,0.9999999999980673
2022-05-20,stressed,0.744,7.0,0.552,"{'momentum': 0.65, 'mean_reversion': 1.05, 'trend_following': 0.67, 'fundamental': 0.93}",True,1.6297978512777475e-51,4.548436391532165e-11,0.9999999999545253,normal,high,range,weak,panic,2022-05-20,cautious_decline,crisis,1.0,2022-05-20,47149.803756689944,73553.99852371216,120703.8022804021,0.6093759859597616,2022-05-20,1.6297978512777475e-51,4.548436391532165e-11,0.9999999999545253
2022-05-23,stressed,0.744,7.0,0.552,"{'momentum': 0.64, 'mean_reversion': 1.05, 'trend_following': 0.66, 'fundamental': 0.93}",True,6.932610156546953e-49,8.122355410904142e-13,0.9999999999992042,normal,high,range,weak,panic,2022-05-23,cautious_decline,crisis,1.0,2022-05-23,35648.99538937463,85181.95757675171,120830.95296612634,0.7049680192510901,2022-05-23,6.932610156546953e-49,8.122355410904142e-13,0.9999999999992042
2022-05-24,stressed,0.744,7.0,0.552,"{'momentum': 0.65, 'mean_reversion': 1.05, 'trend_following': 0.67, 'fundamental': 0.93}",True,8.229889404426376e-49,2.0218562199932914e-11,0.9999999999797637,normal,high,range,weak,panic,2022-05-24,cautious_decline,crisis,1.0,2022-05-24,38122.975725303106,83394.45809173584,121517.43381703895,0.6862756682082141,2022-05-24,8.229889404426376e-49,2.0218562199932914e-11,0.9999999999797637
2022-05-25,stressed,0.744,7.0,0.552,"{'momentum': 0.65, 'mean_reversion': 1.06, 'trend_following': 0.67, 'fundamental': 0.94}",True,2.8344311341792936e-47,3.188669571731451e-11,0.9999999999681108,normal,high,range,weak,panic,2022-05-25,cautious_decline,crisis,1.0,2022-05-25,51816.97283147182,70258.36463165283,122075.33746312466,0.5755328315424547,2022-05-25,2.8344311341792936e-47,3.188669571731451e-11,0.9999999999681108
2022-05-26,stressed,0.744,7.0,0.552,"{'momentum': 0.65, 'mean_reversion': 1.06, 'trend_following': 0.67, 'fundamental': 0.94}",True,2.347541817153486e-47,1.4501459963565182e-12,0.9999999999985221,normal,high,range,weak,panic,2022-05-26,cautious_decline,crisis,1.0,2022-05-26,61486.366971364536,61086.500396728516,122572.86736809304,0.49836886179126744,2022-05-26,2.347541817153486e-47,1.4501459963565182e-12,0.9999999999985221
2022-05-27,stressed,0.955,7.0,0.733,"{'momentum': 0.67, 'mean_reversion': 1.07, 'trend_following': 0.68, 'fundamental': 0.95}",True,5.051670855611714e-51,3.352448589680978e-11,0.9999999999664624,normal,high,range,weak,cautious,2022-05-27,cautious_decline,crisis,1.0,2022-05-27,61486.366971364536,60922.135314941406,122408.50228630594,0.49769529221465586,2022-05-27,5.051670855611714e-51,3.352448589680978e-11,0.9999999999664624
2022-05-31,stressed,0.955,7.0,0.733,"{'momentum': 0.67, 'mean_reversion': 1.07, 'trend_following': 0.68, 'fundamental': 0.95}",True,2.147687532968929e-43,9.48680613224778e-11,0.9999999999051283,normal,high,range,weak,cautious,2022-05-31,cautious_decline,crisis,1.0,2022-05-31,61486.366971364536,60814.5475769043,122300.91454826883,0.49725341630951136,2022-05-31,2.147687532968929e-43,9.48680613224778e-11,0.9999999999051283
2022-06-01,stressed,0.758,7.0,0.564,"{'momentum': 0.62, 'mean_reversion': 0.65, 'trend_following': 0.65, 'fundamental': 0.73}",True,9.25018507951744e-41,2.1122915196649283e-12,0.9999999999978968,spike,high,range,weak,cautious,2022-06-01,cautious_decline,crisis,1.0,2022-06-01,71561.77155321823,50732.756439208984,122294.52799242722,0.4148407722899138,2022-06-01,9.25018507951744e-41,2.1122915196649283e-12,0.9999999999978968
2022-06-02,stressed,0.758,7.0,0.564,"{'momentum': 0.63, 'mean_reversion': 0.65, 'trend_following': 0.65, 'fundamental': 0.73}",True,2.596313865476524e-37,3.1386889081923047e-12,0.9999999999968736,spike,high,range,weak,cautious,2022-06-02,cautious_decline,crisis,1.0,2022-06-02,59451.793118168,62924.603088378906,122376.3962065469,0.5141890514750471,2022-06-02,2.596313865476524e-37,3.1386889081923047e-12,0.9999999999968736
2022-06-03,stressed,0.758,7.0,0.564,"{'momentum': 0.63, 'mean_reversion': 0.65, 'trend_following': 0.65, 'fundamental': 0.73}",True,2.9488320730925127e-31,2.66404189595267e-08,0.9999999733595931,spike,high,range,weak,cautious,2022-06-03,cautious_decline,crisis,1.0,2022-06-03,59451.793118168,62807.75506591797,122259.54818408596,0.5137247437831887,2022-06-03,2.9488320730925127e-31,2.66404189595267e-08,0.9999999733595931
2022-06-06,stressed,0.758,7.0,0.564,"{'momentum': 0.63, 'mean_reversion': 0.65, 'trend_following': 0.65, 'fundamental': 0.73}",True,2.2722240512846083e-28,2.0899081555073565e-08,0.999999979100892,spike,high,range,weak,cautious,2022-06-06,cautious_decline,crisis,1.0,2022-06-06,59451.793118168,62951.70150756836,122403.49462573636,0.5142966032142373,2022-06-06,2.2722240512846083e-28,2.0899081555073565e-08,0.999999979100892
2022-06-07,stressed,0.758,7.0,0.564,"{'momentum': 0.63, 'mean_reversion': 0.65, 'trend_following': 0.66, 'fundamental': 0.73}",True,1.104529539586024e-25,4.065292860318447e-06,0.9999959347071222,spike,high,range,weak,cautious,2022-06-07,cautious_decline,crisis,1.0,2022-06-07,62345.349455694486,60024.99574279785,122370.34519849234,0.490519133908085,2022-06-07,1.104529539586024e-25,4.065292860318447e-06,0.9999959347071222
2022-06-08,stressed,0.758,7.0,0.564,"{'momentum': 0.63, 'mean_reversion': 0.66, 'trend_following': 0.66, 'fundamental': 0.73}",True,4.362089011974414e-25,2.6255264471966213e-08,0.9999999737447073,spike,high,range,weak,cautious,2022-06-08,cautious_decline,crisis,1.0,2022-06-08,63300.64667718596,58690.579528808594,121991.22620599456,0.48110492331394056,2022-06-08,4.362089011974414e-25,2.6255264471966213e-08,0.9999999737447073
2022-06-09,stressed,0.758,7.0,0.564,"{'momentum': 0.62, 'mean_reversion': 0.66, 'trend_following': 0.65, 'fundamental': 0.73}",True,1.2249375954334878e-27,2.973157177786371e-09,0.9999999970268618,spike,high,range,weak,cautious,2022-06-09,cautious_decline,crisis,1.0,2022-06-09,67785.95247886809,54055.234466552734,121841.18694542082,0.4436532163033422,2022-06-09,1.2249375954334878e-27,2.973157177786371e-09,0.9999999970268618
2022-06-10,stressed,0.758,7.0,0.564,"{'momentum': 0.64, 'mean_reversion': 0.67, 'trend_following': 0.66, 'fundamental': 0.73}",True,5.333699310750576e-35,5.725338310878461e-10,0.9999999994274731,spike,high,range,weak,cautious,2022-06-10,cautious_decline,crisis,1.0,2022-06-10,93233.94617780425,28488.28350830078,121722.229686105,0.2340433919241032,2022-06-10,5.333699310750576e-35,5.725338310878461e-10,0.9999999994274731
2022-06-13,crisis,0.626,5.0,0.451,"{'momentum': 0.6, 'mean_reversion': 0.64, 'trend_following': 0.64, 'fundamental': 0.71}",True,4.776136073417784e-42,3.954484932343708e-13,0.9999999999996021,spike,high,range,weak,stressed,2022-06-13,cautious_decline,crisis,1.0,2022-06-13,67594.32351234027,53606.00693321228,121200.33044555256,0.4422925806897365,2022-06-13,4.776136073417784e-42,3.954484932343708e-13,0.9999999999996021
2022-06-14,stressed,0.823,7.0,0.619,"{'momentum': 0.66, 'mean_reversion': 1.06, 'trend_following': 0.68, 'fundamental': 0.94}",True,1.8135008739528682e-44,1.0913276251564645e-13,0.9999999999998863,normal,high,range,weak,stressed,2022-06-14,cautious_decline,crisis,1.0,2022-06-14,35427.99240253105,85447.32370758057,120875.3161101116,0.7069046556183742,2022-06-14,1.8135008739528682e-44,1.0913276251564645e-13,0.9999999999998863
2022-06-15,stressed,0.823,7.0,0.619,"{'momentum': 0.65, 'mean_reversion': 1.05, 'trend_following': 0.67, 'fundamental': 0.93}",True,5.385563123259651e-50,1.3826726020420825e-10,0.9999999998617568,normal,high,range,weak,stressed,2022-06-15,cautious_decline,crisis,1.0,2022-06-15,49997.42623879192,71692.34461975098,121689.7708585429,0.5891402713140864,2022-06-15,5.385563123259651e-50,1.3826726020420825e-10,0.9999999998617568
2022-06-16,stressed,0.823,7.0,0.619,"{'momentum': 0.64, 'mean_reversion': 1.05, 'trend_following': 0.66, 'fundamental': 0.93}",True,2.1553477159095007e-44,1.7760874578826124e-11,0.9999999999822649,normal,high,range,weak,stressed,2022-06-16,cautious_decline,crisis,1.0,2022-06-16,55260.13365519535,64869.6079788208,120129.74163401616,0.53999623320968,2022-06-16,2.1553477159095007e-44,1.7760874578826124e-11,0.9999999999822649
2022-06-17,stressed,0.823,7.0,0.619,"{'momentum': 0.64, 'mean_reversion': 1.05, 'trend_following': 0.66, 'fundamental': 0.93}",True,1.0244774459103632e-48,1.3758341683966194e-08,0.9999999862416759,normal,high,range,weak,stressed,2022-06-17,cautious_decline,crisis,1.0,2022-06-17,72481.28070416822,47882.63506317139,120363.9157673396,0.3978155309912591,2022-06-17,1.0244774459103632e-48,1.3758341683966194e-08,0.9999999862416759
2022-06-21,stressed,0.823,7.0,0.619,"{'momentum': 0.64, 'mean_reversion': 1.05, 'trend_following': 0.66, 'fundamental': 0.93}",True,8.926884107714702e-43,1.9656869422248926e-10,0.9999999998034355,normal,high,range,weak,stressed,2022-06-21,cautious_decline,crisis,1.0,2022-06-21,88000.17690409276,32628.880920410156,120629.05782450292,0.2704893954148283,2022-06-21,8.926884107714702e-43,1.9656869422248926e-10,0.9999999998034355
2022-06-22,crisis,0.626,5.0,0.451,"{'momentum': 0.6, 'mean_reversion': 0.63, 'trend_following': 0.63, 'fundamental': 0.71}",True,5.79432498502865e-47,5.20896863846395e-08,0.9999999479103407,spike,high,range,weak,stressed,2022-06-22,cautious_decline,crisis,1.0,2022-06-22,88954.98121251959,31679.53199005127,120634.51320257086,0.2626075336902519,2022-06-22,5.79432498502865e-47,5.20896863846395e-08,0.9999999479103407
2022-06-23,crisis,0.573,5.0,0.406,"{'momentum': 0.59, 'mean_reversion': 0.62, 'trend_following': 0.87, 'fundamental': 0.7}",True,1.8007360526734944e-49,5.659439319717041e-08,0.9999999434056137,spike,high,bear,weak,stressed,2022-06-23,cautious_decline,crisis,1.0,2022-06-23,91147.03980422617,29558.89190673828,120705.93171096445,0.24488350727881644,2022-06-23,1.8007360526734944e-49,5.659439319717041e-08,0.9999999434056137
2022-06-24,crisis,0.573,5.0,0.406,"{'momentum': 0.6, 'mean_reversion': 0.63, 'trend_following': 0.88, 'fundamental': 0.71}",True,1.1912474205202884e-57,3.0429754482655798e-12,0.9999999999969305,spike,high,bear,weak,stressed,2022-06-24,cautious_decline,crisis,1.0,2022-06-24,92243.62034891674,28488.28350830078,120731.90385721752,0.2359631762453791,2022-06-24,1.1912474205202884e-57,3.0429754482655798e-12,0.9999999999969305
2022-06-27,crisis,0.706,5.0,0.519,"{'momentum': 0.62, 'mean_reversion': 0.65, 'trend_following': 0.9, 'fundamental': 0.72}",True,2.409726575377036e-54,2.0410992599497454e-11,0.9999999999795932,spike,high,bear,weak,cautious,2022-06-27,cautious_decline,crisis,1.0,2022-06-27,92243.62034891674,28488.28350830078,120731.90385721752,0.2359631762453791,2022-06-27,2.409726575377036e-54,2.0410992599497454e-11,0.9999999999795932
2022-06-28,crisis,0.706,5.0,0.519,"{'momentum': 0.62, 'mean_reversion': 0.65, 'trend_following': 0.9, 'fundamental': 0.72}",True,1.2981946278357985e-52,3.6082502781598394e-08,0.9999999639175037,spike,high,bear,weak,cautious,2022-06-28,cautious_decline,crisis,1.0,2022-06-28,92243.62034891674,28488.28350830078,120731.90385721752,0.2359631762453791,2022-06-28,1.2981946278357985e-52,3.6082502781598394e-08,0.9999999639175037
2022-06-29,crisis,0.573,5.0,0.406,"{'momentum': 0.59, 'mean_reversion': 0.62, 'trend_following': 0.88, 'fundamental': 0.7}",True,2.4978049793065525e-60,1.269391788143509e-06,0.9999987306081933,spike,high,bear,weak,stressed,2022-06-29,cautious_decline,crisis,1.0,2022-06-29,92243.62034891674,28488.28350830078,120731.90385721752,0.2359631762453791,2022-06-29,2.4978049793065525e-60,1.269391788143509e-06,0.9999987306081933
2022-06-30,crisis,0.573,5.0,0.406,"{'momentum': 0.59, 'mean_reversion': 0.62, 'trend_following': 0.87, 'fundamental': 0.7}",True,8.835548707358276e-58,1.2083146914475667e-06,0.9999987916852912,spike,high,bear,weak,stressed,2022-06-30,cautious_decline,crisis,1.0,2022-06-30,92243.62034891674,28488.28350830078,120731.90385721752,0.2359631762453791,2022-06-30,8.835548707358276e-58,1.2083146914475667e-06,0.9999987916852912
2022-07-01,crisis,0.573,5.0,0.406,"{'momentum': 0.6, 'mean_reversion': 0.62, 'trend_following': 0.88, 'fundamental': 0.7}",True,1.0672448587500502e-48,1.6532803527171526e-07,0.9999998346719531,spike,high,bear,weak,stressed,2022-07-01,cautious_decline,crisis,1.0,2022-07-01,92243.62034891674,28488.28350830078,120731.90385721752,0.2359631762453791,2022-07-01,1.0672448587500502e-48,1.6532803527171526e-07,0.9999998346719531
2022-07-05,crisis,0.573,5.0,0.406,"{'momentum': 0.6, 'mean_reversion': 0.63, 'trend_following': 0.88, 'fundamental': 0.71}",True,7.228447677627115e-62,3.530838098196111e-05,0.9999646916190379,spike,high,bear,weak,stressed,2022-07-05,cautious_decline,crisis,1.0,2022-07-05,92243.62034891674,28488.28350830078,120731.90385721752,0.2359631762453791,2022-07-05,7.228447677627115e-62,3.530838098196111e-05,0.9999646916190379
2022-07-06,crisis,0.573,5.0,0.405,"{'momentum': 0.84, 'mean_reversion': 0.64, 'trend_following': 1.06, 'fundamental': 0.72}",True,1.858496304595075e-69,0.00023854710784231996,0.9997614528921787,spike,normal,bear,weak,stressed,2022-07-06,cautious_decline,crisis,0.998,2022-07-06,92243.62034891674,28488.28350830078,120731.90385721752,0.2359631762453791,2022-07-06,1.858496304595075e-69,0.00023854710784231996,0.9997614528921787
2022-07-07,stressed,0.73,7.0,0.54,"{'momentum': 0.9, 'mean_reversion': 0.65, 'trend_following': 1.1, 'fundamental': 0.75}",True,5.160273870222547e-65,6.71670944213623e-06,0.9999932832905546,spike,normal,bear,weak,calm,2022-07-07,cautious_decline,crisis,1.0,2022-07-07,92243.62034891674,28488.28350830078,120731.90385721752,0.2359631762453791,2022-07-07,5.160273870222547e-65,6.71670944213623e-06,0.9999932832905546
2022-07-08,stressed,0.888,7.0,0.675,"{'momentum': 0.71, 'mean_reversion': 0.66, 'trend_following': 0.71, 'fundamental': 0.76}",True,1.9361898719689722e-67,5.683360117121176e-06,0.9999943166398634,spike,normal,range,weak,calm,2022-07-08,cautious_decline,crisis,1.0,2022-07-08,58173.62417151036,62802.04139518738,120975.66556669776,0.5191295381678441,2022-07-08,1.9361898719689722e-67,5.683360117121176e-06,0.9999943166398634
2022-07-11,stressed,0.888,7.0,0.673,"{'momentum': 0.71, 'mean_reversion': 0.66, 'trend_following': 0.71, 'fundamental': 0.75}",True,7.893298568556249e-74,0.0011582604930314548,0.9988417395069505,spike,normal,range,weak,calm,2022-07-11,cautious_decline,crisis,0.992,2022-07-11,52208.27368938372,68346.0478811264,120554.32157051012,0.5669315458023791,2022-07-11,7.893298568556249e-74,0.0011582604930314548,0.9988417395069505
2022-07-12,stressed,0.888,7.0,0.669,"{'momentum': 0.71, 'mean_reversion': 0.66, 'trend_following': 0.71, 'fundamental': 0.75}",True,4.419734938805702e-63,0.003999499269728129,0.996000500730292,spike,normal,range,weak,calm,2022-07-12,cautious_decline,crisis,0.976,2022-07-12,54625.53442348772,64885.53748893738,119511.0719124251,0.5429249060412074,2022-07-12,4.419734938805702e-63,0.003999499269728129,0.996000500730292
2022-07-13,stressed,0.888,7.0,0.588,"{'momentum': 0.71, 'mean_reversion': 0.66, 'trend_following': 0.71, 'fundamental': 0.75}",True,6.7959565090896e-66,0.884904072827858,0.11509592717213392,spike,normal,range,weak,calm,2022-07-13,cautious_decline,stressed,0.675,2022-07-13,73699.23273325621,45398.59935569763,119097.83208895384,0.38118745370435914,2022-07-13,6.7959565090896e-66,0.884904072827858,0.11509592717213392
2022-07-14,stressed,0.888,7.0,0.675,"{'momentum': 0.72, 'mean_reversion': 0.66, 'trend_following': 0.71, 'fundamental': 0.76}",True,1.0668105065438536e-72,0.9998949134495474,0.00010508655043619087,spike,normal,range,weak,calm,2022-07-14,cautious_decline,stressed,0.999,2022-07-14,60674.06306382247,58248.71952819824,118922.78259202073,0.4898028641663024,2022-07-14,1.0668105065438536e-72,0.9998949134495474,0.00010508655043619087
2022-07-15,stressed,0.888,7.0,0.675,"{'momentum': 0.69, 'mean_reversion': 0.66, 'trend_following': 0.7, 'fundamental': 0.75}",True,1.0922835549193698e-65,0.9999924258341717,7.574165839792512e-06,spike,normal,range,weak,calm,2022-07-15,cautious_decline,stressed,1.0,2022-07-15,58430.53061312997,60935.1760263443,119365.70663947429,0.5104914781796551,2022-07-15,1.0922835549193698e-65,0.9999924258341717,7.574165839792512e-06
2022-07-18,stressed,0.819,7.0,0.616,"{'momentum': 0.68, 'mean_reversion': 0.67, 'trend_following': 0.69, 'fundamental': 0.74}",True,1.4739737770239278e-58,0.9999985254393735,1.4745606119628126e-06,spike,normal,range,weak,cautious,2022-07-18,cautious_decline,stressed,1.0,2022-07-18,47125.46240978024,71367.66624069214,118493.12865047238,0.6022937114877811,2022-07-18,1.4739737770239278e-58,0.9999985254393735,1.4745606119628126e-06
2022-07-19,stressed,0.819,7.0,0.616,"{'momentum': 0.68, 'mean_reversion': 0.67, 'trend_following': 0.69, 'fundamental': 0.75}",True,8.567358681854406e-58,0.9999593470398834,4.0652960133301555e-05,spike,normal,range,weak,cautious,2022-07-19,cautious_decline,stressed,1.0,2022-07-19,56723.78325482169,62276.89615249634,119000.67940731804,0.5233322739220141,2022-07-19,8.567358681854406e-58,0.9999593470398834,4.0652960133301555e-05
2022-07-20,stressed,0.819,7.0,0.616,"{'momentum': 0.68, 'mean_reversion': 0.67, 'trend_following': 0.69, 'fundamental': 0.75}",True,2.6060335081277368e-58,0.999996223767791,3.776232181503187e-06,spike,normal,range,weak,cautious,2022-07-20,cautious_decline,stressed,1.0,2022-07-20,58374.77059797771,61131.875084877014,119506.64568285472,0.5115353605280499,2022-07-20,2.6060335081277368e-58,0.999996223767791,3.776232181503187e-06
2022-07-21,stressed,0.819,7.0,0.616,"{'momentum': 0.68, 'mean_reversion': 0.67, 'trend_following': 0.69, 'fundamental': 0.75}",True,3.0905633632485627e-61,0.999988678118344,1.1321881664849774e-05,spike,normal,range,weak,cautious,2022-07-21,cautious_decline,stressed,1.0,2022-07-21,70653.88490931224,48631.110092163086,119284.99500147533,0.4076884112000978,2022-07-21,3.0905633632485627e-61,0.999988678118344,1.1321881664849774e-05
2022-07-22,stressed,0.819,7.0,0.616,"{'momentum': 0.69, 'mean_reversion': 0.67, 'trend_following': 0.7, 'fundamental': 0.75}",True,1.2048388602615419e-53,0.9999971650164352,2.834983570386867e-06,spike,normal,range,weak,cautious,2022-07-22,cautious_decline,stressed,1.0,2022-07-22,75512.13960037737,43661.592056274414,119173.73165665178,0.36636926149184157,2022-07-22,1.2048388602615419e-53,0.9999971650164352,2.834983570386867e-06
2022-07-25,stressed,0.819,7.0,0.616,"{'momentum': 0.69, 'mean_reversion': 0.67, 'trend_following': 0.7, 'fundamental': 0.75}",True,1.0772995402109213e-50,0.9999998323874165,1.6761257880970014e-07,spike,normal,range,weak,cautious,2022-07-25,cautious_decline,stressed,1.0,2022-07-25,67688.31019585517,51673.24953842163,119361.5597342768,0.43291365874789867,2022-07-25,1.0772995402109213e-50,0.9999998323874165,1.6761257880970014e-07
2022-07-26,stressed,0.819,7.0,0.616,"{'momentum': 0.69, 'mean_reversion': 0.67, 'trend_following': 0.7, 'fundamental': 0.75}",True,3.861268643742805e-49,0.9999999246085765,7.539146347266768e-08,spike,normal,range,weak,cautious,2022-07-26,cautious_decline,stressed,1.0,2022-07-26,66116.64815125953,53086.2809753418,119202.92912660132,0.44534376264328784,2022-07-26,3.861268643742805e-49,0.9999999246085765,7.539146347266768e-08
2022-07-27,stressed,0.819,7.0,0.616,"{'momentum': 0.69, 'mean_reversion': 0.67, 'trend_following': 0.7, 'fundamental': 0.75}",True,8.992356805047129e-54,0.9999999932550168,6.744954833397517e-09,spike,normal,range,weak,cautious,2022-07-27,cautious_decline,stressed,1.0,2022-07-27,76810.39777113916,42757.43927001953,119567.8370411587,0.3575998389541929,2022-07-27,8.992356805047129e-54,0.9999999932550168,6.744954833397517e-09
2022-07-28,stressed,0.819,7.0,0.616,"{'momentum': 0.68, 'mean_reversion': 0.67, 'trend_following': 0.69, 'fundamental': 0.75}",True,5.43158021485306e-53,0.9999999991837285,8.162764123765423e-10,spike,normal,range,weak,cautious,2022-07-28,cautious_decline,stressed,1.0,2022-07-28,71307.22951694626,48431.428634643555,119738.6581515898,0.4044761264430498,2022-07-28,5.43158021485306e-53,0.9999999991837285,8.162764123765423e-10
2022-07-29,stressed,0.819,7.0,0.616,"{'momentum': 0.69, 'mean_reversion': 0.67, 'trend_following': 0.69, 'fundamental': 0.75}",True,2.387005848883212e-47,0.9999999916374236,8.36261840903548e-09,spike,normal,range,weak,cautious,2022-07-29,cautious_decline,stressed,1.0,2022-07-29,83694.65582031361,35932.82137298584,119627.47719329943,0.3003726419384735,2022-07-29,2.387005848883212e-47,0.9999999916374236,8.36261840903548e-09
2022-08-01,stressed,0.819,7.0,0.616,"{'momentum': 0.69, 'mean_reversion': 0.67, 'trend_following': 0.7, 'fundamental': 0.75}",True,4.677840177746155e-50,0.9999999914022055,8.597786281317535e-09,spike,normal,range,weak,cautious,2022-08-01,cautious_decline,stressed,1.0,2022-08-01,80540.55622717897,39227.63277435303,119768.189001532,0.32752964790885547,2022-08-01,4.677840177746155e-50,0.9999999914022055,8.597786281317535e-09
2022-08-02,stressed,0.829,7.0,0.65,"{'momentum': 0.68, 'mean_reversion': 0.93, 'trend_following': 0.69, 'fundamental': 0.95}",True,8.45372756813471e-43,0.999987437060115,1.256293992858459e-05,elevated,normal,range,weak,cautious,2022-08-02,cautious_decline,stressed,1.0,2022-08-02,80826.75930473834,38942.45910644531,119769.21841118364,0.3251458064354288,2022-08-02,8.45372756813471e-43,0.999987437060115,1.256293992858459e-05
2022-08-03,stressed,0.858,7.0,0.65,"{'momentum': 0.68, 'mean_reversion': 0.92, 'trend_following': 0.69, 'fundamental': 0.95}",True,3.7937004950982336e-42,0.9999966024923613,3.3975076429025747e-06,elevated,normal,range,weak,cautious,2022-08-03,cautious_decline,stressed,1.0,2022-08-03,80183.99041695383,39763.094566345215,119947.08498329904,0.3315053014575692,2022-08-03,3.7937004950982336e-42,0.9999966024923613,3.3975076429025747e-06
2022-08-04,stressed,0.927,7.0,0.709,"{'momentum': 0.72, 'mean_reversion': 0.92, 'trend_following': 0.72, 'fundamental': 0.96}",True,3.181728400685889e-41,0.9999998310802455,1.689197399521046e-07,elevated,normal,range,weak,calm,2022-08-04,cautious_decline,stressed,1.0,2022-08-04,82534.50389998528,37225.49632263184,119760.00022261712,0.31083413705272916,2022-08-04,3.181728400685889e-41,0.9999998310802455,1.689197399521046e-07
2022-08-05,stressed,0.927,7.0,0.709,"{'momentum': 0.72, 'mean_reversion': 0.92, 'trend_following': 0.72, 'fundamental': 0.96}",True,6.295632042354739e-37,0.9999984396968906,1.5603030559882044e-06,elevated,normal,range,weak,calm,2022-08-05,cautious_decline,stressed,1.0,2022-08-05,89777.133775104,29978.053497314453,119755.18727241844,0.25032780775600594,2022-08-05,6.295632042354739e-37,0.9999984396968906,1.5603030559882044e-06
2022-08-08,stressed,0.927,7.0,0.709,"{'momentum': 0.71, 'mean_reversion': 0.92, 'trend_following': 0.71, 'fundamental': 0.96}",True,8.389765057768149e-32,0.9999936121270665,6.387872910195091e-06,elevated,normal,range,weak,calm,2022-08-08,cautious_decline,stressed,1.0,2022-08-08,42177.89017091451,77408.27618980408,119586.16636071858,0.6473012602169258,2022-08-08,8.389765057768149e-32,0.9999936121270665,6.387872910195091e-06
2022-08-09,stressed,0.927,7.0,0.709,"{'momentum': 0.7, 'mean_reversion': 0.92, 'trend_following': 0.71, 'fundamental': 0.96}",True,2.866291439755876e-36,0.9999997168181781,2.831818555470461e-07,elevated,normal,range,weak,calm,2022-08-09,cautious_decline,stressed,1.0,2022-08-09,38409.70914230536,80744.32983970642,119154.0389820118,0.6776466037537852,2022-08-09,2.866291439755876e-36,0.9999997168181781,2.831818555470461e-07
2022-08-10,stressed,0.927,7.0,0.709,"{'momentum': 0.72, 'mean_reversion': 0.92, 'trend_following': 0.72, 'fundamental': 0.97}",True,4.903477460548206e-31,0.999999807526497,1.9247348494408833e-07,elevated,normal,range,weak,calm,2022-08-10,cautious_decline,stressed,1.0,2022-08-10,29630.225707826456,91099.75480651855,120729.980514345,0.7545744182050471,2022-08-10,4.903477460548206e-31,0.999999807526497,1.9247348494408833e-07
2022-08-11,stressed,0.927,7.0,0.709,"{'momentum': 0.7, 'mean_reversion': 0.92, 'trend_following': 0.71, 'fundamental': 0.96}",True,4.242640823376587e-29,0.9999988067609435,1.193239109089471e-06,elevated,normal,range,weak,calm,2022-08-11,cautious_decline,stressed,1.0,2022-08-11,21046.09281622755,99953.04851913452,120999.14133536207,0.8260641143072573,2022-08-11,4.242640823376587e-29,0.9999988067609435,1.193239109089471e-06
2022-08-12,stressed,0.927,7.0,0.709,"{'momentum': 0.71, 'mean_reversion': 0.92, 'trend_following': 0.71, 'fundamental': 0.96}",True,5.502325857680969e-25,0.9999923797018245,7.62029813150187e-06,elevated,normal,range,weak,calm,2022-08-12,cautious_decline,stressed,1.0,2022-08-12,33721.367657636365,88105.09381866455,121826.46147630092,0.7232016160610868,2022-08-12,5.502325857680969e-25,0.9999923797018245,7.62029813150187e-06
2022-08-15,stressed,0.927,7.0,0.709,"{'momentum': 0.7, 'mean_reversion': 0.92, 'trend_following': 0.71, 'fundamental': 0.96}",True,8.50943320764689e-32,0.9999991054475594,8.945524720484636e-07,elevated,normal,range,weak,calm,2022-08-15,cautious_decline,stressed,1.0,2022-08-15,26984.971024148665,95254.34268569946,122239.31370984812,0.7792447437311272,2022-08-15,8.50943320764689e-32,0.9999991054475594,8.945524720484636e-07
2022-08-16,cautious,0.379,12.0,0.889,"{'momentum': 0.72, 'mean_reversion': 0.92, 'trend_following': 0.71, 'fundamental': 0.98}",True,1.746472147536997e-28,0.9999973484740304,2.6515259365258486e-06,elevated,normal,range,recovering,calm,2022-08-16,emerging_expansion,stressed,1.0,2022-08-16,36803.596446153875,85420.83354949951,122224.4299956534,0.6988851046598237,2022-08-16,1.746472147536997e-28,0.9999973484740304,2.6515259365258486e-06
2022-08-17,cautious,0.379,12.0,0.889,"{'momentum': 0.72, 'mean_reversion': 0.92, 'trend_following': 0.71, 'fundamental': 0.98}",True,1.3192058422181718e-26,0.9999902134242387,9.786575760292839e-06,elevated,normal,range,recovering,calm,2022-08-17,emerging_expansion,stressed,1.0,2022-08-17,37794.739078105136,83921.34867477417,121716.0877528793,0.6894844405873449,2022-08-17,1.3192058422181718e-26,0.9999902134242387,9.786575760292839e-06
2022-08-18,cautious,0.379,12.0,0.889,"{'momentum': 0.71, 'mean_reversion': 0.91, 'trend_following': 0.71, 'fundamental': 0.97}",True,1.7105895879456074e-24,0.9999694562367398,3.05437632865104e-05,elevated,normal,range,recovering,calm,2022-08-18,emerging_expansion,stressed,1.0,2022-08-18,37794.739078105136,83981.60385513306,121776.3429332382,0.6896380843130964,2022-08-18,1.7105895879456074e-24,0.9999694562367398,3.05437632865104e-05
2022-08-19,cautious,0.379,12.0,0.889,"{'momentum': 0.71, 'mean_reversion': 0.92, 'trend_following': 0.71, 'fundamental': 0.97}",True,1.0458856815872268e-26,0.9998485168846124,0.0001514831153838301,elevated,normal,range,recovering,calm,2022-08-19,emerging_expansion,stressed,0.999,2022-08-19,52174.60386156902,68522.80319976807,120697.40706133709,0.567723904499005,2022-08-19,1.0458856815872268e-26,0.9998485168846124,0.0001514831153838301
2022-08-22,cautious,0.379,12.0,0.886,"{'momentum': 0.71, 'mean_reversion': 0.92, 'trend_following': 0.71, 'fundamental': 0.97}",True,1.4454812961758053e-34,0.9987202174023158,0.0012797825977299447,elevated,normal,range,recovering,calm,2022-08-22,emerging_expansion,stressed,0.991,2022-08-22,87843.20970749283,32346.695693969727,120189.90540146256,0.26912988728898785,2022-08-22,1.4454812961758053e-34,0.9987202174023158,0.0012797825977299447
2022-08-23,cautious,0.379,12.0,0.881,"{'momentum': 0.71, 'mean_reversion': 0.92, 'trend_following': 0.71, 'fundamental': 0.97}",True,1.3504870579884055e-31,0.9962125322468673,0.003787467753179222,elevated,normal,range,recovering,calm,2022-08-23,emerging_expansion,stressed,0.977,2022-08-23,46574.503103471034,73482.79179096222,120057.29489443326,0.6120643635655447,2022-08-23,1.3504870579884055e-31,0.9962125322468673,0.003787467753179222
2022-08-24,cautious,0.379,12.0,0.888,"{'momentum': 0.71, 'mean_reversion': 0.92, 'trend_following': 0.71, 'fundamental': 0.97}",True,2.040089300358542e-31,0.9996707472238797,0.00032925277614785186,elevated,normal,range,recovering,calm,2022-08-24,emerging_expansion,stressed,0.997,2022-08-24,46896.70004719258,73353.18221759796,120249.88226479052,0.6100062705764159,2022-08-24,2.040089300358542e-31,0.9996707472238797,0.00032925277614785186
2022-08-25,cautious,0.331,12.0,0.765,"{'momentum': 0.68, 'mean_reversion': 0.91, 'trend_following': 0.69, 'fundamental': 0.95}",True,1.5531907038120817e-30,0.9999309424359827,6.905756399625385e-05,elevated,normal,range,deteriorating,calm,2022-08-25,cautious_decline,stressed,0.999,2022-08-25,48300.97313708263,72513.80459499359,120814.7777320762,0.6002064147798474,2022-08-25,1.5531907038120817e-30,0.9999309424359827,6.905756399625385e-05
2022-08-26,cautious,0.331,12.0,0.75,"{'momentum': 0.7, 'mean_reversion': 0.92, 'trend_following': 0.7, 'fundamental': 0.96}",True,8.020740316577288e-35,0.9899946561306042,0.010005343869394112,elevated,normal,range,deteriorating,calm,2022-08-26,cautious_decline,stressed,0.949,2022-08-26,59918.9566477111,59450.91364097595,119369.87028868706,0.498039526198683,2022-08-26,8.020740316577288e-35,0.9899946561306042,0.010005343869394112
2022-08-29,stressed,0.835,7.0,0.562,"{'momentum': 0.65, 'mean_reversion': 0.91, 'trend_following': 0.67, 'fundamental': 0.93}",True,2.8319064018817506e-35,0.9124746290351853,0.08752537096480696,elevated,normal,range,deteriorating,stressed,2022-08-29,cautious_decline,stressed,0.73,2022-08-29,70132.21587695261,49033.849080085754,119166.06495703835,0.41147493707846605,2022-08-29,2.8319064018817506e-35,0.9124746290351853,0.08752537096480696
2022-08-30,stressed,0.835,7.0,0.477,"{'momentum': 0.65, 'mean_reversion': 0.91, 'trend_following': 0.67, 'fundamental': 0.93}",True,2.6457223060458625e-35,0.386927081891016,0.6130729181089578,elevated,normal,range,deteriorating,stressed,2022-08-30,cautious_decline,crisis,0.393,2022-08-30,72424.99625713518,46666.9057302475,119091.90198738268,0.39185624674288666,2022-08-30,2.6457223060458625e-35,0.386927081891016,0.6130729181089578
2022-08-31,stressed,0.835,7.0,0.583,"{'momentum': 0.65, 'mean_reversion': 0.91, 'trend_following': 0.67, 'fundamental': 0.93}",True,7.352336551188542e-33,0.05185275573390142,0.9481472442660958,elevated,normal,range,deteriorating,stressed,2022-08-31,cautious_decline,crisis,0.814,2022-08-31,69342.06679103924,49651.432191848755,118993.498982888,0.41726172115494253,2022-08-31,7.352336551188542e-33,0.05185275573390142,0.9481472442660958
2022-09-01,stressed,0.835,7.0,0.625,"{'momentum': 0.66, 'mean_reversion': 0.91, 'trend_following': 0.68, 'fundamental': 0.94}",True,2.5493409647673656e-37,0.003754465599046722,0.9962455344009662,elevated,normal,range,deteriorating,stressed,2022-09-01,cautious_decline,crisis,0.978,2022-09-01,61284.342195823025,57728.49750137329,119012.83969719632,0.48506108793178593,2022-09-01,2.5493409647673656e-37,0.003754465599046722,0.9962455344009662
2022-09-02,stressed,0.835,7.0,0.626,"{'momentum': 0.66, 'mean_reversion': 0.91, 'trend_following': 0.68, 'fundamental': 0.94}",True,4.302098643569177e-34,0.002401571722497482,0.9975984282774768,elevated,normal,range,deteriorating,stressed,2022-09-02,cautious_decline,crisis,0.985,2022-09-02,59164.7769268873,59666.63925552368,118831.416182411,0.50211165676872,2022-09-02,4.302098643569177e-34,0.002401571722497482,0.9975984282774768
2022-09-06,cautious,0.331,12.0,0.764,"{'momentum': 0.71, 'mean_reversion': 0.92, 'trend_following': 0.71, 'fundamental': 0.96}",True,8.982410382316802e-33,0.000381593912764368,0.999618406087249,elevated,normal,range,deteriorating,calm,2022-09-06,cautious_decline,crisis,0.997,2022-09-06,62390.68142801894,56153.898708343506,118544.58013636243,0.4736943573780378,2022-09-06,8.982410382316802e-33,0.000381593912764368,0.999618406087249
2022-09-07,cautious,0.331,12.0,0.762,"{'momentum': 0.7, 'mean_reversion': 0.92, 'trend_following': 0.71, 'fundamental': 0.96}",True,4.693754715162165e-37,0.0013569517034461216,0.9986430482965437,elevated,normal,range,deteriorating,calm,2022-09-07,cautious_decline,crisis,0.991,2022-09-07,63035.262790474386,56195.26363945007,119230.52642992446,0.47131607418069904,2022-09-07,4.693754715162165e-37,0.0013569517034461216,0.9986430482965437
2022-09-08,cautious,0.331,12.0,0.76,"{'momentum': 0.71, 'mean_reversion': 0.92, 'trend_following': 0.71, 'fundamental': 0.96}",True,2.3239205262138007e-32,0.0024902033042250218,0.9975097966957291,elevated,normal,range,deteriorating,calm,2022-09-08,cautious_decline,crisis,0.984,2022-09-08,68922.52979215735,50775.63429641723,119698.1640885746,0.4241972688807835,2022-09-08,2.3239205262138007e-32,0.0024902033042250218,0.9975097966957291
2022-09-09,cautious,0.331,12.0,0.763,"{'momentum': 0.7, 'mean_reversion': 0.92, 'trend_following': 0.7, 'fundamental': 0.96}",True,2.651205646636916e-32,0.0008920548160695133,0.9991079451839505,elevated,normal,range,deteriorating,calm,2022-09-09,cautious_decline,crisis,0.993,2022-09-09,73555.05473355432,46537.97279167175,120093.02752522608,0.38751602612313396,2022-09-09,2.651205646636916e-32,0.0008920548160695133,0.9991079451839505
2022-09-12,stressed,0.927,7.0,0.708,"{'momentum': 0.71, 'mean_reversion': 0.92, 'trend_following': 0.71, 'fundamental': 0.96}",True,3.845372682502987e-36,0.0006099252037506972,0.9993900747962673,elevated,normal,range,weak,calm,2022-09-12,cautious_decline,crisis,0.995,2022-09-12,86748.50118158138,33512.21661376953,120260.71779535092,0.2786630350136248,2022-09-12,3.845372682502987e-36,0.0006099252037506972,0.9993900747962673
2022-09-13,stressed,0.927,7.0,0.709,"{'momentum': 0.71, 'mean_reversion': 0.92, 'trend_following': 0.71, 'fundamental': 0.96}",True,6.405540679447639e-39,2.124317043005626e-05,0.9999787568295625,elevated,normal,range,weak,calm,2022-09-13,cautious_decline,crisis,1.0,2022-09-13,74131.29275284674,45565.86512374878,119697.15787659552,0.38067624939537775,2022-09-13,6.405540679447639e-39,2.124317043005626e-05,0.9999787568295625
2022-09-14,stressed,0.717,7.0,0.529,"{'momentum': 0.66, 'mean_reversion': 0.9, 'trend_following': 0.67, 'fundamental': 0.93}",True,2.525676991668882e-38,0.00011549597288251869,0.9998845040271324,elevated,normal,range,weak,panic,2022-09-14,cautious_decline,crisis,0.999,2022-09-14,67818.17170245826,52160.21666717529,119978.38836963355,0.4347467687803765,2022-09-14,2.525676991668882e-38,0.00011549597288251869,0.9998845040271324
2022-09-15,crisis,0.678,5.0,0.495,"{'momentum': 0.65, 'mean_reversion': 0.63, 'trend_following': 0.66, 'fundamental': 0.72}",True,6.707956287112109e-38,4.5120711098488464e-05,0.9999548792889252,spike,normal,range,weak,panic,2022-09-15,cautious_decline,crisis,1.0,2022-09-15,66604.61297707343,53350.5996131897,119955.21259026312,0.44475432506148727,2022-09-15,6.707956287112109e-38,4.5120711098488464e-05,0.9999548792889252
2022-09-16,crisis,0.678,5.0,0.495,"{'momentum': 0.66, 'mean_reversion': 0.64, 'trend_following': 0.68, 'fundamental': 0.73}",True,4.7220829386591265e-42,1.5520547943614205e-05,0.9999844794520465,spike,normal,range,weak,panic,2022-09-16,cautious_decline,crisis,1.0,2022-09-16,67966.9994198285,51464.45143508911,119431.4508549176,0.4309120509438244,2022-09-16,4.7220829386591265e-42,1.5520547943614205e-05,0.9999844794520465
2022-09-19,stressed,0.73,7.0,0.54,"{'momentum': 0.65, 'mean_reversion': 0.64, 'trend_following': 0.67, 'fundamental': 0.72}",True,1.5721618128566843e-45,4.639392165770123e-05,0.9999536060783646,spike,normal,range,weak,stressed,2022-09-19,cautious_decline,crisis,1.0,2022-09-19,70631.95476244536,48964.60771942139,119596.56248186674,0.40941484189267907,2022-09-19,1.5721618128566843e-45,4.639392165770123e-05,0.9999536060783646
2022-09-20,stressed,0.73,7.0,0.54,"{'momentum': 0.66, 'mean_reversion': 0.65, 'trend_following': 0.68, 'fundamental': 0.73}",True,5.6384311926656215e-43,7.847204368523944e-05,0.9999215279563007,spike,normal,range,weak,stressed,2022-09-20,cautious_decline,crisis,0.999,2022-09-20,75360.49872200501,43929.84907531738,119290.3477973224,0.3682598792481971,2022-09-20,5.6384311926656215e-43,7.847204368523944e-05,0.9999215279563007
2022-09-21,stressed,0.888,7.0,0.675,"{'momentum': 0.72, 'mean_reversion': 0.66, 'trend_following': 0.71, 'fundamental': 0.76}",True,1.8227934615073013e-49,2.8933307272544406e-05,0.9999710666927325,spike,normal,range,weak,calm,2022-09-21,cautious_decline,crisis,1.0,2022-09-21,74761.1664366721,44213.31887817383,118974.48531484592,0.37162017352855725,2022-09-21,1.8227934615073013e-49,2.8933307272544406e-05,0.9999710666927325
2022-09-22,stressed,0.888,7.0,0.675,"{'momentum': 0.73, 'mean_reversion': 0.67, 'trend_following': 0.72, 'fundamental': 0.77}",True,2.1339617979251788e-49,6.686858776706394e-05,0.9999331314121874,spike,normal,range,weak,calm,2022-09-22,cautious_decline,crisis,0.999,2022-09-22,76452.74329058557,42446.77136230469,118899.51465289026,0.35699701118395505,2022-09-22,2.1339617979251788e-49,6.686858776706394e-05,0.9999331314121874
2022-09-23,stressed,0.953,7.0,0.732,"{'momentum': 0.72, 'mean_reversion': 0.67, 'trend_following': 0.72, 'fundamental': 0.76}",True,1.0707982153905711e-50,3.3168674671818476e-06,0.9999966831325521,spike,normal,range,deteriorating,calm,2022-09-23,cautious_decline,crisis,1.0,2022-09-23,93735.81409241915,24813.160522460938,118548.97461488008,0.20930725552936524,2022-09-23,1.0707982153905711e-50,3.3168674671818476e-06,0.9999966831325521
2022-09-26,cautious,0.357,18.0,0.833,"{'momentum': 0.75, 'mean_reversion': 1.08, 'trend_following': 0.74, 'fundamental': 0.97}",True,2.3431610221977094e-57,1.0848914624168818e-06,0.999998915108583,normal,normal,range,deteriorating,calm,2022-09-26,cautious_decline,crisis,1.0,2022-09-26,16977.889079816094,100121.4848060608,117099.37388587688,0.8550129815692914,2022-09-26,2.3431610221977094e-57,1.0848914624168818e-06,0.999998915108583
2022-09-27,cautious,0.357,18.0,0.833,"{'momentum': 0.75, 'mean_reversion': 1.08, 'trend_following': 0.74, 'fundamental': 0.97}",True,2.1983961471137272e-51,7.897941382855847e-07,0.9999992102059131,normal,normal,range,deteriorating,calm,2022-09-27,cautious_decline,crisis,1.0,2022-09-27,48704.15313542568,69236.11101150513,117940.2641469308,0.587043886261356,2022-09-27,2.1983961471137272e-51,7.897941382855847e-07,0.9999992102059131
2022-09-28,cautious,0.357,18.0,0.833,"{'momentum': 0.73, 'mean_reversion': 1.08, 'trend_following': 0.72, 'fundamental': 0.96}",True,2.4672751158538128e-55,3.378986182309854e-05,0.9999662101382232,normal,normal,range,deteriorating,calm,2022-09-28,cautious_decline,crisis,1.0,2022-09-28,51446.786018164894,68155.33755111694,119602.12356928184,0.5698505638291333,2022-09-28,2.4672751158538128e-55,3.378986182309854e-05,0.9999662101382232
2022-09-29,cautious,0.357,18.0,0.833,"{'momentum': 0.74, 'mean_reversion': 1.08, 'trend_following': 0.73, 'fundamental': 0.97}",True,2.817857541650265e-53,1.2486161235785181e-06,0.9999987513839251,normal,normal,range,deteriorating,calm,2022-09-29,cautious_decline,crisis,1.0,2022-09-29,75958.60469871492,43074.63927459717,119033.24397331208,0.36187066601540946,2022-09-29,2.817857541650265e-53,1.2486161235785181e-06,0.9999987513839251
2022-09-30,stressed,0.914,7.0,0.698,"{'momentum': 0.68, 'mean_reversion': 1.06, 'trend_following': 0.69, 'fundamental': 0.94}",True,1.3273792262104178e-55,5.035403604008762e-06,0.9999949645963981,normal,normal,range,deteriorating,stressed,2022-09-30,cautious_decline,crisis,1.0,2022-09-30,78477.41389127362,40349.2384185791,118826.65230985273,0.3395638742170764,2022-09-30,1.3273792262104178e-55,5.035403604008762e-06,0.9999949645963981
2022-10-03,stressed,0.914,7.0,0.698,"{'momentum': 0.68, 'mean_reversion': 1.06, 'trend_following': 0.69, 'fundamental': 0.94}",True,7.90148849743292e-49,3.4261043881092914e-07,0.9999996573895392,normal,normal,range,deteriorating,stressed,2022-10-03,cautious_decline,crisis,1.0,2022-10-03,83396.61418836622,35850.9567489624,119247.57093732862,0.30064307781836597,2022-10-03,7.90148849743292e-49,3.4261043881092914e-07,0.9999996573895392
2022-10-04,stressed,0.848,7.0,0.642,"{'momentum': 0.69, 'mean_reversion': 1.07, 'trend_following': 0.69, 'fundamental': 0.94}",True,1.607357402051458e-53,9.510484171964962e-09,0.9999999904895276,normal,normal,range,weak,stressed,2022-10-04,cautious_decline,crisis,1.0,2022-10-04,84862.85963154718,34394.94289398193,119257.80252552911,0.28840832352767126,2022-10-04,1.607357402051458e-53,9.510484171964962e-09,0.9999999904895276
2022-10-05,stressed,0.848,7.0,0.642,"{'momentum': 0.67, 'mean_reversion': 1.06, 'trend_following': 0.69, 'fundamental': 0.94}",True,2.7398788903530407e-49,2.0462596974530163e-07,0.9999997953740586,normal,normal,range,weak,stressed,2022-10-05,cautious_decline,crisis,1.0,2022-10-05,83396.22013942487,35882.39412689209,119278.61426631696,0.30082839532974776,2022-10-05,2.7398788903530407e-49,2.0462596974530163e-07,0.9999997953740586
2022-10-06,stressed,0.848,7.0,0.642,"{'momentum': 0.68, 'mean_reversion': 1.06, 'trend_following': 0.69, 'fundamental': 0.94}",True,7.914148355886787e-54,7.959251641583016e-09,0.9999999920407845,normal,normal,range,weak,stressed,2022-10-06,cautious_decline,crisis,1.0,2022-10-06,82657.25791456315,36568.16139984131,119225.41931440444,0.30671447087477977,2022-10-06,7.914148355886787e-54,7.959251641583016e-09,0.9999999920407845
2022-10-07,stressed,0.848,7.0,0.642,"{'momentum': 0.68, 'mean_reversion': 1.07, 'trend_following': 0.69, 'fundamental': 0.94}",True,7.471306433794248e-57,1.1872435327997465e-07,0.9999998812755918,normal,normal,range,weak,stressed,2022-10-07,cautious_decline,crisis,1.0,2022-10-07,88363.6305069273,30860.15576171875,119223.78626864604,0.25884227239841046,2022-10-07,7.471306433794248e-57,1.1872435327997465e-07,0.9999998812755918
2022-10-10,stressed,0.848,7.0,0.642,"{'momentum': 0.67, 'mean_reversion': 1.06, 'trend_following': 0.68, 'fundamental': 0.94}",True,2.5176446488031607e-54,8.541425113274766e-07,0.9999991458575106,normal,normal,range,weak,stressed,2022-10-10,cautious_decline,crisis,1.0,2022-10-10,44514.61295782499,73745.89148044586,118260.50443827084,0.6235885076825413,2022-10-10,2.5176446488031607e-54,8.541425113274766e-07,0.9999991458575106
2022-10-11,stressed,0.848,7.0,0.642,"{'momentum': 0.69, 'mean_reversion': 1.07, 'trend_following': 0.7, 'fundamental': 0.95}",True,3.137391708706276e-47,1.6502740855759656e-07,0.9999998349725411,normal,normal,range,weak,stressed,2022-10-11,cautious_decline,crisis,1.0,2022-10-11,59085.808853490154,58480.61622238159,117566.42507587175,0.49742616724665223,2022-10-11,3.137391708706276e-47,1.6502740855759656e-07,0.9999998349725411
2022-10-12,cautious,0.335,18.0,0.777,"{'momentum': 0.74, 'mean_reversion': 1.08, 'trend_following': 0.73, 'fundamental': 0.97}",True,1.015964329754023e-39,1.4912183090128058e-08,0.9999999850878113,normal,normal,range,weak,calm,2022-10-12,cautious_decline,crisis,1.0,2022-10-12,51020.326799372,66875.48293304443,117895.80973241644,0.5672422377421991,2022-10-12,1.015964329754023e-39,1.4912183090128058e-08,0.9999999850878113
2022-10-13,cautious,0.335,18.0,0.777,"{'momentum': 0.73, 'mean_reversion': 1.08, 'trend_following': 0.72, 'fundamental': 0.96}",True,9.502259793282933e-54,1.85397352460296e-06,0.9999981460264413,normal,normal,range,weak,calm,2022-10-13,cautious_decline,crisis,1.0,2022-10-13,52225.157973973546,67158.33315467834,119383.49112865188,0.5625428819325291,2022-10-13,9.502259793282933e-54,1.85397352460296e-06,0.9999981460264413
2022-10-14,stressed,0.848,7.0,0.642,"{'momentum': 0.68, 'mean_reversion': 1.06, 'trend_following': 0.69, 'fundamental': 0.94}",True,1.6516701482108786e-61,8.466166742215385e-07,0.9999991533833454,normal,normal,range,weak,stressed,2022-10-14,cautious_decline,crisis,1.0,2022-10-14,70200.41549948516,49209.34396505356,119409.75946453871,0.41210487472481117,2022-10-14,1.6516701482108786e-61,8.466166742215385e-07,0.9999991533833454
2022-10-17,stressed,0.823,7.0,0.619,"{'momentum': 0.64, 'mean_reversion': 1.05, 'trend_following': 0.66, 'fundamental': 0.93}",True,1.1664137750277876e-64,9.856760798232351e-08,0.9999999014323797,normal,high,range,weak,stressed,2022-10-17,cautious_decline,crisis,1.0,2022-10-17,70867.46203728537,48891.98752260208,119759.44955988743,0.40825160521594533,2022-10-17,1.1664137750277876e-64,9.856760798232351e-08,0.9999999014323797
2022-10-18,stressed,0.823,7.0,0.619,"{'momentum': 0.64, 'mean_reversion': 1.05, 'trend_following': 0.66, 'fundamental': 0.93}",True,2.9652679129774698e-64,1.1747822039368897e-08,0.9999999882521707,normal,high,range,weak,stressed,2022-10-18,cautious_decline,crisis,1.0,2022-10-18,76738.79031645489,43173.56565093994,119912.35596739483,0.36004267702553683,2022-10-18,2.9652679129774698e-64,1.1747822039368897e-08,0.9999999882521707
2022-10-19,crisis,0.626,5.0,0.451,"{'momentum': 0.6, 'mean_reversion': 0.63, 'trend_following': 0.63, 'fundamental': 0.71}",True,1.9751354700860517e-55,2.406272563810204e-09,0.9999999975937044,spike,high,range,weak,stressed,2022-10-19,cautious_decline,crisis,1.0,2022-10-19,79342.79574636128,40436.854389190674,119779.65013555196,0.3375936926133044,2022-10-19,1.9751354700860517e-55,2.406272563810204e-09,0.9999999975937044
2022-10-20,crisis,0.626,5.0,0.451,"{'momentum': 0.6, 'mean_reversion': 0.63, 'trend_following': 0.63, 'fundamental': 0.71}",True,8.28700380406481e-57,4.4732681416237845e-07,0.9999995526732027,spike,high,range,weak,stressed,2022-10-20,cautious_decline,crisis,1.0,2022-10-20,78608.37230954912,41250.96442985535,119859.33673940446,0.34416146085925947,2022-10-20,8.28700380406481e-57,4.4732681416237845e-07,0.9999995526732027
2022-10-21,crisis,0.626,5.0,0.451,"{'momentum': 0.6, 'mean_reversion': 0.63, 'trend_following': 0.63, 'fundamental': 0.7}",True,1.3790204060613836e-61,3.2987049643745976e-09,0.9999999967013196,spike,high,range,weak,stressed,2022-10-21,cautious_decline,crisis,1.0,2022-10-21,78608.37230954912,41371.46442985535,119979.83673940446,0.3448201427354326,2022-10-21,1.3790204060613836e-61,3.2987049643745976e-09,0.9999999967013196
2022-10-24,crisis,0.626,5.0,0.451,"{'momentum': 0.6, 'mean_reversion': 0.63, 'trend_following': 0.64, 'fundamental': 0.71}",True,1.1258218466832261e-59,1.9973968888480076e-08,0.9999999800260186,spike,high,range,weak,stressed,2022-10-24,cautious_decline,crisis,1.0,2022-10-24,79745.30427545759,40228.834606170654,119974.13888162824,0.3353125513646086,2022-10-24,1.1258218466832261e-59,1.9973968888480076e-08,0.9999999800260186
2022-10-25,stressed,0.758,7.0,0.564,"{'momentum': 0.62, 'mean_reversion': 0.65, 'trend_following': 0.65, 'fundamental': 0.72}",True,2.8832293852553572e-61,1.4355079554583265e-07,0.999999856449232,spike,high,range,weak,cautious,2022-10-25,cautious_decline,crisis,1.0,2022-10-25,76367.52667017384,43862.02433395386,120229.5510041277,0.36481899805521184,2022-10-25,2.8832293852553572e-61,1.4355079554583265e-07,0.999999856449232
2022-10-26,stressed,0.819,7.0,0.616,"{'momentum': 0.67, 'mean_reversion': 0.66, 'trend_following': 0.68, 'fundamental': 0.74}",True,9.120841599884614e-56,7.197564014190655e-08,0.999999928024354,spike,normal,range,weak,cautious,2022-10-26,cautious_decline,crisis,1.0,2022-10-26,31781.17261995735,88318.22771453857,120099.40033449592,0.7353760923748018,2022-10-26,9.120841599884614e-56,7.197564014190655e-08,0.999999928024354
2022-10-27,stressed,0.819,7.0,0.616,"{'momentum': 0.68, 'mean_reversion': 0.67, 'trend_following': 0.69, 'fundamental': 0.75}",True,2.907587829883151e-59,5.926593623723813e-07,0.9999994073406293,spike,normal,range,weak,cautious,2022-10-27,cautious_decline,crisis,1.0,2022-10-27,37566.467744355235,82409.15968322754,119975.62742758276,0.6868825064738225,2022-10-27,2.907587829883151e-59,5.926593623723813e-07,0.9999994073406293
2022-10-28,stressed,0.819,7.0,0.616,"{'momentum': 0.68, 'mean_reversion': 0.67, 'trend_following': 0.69, 'fundamental': 0.75}",True,5.612194931607551e-64,1.3556941734221576e-06,0.9999986443058427,spike,normal,range,weak,cautious,2022-10-28,cautious_decline,crisis,1.0,2022-10-28,51499.255096212495,68716.48743343353,120215.74252964604,0.5716097242130128,2022-10-28,5.612194931607551e-64,1.3556941734221576e-06,0.9999986443058427
2022-10-31,stressed,0.858,7.0,0.65,"{'momentum': 0.68, 'mean_reversion': 0.93, 'trend_following': 0.69, 'fundamental': 0.95}",True,1.0976288462374702e-60,8.582112210062412e-06,0.9999914178877622,elevated,normal,range,weak,cautious,2022-10-31,cautious_decline,crisis,1.0,2022-10-31,52786.99946037294,67325.74554634094,120112.74500671389,0.5605212464553838,2022-10-31,1.0976288462374702e-60,8.582112210062412e-06,0.9999914178877622
2022-11-01,stressed,0.858,7.0,0.649,"{'momentum': 0.68, 'mean_reversion': 0.92, 'trend_following': 0.69, 'fundamental': 0.95}",True,6.942266453422662e-57,0.00045199032921898973,0.9995480096707615,elevated,normal,range,weak,cautious,2022-11-01,cautious_decline,crisis,0.996,2022-11-01,46432.0380379434,73756.09461784363,120188.13265578702,0.6136720239183473,2022-11-01,6.942266453422662e-57,0.00045199032921898973,0.9995480096707615
2022-11-02,stressed,0.858,7.0,0.65,"{'momentum': 0.69, 'mean_reversion': 0.93, 'trend_following': 0.7, 'fundamental': 0.96}",True,7.491344858318221e-61,5.504768844184545e-05,0.9999449523115415,elevated,normal,range,weak,cautious,2022-11-02,cautious_decline,crisis,0.999,2022-11-02,38489.23005549184,80465.16247367859,118954.39252917044,0.6764370845233532,2022-11-02,7.491344858318221e-61,5.504768844184545e-05,0.9999449523115415
2022-11-03,stressed,0.77,7.0,0.574,"{'momentum': 0.67, 'mean_reversion': 0.91, 'trend_following': 0.68, 'fundamental': 0.94}",True,1.1414905697411807e-54,1.112974777492752e-05,0.9999888702522294,elevated,normal,range,weak,stressed,2022-11-03,cautious_decline,crisis,1.0,2022-11-03,22315.073359732913,96492.06197738647,118807.13533711938,0.8121739633195169,2022-11-03,1.1414905697411807e-54,1.112974777492752e-05,0.9999888702522294
2022-11-04,stressed,0.848,7.0,0.641,"{'momentum': 0.72, 'mean_reversion': 1.07, 'trend_following': 0.72, 'fundamental': 0.96}",True,1.9232249367034503e-51,7.298849262018862e-05,0.9999270115073888,normal,normal,range,weak,stressed,2022-11-04,cautious_decline,crisis,0.999,2022-11-04,22315.073359732913,97229.43269824982,119544.50605798273,0.8133325060633951,2022-11-04,1.9232249367034503e-51,7.298849262018862e-05,0.9999270115073888
2022-11-07,stressed,0.848,7.0,0.641,"{'momentum': 0.7, 'mean_reversion': 1.06, 'trend_following': 0.7, 'fundamental': 0.95}",True,2.473213762615923e-47,0.00017631123079860615,0.9998236887692209,normal,normal,range,weak,stressed,2022-11-07,cautious_decline,crisis,0.998,2022-11-07,56082.08180661863,63551.41321182251,119633.49501844114,0.5312175591127406,2022-11-07,2.473213762615923e-47,0.00017631123079860615,0.9998236887692209
2022-11-08,stressed,0.848,7.0,0.641,"{'momentum': 0.7, 'mean_reversion': 1.06, 'trend_following': 0.7, 'fundamental': 0.95}",True,6.657495326323562e-49,0.00018588076938006273,0.999814119230637,normal,normal,range,weak,stressed,2022-11-08,cautious_decline,crisis,0.998,2022-11-08,60950.44022923676,58723.01623535156,119673.45646458832,0.4906937425403757,2022-11-08,6.657495326323562e-49,0.00018588076938006273,0.999814119230637
2022-11-09,stressed,0.848,7.0,0.641,"{'momentum': 0.72, 'mean_reversion': 1.07, 'trend_following': 0.71, 'fundamental': 0.96}",True,3.40527730644298e-53,4.529872940395753e-05,0.9999547012706049,normal,normal,range,weak,stressed,2022-11-09,cautious_decline,crisis,1.0,2022-11-09,64912.4827218139,54535.568786621094,119448.051508435,0.45656306735794666,2022-11-09,3.40527730644298e-53,4.529872940395753e-05,0.9999547012706049
2022-11-10,stressed,0.848,7.0,0.642,"{'momentum': 0.71, 'mean_reversion': 1.07, 'trend_following': 0.71, 'fundamental': 0.96}",True,1.2020554459299842e-63,4.350469814167517e-09,0.9999999956495458,normal,normal,range,weak,stressed,2022-11-10,cautious_decline,crisis,1.0,2022-11-10,57788.42148774837,61955.76679229736,119744.18828004572,0.5174010336718924,2022-11-10,1.2020554459299842e-63,4.350469814167517e-09,0.9999999956495458
2022-11-11,stressed,0.796,7.0,0.597,"{'momentum': 0.71, 'mean_reversion': 1.06, 'trend_following': 0.71, 'fundamental': 0.96}",True,3.6470001922411617e-59,1.884068235695154e-07,0.9999998115931881,normal,normal,range,weak,panic,2022-11-11,cautious_decline,crisis,1.0,2022-11-11,34666.5771053177,85039.61555862427,119706.19266394195,0.7104028092962646,2022-11-11,3.6470001922411617e-59,1.884068235695154e-07,0.9999998115931881
2022-11-14,cautious,0.335,18.0,0.776,"{'momentum': 0.72, 'mean_reversion': 1.06, 'trend_following': 0.72, 'fundamental': 0.97}",True,5.270765675874939e-55,9.02177954051085e-05,0.999909782204606,normal,normal,range,recovering,panic,2022-11-14,emerging_expansion,crisis,0.999,2022-11-14,63832.6591146388,55634.08738708496,119466.74650172376,0.46568680420440034,2022-11-14,5.270765675874939e-55,9.02177954051085e-05,0.999909782204606
2022-11-15,stressed,0.927,7.0,0.708,"{'momentum': 0.68, 'mean_reversion': 0.91, 'trend_following': 0.69, 'fundamental': 0.96}",True,2.9663396617509133e-55,0.0006737086551649142,0.9993262913448141,elevated,normal,range,recovering,panic,2022-11-15,emerging_expansion,crisis,0.995,2022-11-15,68480.68492112705,50857.505363464355,119338.1902845914,0.42616286741220116,2022-11-15,2.9663396617509133e-55,0.0006737086551649142,0.9993262913448141
2022-11-16,stressed,0.927,7.0,0.708,"{'momentum': 0.69, 'mean_reversion': 0.91, 'trend_following': 0.7, 'fundamental': 0.96}",True,4.908027326966807e-60,0.00044641186952784146,0.999553588130457,elevated,normal,range,recovering,panic,2022-11-16,emerging_expansion,crisis,0.996,2022-11-16,72349.6537105685,46927.375,119277.0287105685,0.39343179074213486,2022-11-16,4.908027326966807e-60,0.00044641186952784146,0.999553588130457
2022-11-17,stressed,0.927,7.0,0.531,"{'momentum': 0.69, 'mean_reversion': 0.91, 'trend_following': 0.7, 'fundamental': 0.96}",True,1.0800426615382103e-58,0.5320515284057945,0.4679484715941839,elevated,normal,range,recovering,panic,2022-11-17,emerging_expansion,stressed,0.371,2022-11-17,70721.80940384924,48560.34468460083,119282.15408845009,0.40710486036823557,2022-11-17,1.0800426615382103e-58,0.5320515284057945,0.4679484715941839
2022-11-18,cautious,0.379,12.0,0.888,"{'momentum': 0.73, 'mean_reversion': 0.92, 'trend_following': 0.72, 'fundamental': 0.97}",True,2.374344550828803e-57,0.9995977207989822,0.0004022792010399362,elevated,normal,range,recovering,calm,2022-11-18,emerging_expansion,stressed,0.997,2022-11-18,75900.85497448039,43391.96667480469,119292.82164928508,0.36374331728337267,2022-11-18,2.374344550828803e-57,0.9995977207989822,0.0004022792010399362
2022-11-21,cautious,0.379,12.0,0.889,"{'momentum': 0.73, 'mean_reversion': 0.92, 'trend_following': 0.72, 'fundamental': 0.97}",True,4.5205238260431426e-60,0.999985903742006,1.4096258008855578e-05,elevated,normal,range,recovering,calm,2022-11-21,emerging_expansion,stressed,1.0,2022-11-21,71688.15590641694,47401.15125274658,119089.30715916352,0.398030288222222,2022-11-21,4.5205238260431426e-60,0.999985903742006,1.4096258008855578e-05
2022-11-22,cautious,0.397,12.0,0.933,"{'momentum': 0.72, 'mean_reversion': 0.91, 'trend_following': 0.71, 'fundamental': 0.97}",True,1.7751787685752085e-52,0.9997500589082814,0.0002499410917117827,elevated,normal,range,strong,calm,2022-11-22,emerging_expansion,stressed,0.998,2022-11-22,71688.15590641694,47546.538803100586,119234.69470951751,0.3987642935551152,2022-11-22,1.7751787685752085e-52,0.9997500589082814,0.0002499410917117827
2022-11-23,cautious,0.397,12.0,0.934,"{'momentum': 0.72, 'mean_reversion': 0.91, 'trend_following': 0.72, 'fundamental': 0.97}",True,4.783538299094577e-56,0.9999590378589768,4.096214103865322e-05,elevated,normal,range,strong,calm,2022-11-23,emerging_expansion,stressed,1.0,2022-11-23,71833.62118677613,47418.18298339844,119251.80417017455,0.3976307386991966,2022-11-23,4.783538299094577e-56,0.9999590378589768,4.096214103865322e-05
2022-11-25,cautious,0.397,12.0,0.934,"{'momentum': 0.72, 'mean_reversion': 0.91, 'trend_following': 0.72, 'fundamental': 0.97}",True,1.5738726229763258e-56,0.9999878227127597,1.2177287244006123e-05,elevated,normal,range,strong,calm,2022-11-25,emerging_expansion,stressed,1.0,2022-11-25,71833.62118677613,47407.91008377075,119241.53127054688,0.39757884336630195,2022-11-25,1.5738726229763258e-56,0.9999878227127597,1.2177287244006123e-05
2022-11-28,cautious,0.397,12.0,0.934,"{'momentum': 0.72, 'mean_reversion': 0.91, 'trend_following': 0.72, 'fundamental': 0.97}",True,3.782289908624075e-55,0.9999980347369031,1.9652630836192354e-06,elevated,normal,range,strong,calm,2022-11-28,emerging_expansion,stressed,1.0,2022-11-28,71833.62118677613,47295.25295257568,119128.8741393518,0.39700914907708895,2022-11-28,3.782289908624075e-55,0.9999980347369031,1.9652630836192354e-06
2022-11-29,cautious,0.408,12.0,0.964,"{'momentum': 0.75, 'mean_reversion': 0.9, 'trend_following': 0.73, 'fundamental': 0.97}",True,1.5612595056432301e-55,0.9999994337753049,5.662246702776412e-07,elevated,low,range,strong,calm,2022-11-29,robust_expansion,stressed,1.0,2022-11-29,71833.62118677613,47303.02872848511,119136.64991526124,0.3970485049070165,2022-11-29,1.5612595056432301e-55,0.9999994337753049,5.662246702776412e-07
2022-11-30,cautious,0.408,12.0,0.963,"{'momentum': 0.72, 'mean_reversion': 0.9, 'trend_following': 0.71, 'fundamental': 0.96}",True,8.612363710491678e-55,0.9998950673696241,0.00010493263038190412,elevated,low,range,strong,calm,2022-11-30,emerging_expansion,stressed,0.999,2022-11-30,69208.7491742293,50274.30492401123,119483.05409824054,0.42076514785665786,2022-11-30,8.612363710491678e-55,0.9998950673696241,0.00010493263038190412
2022-12-01,cautious,0.356,12.0,0.829,"{'momentum': 0.68, 'mean_reversion': 0.88, 'trend_following': 0.69, 'fundamental': 0.94}",True,1.7936430916520374e-56,0.9999999999789111,2.1115549578502006e-11,elevated,low,range,strong,stressed,2022-12-01,cautious_decline,stressed,1.0,2022-12-01,75734.00410921015,43799.08642959595,119533.0905388061,0.36641808751173127,2022-12-01,1.7936430916520374e-56,0.9999999999789111,2.1115549578502006e-11
2022-12-02,cautious,0.356,12.0,0.829,"{'momentum': 0.68, 'mean_reversion': 0.88, 'trend_following': 0.69, 'fundamental': 0.94}",True,1.4321021937201298e-57,0.9999999999359943,6.403156669180998e-11,elevated,low,range,strong,stressed,2022-12-02,cautious_decline,stressed,1.0,2022-12-02,76389.66413522651,43112.11678314209,119501.7809183686,0.3607654752241046,2022-12-02,1.4321021937201298e-57,0.9999999999359943,6.403156669180998e-11
2022-12-05,cautious,0.356,12.0,0.829,"{'momentum': 0.67, 'mean_reversion': 0.88, 'trend_following': 0.68, 'fundamental': 0.93}",True,5.541558330833875e-60,0.9999999999671445,3.288031460467889e-11,elevated,low,range,strong,stressed,2022-12-05,cautious_decline,stressed,1.0,2022-12-05,78081.80160043621,41350.126918792725,119431.92851922894,0.34622338792875823,2022-12-05,5.541558330833875e-60,0.9999999999671445,3.288031460467889e-11
2022-12-06,cautious,0.356,12.0,0.829,"{'momentum': 0.67, 'mean_reversion': 0.88, 'trend_following': 0.68, 'fundamental': 0.93}",True,1.2640912759657448e-64,0.9999999999848797,1.508435270543878e-11,elevated,low,range,strong,stressed,2022-12-06,cautious_decline,stressed,1.0,2022-12-06,70464.40449656351,48820.435218811035,119284.83971537456,0.4092761103196469,2022-12-06,1.2640912759657448e-64,0.9999999999848797,1.508435270543878e-11
2022-12-07,cautious,0.356,12.0,0.829,"{'momentum': 0.68, 'mean_reversion': 0.88, 'trend_following': 0.68, 'fundamental': 0.94}",True,3.54589680063467e-66,0.9999999999902229,9.823281862822585e-12,elevated,low,range,strong,stressed,2022-12-07,cautious_decline,stressed,1.0,2022-12-07,70464.40449656351,48753.04363441467,119217.44813097818,0.40894218420823913,2022-12-07,3.54589680063467e-66,0.9999999999902229,9.823281862822585e-12
2022-12-08,cautious,0.408,12.0,0.964,"{'momentum': 0.75, 'mean_reversion': 0.9, 'trend_following': 0.73, 'fundamental': 0.97}",True,4.4999660624569484e-68,0.9999999999988631,1.100195090411338e-12,elevated,low,range,strong,calm,2022-12-08,robust_expansion,stressed,1.0,2022-12-08,71007.05066721236,48260.04588508606,119267.09655229842,0.4046383896326688,2022-12-08,4.4999660624569484e-68,0.9999999999988631,1.100195090411338e-12
2022-12-09,cautious,0.408,12.0,0.964,"{'momentum': 0.75, 'mean_reversion': 0.9, 'trend_following': 0.73, 'fundamental': 0.98}",True,9.698104079396889e-45,0.9999999999783995,2.1650855565308223e-11,elevated,low,range,strong,calm,2022-12-09,robust_expansion,stressed,1.0,2022-12-09,71289.79536011977,47917.41873550415,119207.21409562392,0.40196744046938676,2022-12-09,9.698104079396889e-45,0.9999999999783995,2.1650855565308223e-11
2022-12-12,cautious,0.343,12.0,0.795,"{'momentum': 0.69, 'mean_reversion': 0.9, 'trend_following': 0.7, 'fundamental': 0.95}",True,1.790825361550148e-45,0.9999999999754436,2.4608289970512095e-11,elevated,low,range,deteriorating,calm,2022-12-12,cautious_decline,stressed,1.0,2022-12-12,71051.58076831335,48258.6276550293,119310.20842334264,0.40448028959764737,2022-12-12,1.790825361550148e-45,0.9999999999754436,2.4608289970512095e-11
2022-12-13,cautious,0.343,12.0,0.795,"{'momentum': 0.72, 'mean_reversion': 0.91, 'trend_following': 0.71, 'fundamental': 0.96}",True,4.170793935380442e-44,1.0,4.2853742985631085e-14,elevated,low,range,deteriorating,calm,2022-12-13,cautious_decline,stressed,1.0,2022-12-13,72837.4367518934,46628.62059593201,119466.0573478254,0.3903085247065013,2022-12-13,4.170793935380442e-44,1.0,4.2853742985631085e-14
2022-12-14,cautious,0.343,12.0,0.795,"{'momentum': 0.7, 'mean_reversion': 0.91, 'trend_following': 0.7, 'fundamental': 0.96}",True,1.4387205372649148e-41,1.0,9.577931555519152e-15,elevated,low,range,deteriorating,calm,2022-12-14,cautious_decline,stressed,1.0,2022-12-14,78995.72338058703,40432.14976119995,119427.873141787,0.33854868798674953,2022-12-14,1.4387205372649148e-41,1.0,9.577931555519152e-15
2022-12-15,cautious,0.343,12.0,0.795,"{'momentum': 0.7, 'mean_reversion': 0.9, 'trend_following': 0.7, 'fundamental': 0.96}",True,6.489765068202419e-45,0.9999999999986358,1.3238949089590096e-12,elevated,low,range,deteriorating,calm,2022-12-15,emerging_expansion,stressed,1.0,2022-12-15,78526.04179860273,40884.40309715271,119410.44489575544,0.3423854850624209,2022-12-15,6.489765068202419e-45,0.9999999999986358,1.3238949089590096e-12
2022-12-16,stressed,0.924,7.0,0.706,"{'momentum': 0.69, 'mean_reversion': 0.92, 'trend_following': 0.69, 'fundamental': 0.96}",True,1.833879981228997e-41,0.9999999999967031,3.2672036367280375e-12,elevated,normal,range,deteriorating,cautious,2022-12-16,cautious_decline,stressed,1.0,2022-12-16,80402.56657042168,39005.47265625,119408.03922667168,0.3266570065873547,2022-12-16,1.833879981228997e-41,0.9999999999967031,3.2672036367280375e-12
2022-12-19,stressed,0.884,7.0,0.672,"{'momentum': 0.68, 'mean_reversion': 0.65, 'trend_following': 0.69, 'fundamental': 0.74}",True,3.6561392663138247e-45,0.9999999999994316,5.209351554153609e-13,spike,normal,range,deteriorating,cautious,2022-12-19,cautious_decline,stressed,1.0,2022-12-19,80866.1879126301,38531.47235107422,119397.66026370433,0.322715472530808,2022-12-19,3.6561392663138247e-45,0.9999999999994316,5.209351554153609e-13
2022-12-20,stressed,0.884,7.0,0.672,"{'momentum': 0.66, 'mean_reversion': 0.64, 'trend_following': 0.67, 'fundamental': 0.74}",True,5.759103003106973e-39,0.9999999999996589,3.919107518990898e-13,spike,normal,range,deteriorating,cautious,2022-12-20,cautious_decline,stressed,1.0,2022-12-20,-13326.184892465822,132987.31553840637,119661.13064594056,1.1113660285552207,2022-12-20,5.759103003106973e-39,0.9999999999996589,3.919107518990898e-13
2022-12-21,stressed,0.884,7.0,0.672,"{'momentum': 0.67, 'mean_reversion': 0.64, 'trend_following': 0.68, 'fundamental': 0.74}",True,1.2370437257803925e-35,0.9999999999995453,4.1429541380298697e-13,spike,normal,range,deteriorating,cautious,2022-12-21,cautious_decline,stressed,1.0,2022-12-21,-8564.74716253898,129297.86345863342,120733.11629609443,1.0709395021456598,2022-12-21,1.2370437257803925e-35,0.9999999999995453,4.1429541380298697e-13
2022-12-22,stressed,0.884,7.0,0.672,"{'momentum': 0.68, 'mean_reversion': 0.65, 'trend_following': 0.68, 'fundamental': 0.74}",True,4.3958003891879245e-33,1.0,1.4635989538086322e-14,spike,normal,range,deteriorating,cautious,2022-12-22,cautious_decline,stressed,1.0,2022-12-22,-512.4840287005906,120988.1741809845,120475.6901522839,1.0042538376667758,2022-12-22,4.3958003891879245e-33,1.0,1.4635989538086322e-14
2022-12-23,stressed,0.884,7.0,0.672,"{'momentum': 0.67, 'mean_reversion': 0.64, 'trend_following': 0.68, 'fundamental': 0.74}",True,1.974207845734768e-29,1.0,4.548449023390917e-16,spike,normal,range,deteriorating,cautious,2022-12-23,cautious_decline,stressed,1.0,2022-12-23,7505.872791712195,113263.433675766,120769.3064674782,0.9378494999163265,2022-12-23,1.974207845734768e-29,1.0,4.548449023390917e-16
2022-12-27,stressed,0.95,7.0,0.728,"{'momentum': 0.67, 'mean_reversion': 0.65, 'trend_following': 0.68, 'fundamental': 0.75}",True,8.045225049899793e-29,1.0,9.077326125380355e-17,spike,normal,range,narrow,cautious,2022-12-27,cautious_decline,stressed,1.0,2022-12-27,17395.579682479052,103594.22181129456,120989.80149377362,0.8562227603673334,2022-12-27,8.045225049899793e-29,1.0,9.077326125380355e-17
2022-12-28,stressed,0.95,7.0,0.728,"{'momentum': 0.7, 'mean_reversion': 0.67, 'trend_following': 0.7, 'fundamental': 0.76}",True,1.6108379231911528e-30,1.0,4.369963631004983e-16,spike,normal,range,narrow,cautious,2022-12-28,cautious_decline,stressed,1.0,2022-12-28,-12010.15297119106,131994.57505607605,119984.422084885,1.100097602359532,2022-12-28,1.6108379231911528e-30,1.0,4.369963631004983e-16
2022-12-29,stressed,0.95,7.0,0.728,"{'momentum': 0.68, 'mean_reversion': 0.66, 'trend_following': 0.69, 'fundamental': 0.75}",True,1.4916819924530617e-28,1.0,1.424451646011352e-16,spike,normal,range,narrow,cautious,2022-12-29,cautious_decline,stressed,1.0,2022-12-29,-6004.174387928907,126825.49605369568,120821.32166576677,1.049694659064718,2022-12-29,1.4916819924530617e-28,1.0,1.424451646011352e-16
2022-12-30,stressed,0.95,7.0,0.728,"{'momentum': 0.68, 'mean_reversion': 0.65, 'trend_following': 0.69, 'fundamental': 0.75}",True,1.2736061381078744e-26,1.0,1.8836304792456377e-15,spike,normal,range,narrow,cautious,2022-12-30,cautious_decline,stressed,1.0,2022-12-30,10455.75006002836,109864.99706840517,120320.74712843352,0.9131010211491821,2022-12-30,1.2736061381078744e-26,1.0,1.8836304792456377e-15
2023-01-03,stressed,0.95,7.0,0.728,"{'momentum': 0.68, 'mean_reversion': 0.66, 'trend_following': 0.69, 'fundamental': 0.75}",True,9.07742592738151e-25,0.9999999999988631,1.1519629641130106e-12,spike,normal,range,narrow,cautious,2023-01-03,cautious_decline,stressed,1.0,2023-01-03,35801.20494592884,84263.25763511658,120064.46258104542,0.7018168059365405,2023-01-03,9.07742592738151e-25,0.9999999999988631,1.1519629641130106e-12
2023-01-04,stressed,0.95,7.0,0.728,"{'momentum': 0.67, 'mean_reversion': 0.65, 'trend_following': 0.68, 'fundamental': 0.75}",True,1.1336325419177915e-30,1.0,4.156643603546841e-14,spike,normal,range,narrow,cautious,2023-01-04,cautious_decline,stressed,1.0,2023-01-04,48433.81611668855,72108.62220573425,120542.4383224228,0.5982011249254854,2023-01-04,1.1336325419177915e-30,1.0,4.156643603546841e-14
2023-01-05,stressed,0.95,7.0,0.728,"{'momentum': 0.66, 'mean_reversion': 0.65, 'trend_following': 0.67, 'fundamental': 0.74}",True,3.6408611077545033e-31,0.9999999999998863,5.871718287875493e-14,spike,normal,range,narrow,cautious,2023-01-05,cautious_decline,stressed,1.0,2023-01-05,50946.73801093838,69327.03440666199,120273.77241760035,0.5764102431738224,2023-01-05,3.6408611077545033e-31,0.9999999999998863,5.871718287875493e-14
2023-01-06,stressed,0.95,7.0,0.728,"{'momentum': 0.67, 'mean_reversion': 0.65, 'trend_following': 0.68, 'fundamental': 0.75}",True,1.3310625357779137e-27,1.0,8.09945455426418e-15,spike,normal,range,narrow,cautious,2023-01-06,cautious_decline,stressed,1.0,2023-01-06,49666.95187394069,71176.67133903503,120843.62321297573,0.5889981568459987,2023-01-06,1.3310625357779137e-27,1.0,8.09945455426418e-15
2023-01-09,cautious,0.328,8.0,0.758,"{'momentum': 0.68, 'mean_reversion': 0.61, 'trend_following': 0.68, 'fundamental': 0.74}",True,8.273063769282165e-24,1.0,5.126184038457095e-16,spike,low,range,narrow,cautious,2023-01-09,market_turmoil,stressed,1.0,2023-01-09,62574.820006121714,57671.29466819763,120246.11467431934,0.4796104624619056,2023-01-09,8.273063769282165e-24,1.0,5.126184038457095e-16
2023-01-10,cautious,0.328,8.0,0.758,"{'momentum': 0.68, 'mean_reversion': 0.61, 'trend_following': 0.68, 'fundamental': 0.74}",True,3.727933885555759e-23,1.0,2.261755991675531e-15,spike,low,range,narrow,cautious,2023-01-10,market_turmoil,stressed,1.0,2023-01-10,62574.820006121714,58002.63686180115,120577.45686792284,0.48104047280857487,2023-01-10,3.727933885555759e-23,1.0,2.261755991675531e-15
2023-01-11,cautious,0.372,8.0,0.871,"{'momentum': 0.72, 'mean_reversion': 0.63, 'trend_following': 0.7, 'fundamental': 0.75}",True,6.85386392120925e-25,1.0,8.036121886400856e-17,spike,low,range,strong,cautious,2023-01-11,robust_expansion,stressed,1.0,2023-01-11,77235.95335617075,42982.017347335815,120217.97070350657,0.35753404500016317,2023-01-11,6.85386392120925e-25,1.0,8.036121886400856e-17
2023-01-12,cautious,0.372,8.0,0.871,"{'momentum': 0.69, 'mean_reversion': 0.62, 'trend_following': 0.69, 'fundamental': 0.74}",True,3.548261941840535e-22,1.0,7.594566085647745e-18,spike,low,range,strong,cautious,2023-01-12,market_turmoil,stressed,1.0,2023-01-12,76666.98662386817,43744.577169418335,120411.5637932865,0.36329216058115255,2023-01-12,3.548261941840535e-22,1.0,7.594566085647745e-18
2023-01-13,cautious,0.395,8.0,0.93,"{'momentum': 0.77, 'mean_reversion': 0.62, 'trend_following': 0.74, 'fundamental': 0.77}",True,5.753447464634555e-20,1.0,2.0995916352620466e-17,spike,low,range,strong,calm,2023-01-13,robust_expansion,stressed,1.0,2023-01-13,76666.98662386817,43767.864000320435,120434.8506241886,0.3634152720203559,2023-01-13,5.753447464634555e-20,1.0,2.0995916352620466e-17
2023-01-17,cautious,0.395,8.0,0.93,"{'momentum': 0.77, 'mean_reversion': 0.62, 'trend_following': 0.74, 'fundamental': 0.77}",True,9.734465901086952e-19,1.0,3.241045811060941e-20,spike,low,range,strong,calm,2023-01-17,robust_expansion,stressed,1.0,2023-01-17,79406.73253539368,40958.10806083679,120364.84059623048,0.3402829917602989,2023-01-17,9.734465901086952e-19,1.0,3.241045811060941e-20
2023-01-18,cautious,0.395,8.0,0.93,"{'momentum': 0.78, 'mean_reversion': 0.64, 'trend_following': 0.75, 'fundamental': 0.78}",True,2.538215214074337e-21,1.0,1.4499089844683235e-20,spike,low,range,strong,calm,2023-01-18,robust_expansion,stressed,1.0,2023-01-18,36297.72169442684,83159.70796585083,119457.42966027767,0.6961451305485717,2023-01-18,2.538215214074337e-21,1.0,1.4499089844683235e-20
2023-01-19,cautious,0.395,8.0,0.93,"{'momentum': 0.79, 'mean_reversion': 0.64, 'trend_following': 0.75, 'fundamental': 0.78}",True,6.988220684306416e-24,1.0,3.424513898502513e-21,spike,low,range,strong,calm,2023-01-19,robust_expansion,stressed,1.0,2023-01-19,42954.874046038414,76598.50362968445,119553.37767572286,0.640705474984158,2023-01-19,6.988220684306416e-24,1.0,3.424513898502513e-21
2023-01-20,cautious,0.408,12.0,0.964,"{'momentum': 0.73, 'mean_reversion': 0.9, 'trend_following': 0.72, 'fundamental': 0.96}",True,1.6249934466313598e-22,1.0,8.250322107226334e-22,elevated,low,range,strong,calm,2023-01-20,robust_expansion,stressed,1.0,2023-01-20,42954.874046038414,77280.51669502258,120235.390741061,0.6427435068718989,2023-01-20,1.6249934466313598e-22,1.0,8.250322107226334e-22
2023-01-23,cautious,0.385,12.0,0.904,"{'momentum': 0.72, 'mean_reversion': 0.91, 'trend_following': 0.71, 'fundamental': 0.96}",True,5.684996764596673e-21,1.0,1.7183766576874202e-20,elevated,low,range,strong,cautious,2023-01-23,emerging_expansion,stressed,1.0,2023-01-23,42954.874046038414,77650.44323158264,120605.31727762106,0.6438393014865116,2023-01-23,5.684996764596673e-21,1.0,1.7183766576874202e-20
2023-01-24,cautious,0.385,12.0,0.904,"{'momentum': 0.72, 'mean_reversion': 0.91, 'trend_following': 0.71, 'fundamental': 0.96}",True,1.0418156738061393e-19,1.0,3.710022693653938e-20,elevated,low,range,strong,cautious,2023-01-24,emerging_expansion,stressed,1.0,2023-01-24,51255.31259222889,69267.71344184875,120523.02603407764,0.5747259732946255,2023-01-24,1.0418156738061393e-19,1.0,3.710022693653938e-20
2023-01-25,cautious,0.385,12.0,0.904,"{'momentum': 0.72, 'mean_reversion': 0.91, 'trend_following': 0.71, 'fundamental': 0.96}",True,1.4772334808458854e-20,1.0,2.341835729398899e-21,elevated,low,range,strong,cautious,2023-01-25,emerging_expansion,stressed,1.0,2023-01-25,51255.31259222889,69453.51210212708,120708.82469435596,0.5753805678912765,2023-01-25,1.4772334808458854e-20,1.0,2.341835729398899e-21
2023-01-26,cautious,0.408,12.0,0.964,"{'momentum': 0.77, 'mean_reversion': 0.9, 'trend_following': 0.74, 'fundamental': 0.98}",True,6.262779211921352e-22,1.0,5.743649743251062e-19,elevated,low,range,strong,calm,2023-01-26,robust_expansion,stressed,1.0,2023-01-26,58375.17874939888,62473.49276924133,120848.6715186402,0.5169563883836751,2023-01-26,6.262779211921352e-22,1.0,5.743649743251062e-19
2023-01-27,cautious,0.408,12.0,0.964,"{'momentum': 0.76, 'mean_reversion': 0.9, 'trend_following': 0.74, 'fundamental': 0.98}",True,1.6256957752176652e-21,1.0,6.274661255552612e-19,elevated,low,range,strong,calm,2023-01-27,robust_expansion,stressed,1.0,2023-01-27,71617.69264857644,49391.83368110657,121009.526329683,0.40816483775452156,2023-01-27,1.6256957752176652e-21,1.0,6.274661255552612e-19
2023-01-30,cautious,0.408,12.0,0.964,"{'momentum': 0.75, 'mean_reversion': 0.9, 'trend_following': 0.73, 'fundamental': 0.98}",True,6.201118586951355e-19,1.0,2.534845397910614e-18,elevated,low,range,strong,calm,2023-01-30,robust_expansion,stressed,1.0,2023-01-30,72010.98620604975,48831.59394264221,120842.58014869197,0.4040926127409468,2023-01-30,6.201118586951355e-19,1.0,2.534845397910614e-18
2023-01-31,cautious,0.408,12.0,0.964,"{'momentum': 0.75, 'mean_reversion': 0.9, 'trend_following': 0.73, 'fundamental': 0.98}",True,4.092839219996529e-18,1.0,9.106081253030112e-18,elevated,low,range,strong,calm,2023-01-31,robust_expansion,stressed,1.0,2023-01-31,72010.98620604975,49034.09843254089,121045.08463859063,0.4050895464193697,2023-01-31,4.092839219996529e-18,1.0,9.106081253030112e-18
2023-02-01,cautious,0.408,12.0,0.964,"{'momentum': 0.75, 'mean_reversion': 0.91, 'trend_following': 0.73, 'fundamental': 0.98}",True,4.457581005731262e-17,1.0,9.6006688915065e-19,elevated,low,range,strong,calm,2023-02-01,emerging_expansion,stressed,1.0,2023-02-01,75164.48896092147,46100.11747550964,121264.60643643112,0.3801613581261741,2023-02-01,4.457581005731262e-17,1.0,9.6006688915065e-19
2023-02-02,cautious,0.408,12.0,0.964,"{'momentum': 0.74, 'mean_reversion': 0.9, 'trend_following': 0.72, 'fundamental': 0.97}",True,9.739358020568057e-16,1.0,1.8646888643504528e-17,elevated,low,range,strong,calm,2023-02-02,emerging_expansion,stressed,1.0,2023-02-02,38450.4874593293,82833.17533683777,121283.66279616707,0.6829705949436048,2023-02-02,9.739358020568057e-16,1.0,1.8646888643504528e-17
2023-02-03,cautious,0.385,12.0,0.904,"{'momentum': 0.73, 'mean_reversion': 0.91, 'trend_following': 0.72, 'fundamental': 0.97}",True,2.772838496165619e-15,1.0,3.947910985400613e-15,elevated,low,range,strong,cautious,2023-02-03,emerging_expansion,stressed,1.0,2023-02-03,53657.84851063645,67190.64851617813,120848.49702681458,0.5559907666974913,2023-02-03,2.772838496165619e-15,1.0,3.947910985400613e-15
2023-02-06,cautious,0.385,12.0,0.904,"{'momentum': 0.72, 'mean_reversion': 0.91, 'trend_following': 0.72, 'fundamental': 0.97}",True,1.6487436168258846e-11,0.9999999999824922,1.0061083137828425e-12,elevated,low,range,strong,cautious,2023-02-06,emerging_expansion,stressed,1.0,2023-02-06,56769.20409195225,63810.50576400757,120579.7098559598,0.5291977053206822,2023-02-06,1.6487436168258846e-11,0.9999999999824922,1.0061083137828425e-12
2023-02-07,cautious,0.385,12.0,0.904,"{'momentum': 0.72, 'mean_reversion': 0.91, 'trend_following': 0.72, 'fundamental': 0.97}",True,3.598788702524878e-11,0.9999999999411102,2.2861258640960044e-11,elevated,low,range,strong,cautious,2023-02-07,emerging_expansion,stressed,1.0,2023-02-07,56769.20409195225,64025.53151655197,120794.7356085042,0.5300357767581756,2023-02-07,3.598788702524878e-11,0.9999999999411102,2.2861258640960044e-11
2023-02-08,cautious,0.385,12.0,0.904,"{'momentum': 0.73, 'mean_reversion': 0.91, 'trend_following': 0.72, 'fundamental': 0.97}",True,4.213752697041415e-14,0.9999999999871534,1.2829084198402217e-11,elevated,low,range,strong,cautious,2023-02-08,emerging_expansion,stressed,1.0,2023-02-08,62425.381403274856,58215.72291612625,120641.10431940111,0.4825529677016077,2023-02-08,4.213752697041415e-14,0.9999999999871534,1.2829084198402217e-11
2023-02-09,cautious,0.385,12.0,0.904,"{'momentum': 0.72, 'mean_reversion': 0.91, 'trend_following': 0.72, 'fundamental': 0.97}",True,9.700677004938453e-15,0.9999999999633928,3.654513886088918e-11,elevated,low,range,strong,cautious,2023-02-09,emerging_expansion,stressed,1.0,2023-02-09,62425.381403274856,57981.35281085968,120406.73421413454,0.4815457639416089,2023-02-09,9.700677004938453e-15,0.9999999999633928,3.654513886088918e-11
2023-02-10,cautious,0.408,12.0,0.964,"{'momentum': 0.75, 'mean_reversion': 0.9, 'trend_following': 0.73, 'fundamental': 0.98}",True,6.007532407677133e-11,0.9999999995584403,3.815405087111611e-10,elevated,low,range,strong,calm,2023-02-10,emerging_expansion,stressed,1.0,2023-02-10,62425.381403274856,57751.41745376587,120176.79885704072,0.4805538007587096,2023-02-10,6.007532407677133e-11,0.9999999995584403,3.815405087111611e-10
2023-02-13,cautious,0.408,12.0,0.964,"{'momentum': 0.76, 'mean_reversion': 0.91, 'trend_following': 0.74, 'fundamental': 0.98}",True,2.800341092829522e-13,0.9999999904528067,9.546927015521488e-09,elevated,low,range,strong,calm,2023-02-13,robust_expansion,stressed,1.0,2023-02-13,62425.381403274856,58092.47868299484,120517.8600862697,0.48202381490519985,2023-02-13,2.800341092829522e-13,0.9999999904528067,9.546927015521488e-09
2023-02-14,cautious,0.408,12.0,0.964,"{'momentum': 0.76, 'mean_reversion': 0.91, 'trend_following': 0.74, 'fundamental': 0.98}",True,9.29499286281807e-16,0.9999999996673523,3.326289505892666e-10,elevated,low,range,strong,calm,2023-02-14,emerging_expansion,stressed,1.0,2023-02-14,62425.381403274856,58287.54106187821,120712.92246515308,0.4828608227814584,2023-02-14,9.29499286281807e-16,0.9999999996673523,3.326289505892666e-10
2023-02-15,cautious,0.408,12.0,0.964,"{'momentum': 0.76, 'mean_reversion': 0.91, 'trend_following': 0.74, 'fundamental': 0.98}",True,1.1667994053003961e-15,0.9999999676756494,3.232438713437131e-08,elevated,low,range,strong,calm,2023-02-15,emerging_expansion,stressed,1.0,2023-02-15,64635.096149418656,56306.03848743439,120941.13463685304,0.46556565436981506,2023-02-15,1.1667994053003961e-15,0.9999999676756494,3.232438713437131e-08
2023-02-16,cautious,0.408,12.0,0.964,"{'momentum': 0.76, 'mean_reversion': 0.91, 'trend_following': 0.74, 'fundamental': 0.98}",True,3.603430647677564e-18,0.9999999423457683,5.7654278497025636e-08,elevated,low,range,strong,calm,2023-02-16,emerging_expansion,stressed,1.0,2023-02-16,70933.80953970914,49706.86228466034,120640.67182436948,0.4120240838597479,2023-02-16,3.603430647677564e-18,0.9999999423457683,5.7654278497025636e-08
2023-02-17,cautious,0.408,12.0,0.964,"{'momentum': 0.76, 'mean_reversion': 0.91, 'trend_following': 0.74, 'fundamental': 0.98}",True,9.128102595471164e-19,0.9999999932224455,6.7775299640020695e-09,elevated,low,range,strong,calm,2023-02-17,emerging_expansion,stressed,1.0,2023-02-17,76303.64425770318,44191.98918247223,120495.6334401754,0.3667517894282286,2023-02-17,9.128102595471164e-19,0.9999999932224455,6.7775299640020695e-09
2023-02-21,cautious,0.408,12.0,0.964,"{'momentum': 0.75, 'mean_reversion': 0.91, 'trend_following': 0.73, 'fundamental': 0.98}",True,1.1826962530496639e-19,0.999999994907057,5.0929359301281884e-09,elevated,low,range,strong,calm,2023-02-21,emerging_expansion,stressed,1.0,2023-02-21,79363.70400396062,40927.18730926514,120290.89131322576,0.34023513220709894,2023-02-21,1.1826962530496639e-19,0.999999994907057,5.0929359301281884e-09
2023-02-22,cautious,0.408,12.0,0.964,"{'momentum': 0.77, 'mean_reversion': 0.9, 'trend_following': 0.74, 'fundamental': 0.98}",True,5.2467031083160075e-21,0.9999999940386033,5.961367196228906e-09,elevated,low,range,strong,calm,2023-02-22,robust_expansion,stressed,1.0,2023-02-22,38723.968094414005,81336.50514125824,120060.47323567224,0.677462806444208,2023-02-22,5.2467031083160075e-21,0.9999999940386033,5.961367196228906e-09
2023-02-23,cautious,0.408,12.0,0.964,"{'momentum': 0.77, 'mean_reversion': 0.9, 'trend_following': 0.74, 'fundamental': 0.98}",True,1.0374961140229004e-19,0.9999999983429007,1.657061726824817e-09,elevated,low,range,strong,calm,2023-02-23,robust_expansion,stressed,1.0,2023-02-23,42240.01124153393,78106.82221221924,120346.83345375318,0.6490143526895046,2023-02-23,1.0374961140229004e-19,0.9999999983429007,1.657061726824817e-09
2023-02-24,cautious,0.395,8.0,0.93,"{'momentum': 0.77, 'mean_reversion': 0.62, 'trend_following': 0.74, 'fundamental': 0.77}",True,1.3188510656748503e-19,0.9999999544861576,4.551382185397786e-08,spike,low,range,strong,calm,2023-02-24,robust_expansion,stressed,1.0,2023-02-24,43226.67145384648,76763.17519569397,119989.84664954044,0.6397472564482852,2023-02-24,1.3188510656748503e-19,0.9999999544861576,4.551382185397786e-08
2023-02-27,cautious,0.395,8.0,0.93,"{'momentum': 0.8, 'mean_reversion': 0.64, 'trend_following': 0.76, 'fundamental': 0.79}",True,1.2534007564306439e-19,0.9999999084880116,9.151196347802155e-08,spike,low,range,strong,calm,2023-02-27,robust_expansion,stressed,1.0,2023-02-27,45856.026345987695,74305.13949298859,120161.16583897627,0.6183789827119544,2023-02-27,1.2534007564306439e-19,0.9999999084880116,9.151196347802155e-08
2023-02-28,cautious,0.395,8.0,0.93,"{'momentum': 0.81, 'mean_reversion': 0.64, 'trend_following': 0.77, 'fundamental': 0.79}",True,5.552703884375034e-19,0.9999997011548649,2.98845093434048e-07,spike,low,range,strong,calm,2023-02-28,robust_expansion,stressed,1.0,2023-02-28,45856.026345987695,74228.56560707092,120084.5919530586,0.618135635886468,2023-02-28,5.552703884375034e-19,0.9999997011548649,2.98845093434048e-07
2023-03-01,cautious,0.408,12.0,0.964,"{'momentum': 0.78, 'mean_reversion': 0.9, 'trend_following': 0.75, 'fundamental': 0.98}",True,1.5514544876870758e-18,0.9999999942679096,5.732057487995226e-09,elevated,low,range,strong,calm,2023-03-01,robust_expansion,stressed,1.0,2023-03-01,46941.28595210555,73055.07183504105,119996.3577871466,0.6088107437779777,2023-03-01,1.5514544876870758e-18,0.9999999942679096,5.732057487995226e-09
2023-03-02,cautious,0.408,12.0,0.964,"{'momentum': 0.78, 'mean_reversion': 0.9, 'trend_following': 0.75, 'fundamental': 0.99}",True,9.7970118359038e-19,0.999999992445396,7.554630728695612e-09,elevated,low,range,strong,calm,2023-03-02,robust_expansion,stressed,1.0,2023-03-02,55657.63598192267,64513.3695101738,120171.00549209648,0.536846381920444,2023-03-02,9.7970118359038e-19,0.999999992445396,7.554630728695612e-09
2023-03-03,cautious,0.408,12.0,0.964,"{'momentum': 0.78, 'mean_reversion': 0.9, 'trend_following': 0.75, 'fundamental': 0.99}",True,5.073226058881544e-19,0.9999999840094916,1.5990461335802874e-08,elevated,low,range,strong,calm,2023-03-03,robust_expansion,stressed,1.0,2023-03-03,57064.877411249785,63618.60369873047,120683.48110998026,0.5271525407918429,2023-03-03,5.073226058881544e-19,0.9999999840094916,1.5990461335802874e-08
2023-03-06,cautious,0.408,12.0,0.964,"{'momentum': 0.78, 'mean_reversion': 0.9, 'trend_following': 0.75, 'fundamental': 0.98}",True,4.245797742468332e-19,0.9999996922457987,3.0775417096656706e-07,elevated,low,range,strong,calm,2023-03-06,robust_expansion,stressed,1.0,2023-03-06,60559.13031865427,60075.99504947662,120635.12536813087,0.49799753484856385,2023-03-06,4.245797742468332e-19,0.9999996922457987,3.0775417096656706e-07
2023-03-07,cautious,0.408,12.0,0.964,"{'momentum': 0.76, 'mean_reversion': 0.9, 'trend_following': 0.74, 'fundamental': 0.98}",True,9.335171445095898e-19,0.9999790121823158,2.0987817695928506e-05,elevated,low,range,strong,calm,2023-03-07,robust_expansion,stressed,1.0,2023-03-07,69444.95767073227,50968.71303272247,120413.67070345474,0.42328012039633095,2023-03-07,9.335171445095898e-19,0.9999790121823158,2.0987817695928506e-05
2023-03-08,cautious,0.385,12.0,0.904,"{'momentum': 0.75, 'mean_reversion': 0.9, 'trend_following': 0.73, 'fundamental': 0.97}",True,1.1873492824564307e-16,0.9999890628225906,1.0937177411156292e-05,elevated,low,range,strong,cautious,2023-03-08,robust_expansion,stressed,1.0,2023-03-08,75312.42591293262,45170.981133461,120483.40704639362,0.3749145400251452,2023-03-08,1.1873492824564307e-16,0.9999890628225906,1.0937177411156292e-05
2023-03-09,cautious,0.385,12.0,0.904,"{'momentum': 0.72, 'mean_reversion': 0.9, 'trend_following': 0.71, 'fundamental': 0.96}",True,1.2537083699971644e-17,0.999986150423365,1.3849576609569872e-05,elevated,low,range,strong,cautious,2023-03-09,emerging_expansion,stressed,1.0,2023-03-09,75878.9473513841,43942.37763214111,119821.3249835252,0.36673252977450344,2023-03-09,1.2537083699971644e-17,0.999986150423365,1.3849576609569872e-05
2023-03-10,cautious,0.385,12.0,0.904,"{'momentum': 0.72, 'mean_reversion': 0.91, 'trend_following': 0.71, 'fundamental': 0.96}",True,2.0009724865207843e-25,0.9999965809437769,3.419056179361226e-06,elevated,low,range,strong,cautious,2023-03-10,emerging_expansion,stressed,1.0,2023-03-10,82527.50815250445,36936.0128326416,119463.52098514604,0.3091823556517657,2023-03-10,2.0009724865207843e-25,0.9999965809437769,3.419056179361226e-06
2023-03-13,cautious,0.364,12.0,0.851,"{'momentum': 0.73, 'mean_reversion': 0.91, 'trend_following': 0.72, 'fundamental': 0.97}",True,4.32397191030437e-27,0.9999999522085556,4.7791388440607275e-08,elevated,low,range,narrow,calm,2023-03-13,emerging_expansion,stressed,1.0,2023-03-13,42276.91639189931,77368.8373041153,119645.7536960146,0.6466492534343278,2023-03-13,4.32397191030437e-27,0.9999999522085556,4.7791388440607275e-08
2023-03-14,cautious,0.364,12.0,0.851,"{'momentum': 0.7, 'mean_reversion': 0.9, 'trend_following': 0.7, 'fundamental': 0.96}",True,3.494827626744898e-24,0.9999999321893279,6.781062364012685e-08,elevated,low,range,narrow,calm,2023-03-14,emerging_expansion,stressed,1.0,2023-03-14,58297.56630575518,62088.39497566223,120385.9612814174,0.5157444797946396,2023-03-14,3.494827626744898e-24,0.9999999321893279,6.781062364012685e-08
2023-03-15,cautious,0.341,12.0,0.792,"{'momentum': 0.68, 'mean_reversion': 0.91, 'trend_following': 0.69, 'fundamental': 0.95}",True,7.945431047950822e-34,0.9999999961804633,3.81955021630012e-09,elevated,low,range,narrow,cautious,2023-03-15,cautious_decline,stressed,1.0,2023-03-15,69331.13802342213,50632.34623718262,119963.48426060476,0.42206465200019166,2023-03-15,7.945431047950822e-34,0.9999999961804633,3.81955021630012e-09
2023-03-16,cautious,0.373,12.0,0.875,"{'momentum': 0.71, 'mean_reversion': 0.92, 'trend_following': 0.71, 'fundamental': 0.97}",True,6.597775313883711e-36,0.9999999716200141,2.837994995023833e-08,elevated,normal,range,strong,cautious,2023-03-16,emerging_expansion,stressed,1.0,2023-03-16,75849.47735871236,44172.38892555237,120021.86628426472,0.3680361778488985,2023-03-16,6.597775313883711e-36,0.9999999716200141,2.837994995023833e-08
2023-03-17,cautious,0.373,12.0,0.875,"{'momentum': 0.71, 'mean_reversion': 0.92, 'trend_following': 0.71, 'fundamental': 0.96}",True,1.5354564196977334e-38,0.9999999945989657,5.401027661845067e-09,elevated,normal,range,strong,cautious,2023-03-17,emerging_expansion,stressed,1.0,2023-03-17,76328.27548308903,43657.2730846405,119985.54856772954,0.3638544275188008,2023-03-17,1.5354564196977334e-38,0.9999999945989657,5.401027661845067e-09
2023-03-20,cautious,0.373,12.0,0.875,"{'momentum': 0.72, 'mean_reversion': 0.92, 'trend_following': 0.71, 'fundamental': 0.97}",True,7.338078307865336e-37,0.9999999997526174,2.47431718909876e-10,elevated,normal,range,strong,cautious,2023-03-20,emerging_expansion,stressed,1.0,2023-03-20,75274.34046942691,44770.17413711548,120044.5146065424,0.3729464381096803,2023-03-20,7.338078307865336e-37,0.9999999997526174,2.47431718909876e-10
2023-03-21,cautious,0.373,12.0,0.875,"{'momentum': 0.72, 'mean_reversion': 0.92, 'trend_following': 0.72, 'fundamental': 0.97}",True,1.8319569588948532e-32,0.9999999998265707,1.734321128795328e-10,elevated,normal,range,strong,cautious,2023-03-21,emerging_expansion,stressed,1.0,2023-03-21,79027.53366735332,41100.170795440674,120127.704462794,0.34213731944049786,2023-03-21,1.8319569588948532e-32,0.9999999998265707,1.734321128795328e-10
2023-03-22,cautious,0.373,12.0,0.875,"{'momentum': 0.72, 'mean_reversion': 0.92, 'trend_following': 0.72, 'fundamental': 0.97}",True,1.0486119930866952e-33,0.9999999999697593,3.0251358164688546e-11,elevated,normal,range,strong,cautious,2023-03-22,emerging_expansion,stressed,1.0,2023-03-22,73955.2991201815,46036.408767700195,119991.7078878817,0.3836632512199582,2023-03-22,1.0486119930866952e-33,0.9999999999697593,3.0251358164688546e-11
2023-03-23,cautious,0.373,12.0,0.875,"{'momentum': 0.72, 'mean_reversion': 0.92, 'trend_following': 0.71, 'fundamental': 0.97}",True,7.748119156041798e-32,0.9999999999969305,3.0573857848042585e-12,elevated,normal,range,strong,cautious,2023-03-23,emerging_expansion,stressed,1.0,2023-03-23,73955.2991201815,46126.15663146973,120081.45575165124,0.3841238960898877,2023-03-23,7.748119156041798e-32,0.9999999999969305,3.0573857848042585e-12
2023-03-24,cautious,0.373,12.0,0.875,"{'momentum': 0.71, 'mean_reversion': 0.92, 'trend_following': 0.71, 'fundamental': 0.97}",True,1.4938052679447366e-42,1.0,1.1987456942185519e-14,elevated,normal,range,strong,cautious,2023-03-24,emerging_expansion,stressed,1.0,2023-03-24,73955.2991201815,46125.39065551758,120080.68977569908,0.38411996751247884,2023-03-24,1.4938052679447366e-42,1.0,1.1987456942185519e-14
2023-03-27,cautious,0.373,12.0,0.875,"{'momentum': 0.72, 'mean_reversion': 0.92, 'trend_following': 0.71, 'fundamental': 0.97}",True,2.4515755517284556e-39,0.9999999999998863,1.3617532394983442e-13,elevated,normal,range,strong,cautious,2023-03-27,emerging_expansion,stressed,1.0,2023-03-27,73955.2991201815,46173.25583648682,120128.55495666832,0.3843653646973612,2023-03-27,2.4515755517284556e-39,0.9999999999998863,1.3617532394983442e-13
2023-03-28,cautious,0.373,12.0,0.875,"{'momentum': 0.71, 'mean_reversion': 0.92, 'trend_following': 0.71, 'fundamental': 0.97}",True,3.1918273215378544e-45,1.0,5.17040175861764e-15,elevated,normal,range,strong,cautious,2023-03-28,emerging_expansion,stressed,1.0,2023-03-28,73955.2991201815,46153.184967041016,120108.48408722252,0.3842624883478229,2023-03-28,3.1918273215378544e-45,1.0,5.17040175861764e-15
2023-03-29,cautious,0.397,12.0,0.934,"{'momentum': 0.75, 'mean_reversion': 0.92, 'trend_following': 0.74, 'fundamental': 0.98}",True,7.252025224046786e-43,0.9999999999998295,1.8030748130758574e-13,elevated,normal,range,strong,calm,2023-03-29,emerging_expansion,stressed,1.0,2023-03-29,73955.2991201815,46276.610847473145,120231.90996765465,0.3848945829765384,2023-03-29,7.252025224046786e-43,0.9999999999998295,1.8030748130758574e-13
2023-03-30,cautious,0.397,12.0,0.934,"{'momentum': 0.75, 'mean_reversion': 0.92, 'trend_following': 0.73, 'fundamental': 0.98}",True,1.1318889253668036e-40,0.9999999999999432,4.2401546288877974e-14,elevated,normal,range,strong,calm,2023-03-30,emerging_expansion,stressed,1.0,2023-03-30,74246.50369642599,46004.28219795227,120250.78589437826,0.38256949304564153,2023-03-30,1.1318889253668036e-40,0.9999999999999432,4.2401546288877974e-14
2023-03-31,cautious,0.397,12.0,0.934,"{'momentum': 0.75, 'mean_reversion': 0.92, 'trend_following': 0.73, 'fundamental': 0.98}",True,3.8316831619908617e-44,0.9999999999999432,7.227142423051105e-14,elevated,normal,range,strong,calm,2023-03-31,emerging_expansion,stressed,1.0,2023-03-31,69263.54811499336,51375.81038761139,120639.35850260477,0.42586276174953397,2023-03-31,3.8316831619908617e-44,0.9999999999999432,7.227142423051105e-14
2023-04-03,cautious,0.397,12.0,0.934,"{'momentum': 0.75, 'mean_reversion': 0.92, 'trend_following': 0.73, 'fundamental': 0.98}",True,5.236528889585545e-43,0.9999999999998863,1.0390412747160502e-13,elevated,normal,range,strong,calm,2023-04-03,emerging_expansion,stressed,1.0,2023-04-03,69263.54811499336,51067.10339355469,120330.65150854804,0.42438981883121435,2023-04-03,5.236528889585545e-43,0.9999999999998863,1.0390412747160502e-13
2023-04-04,cautious,0.397,12.0,0.934,"{'momentum': 0.74, 'mean_reversion': 0.92, 'trend_following': 0.73, 'fundamental': 0.98}",True,1.2590514513747372e-23,0.9999999995316671,4.683227810145567e-10,elevated,normal,range,strong,calm,2023-04-04,emerging_expansion,stressed,1.0,2023-04-04,69263.54811499336,51069.365854263306,120332.91396925668,0.42440064126852933,2023-04-04,1.2590514513747372e-23,0.9999999995316671,4.683227810145567e-10
2023-04-05,cautious,0.408,12.0,0.964,"{'momentum': 0.77, 'mean_reversion': 0.9, 'trend_following': 0.74, 'fundamental': 0.98}",True,3.497620769666482e-27,0.9999999999316742,6.834641561841357e-11,elevated,low,range,strong,calm,2023-04-05,robust_expansion,stressed,1.0,2023-04-05,80431.43942851518,39646.10591554642,120077.5453440616,0.33017085585774847,2023-04-05,3.497620769666482e-27,0.9999999999316742,6.834641561841357e-11
2023-04-06,cautious,0.408,12.0,0.964,"{'momentum': 0.77, 'mean_reversion': 0.9, 'trend_following': 0.74, 'fundamental': 0.98}",True,4.975134997481116e-24,0.9999999999930083,6.972983345436378e-12,elevated,low,range,strong,calm,2023-04-06,robust_expansion,stressed,1.0,2023-04-06,26886.012884433603,93378.64187812804,120264.65476256164,0.7764429379728015,2023-04-06,4.975134997481116e-24,0.9999999999930083,6.972983345436378e-12
2023-04-10,cautious,0.408,12.0,0.964,"{'momentum': 0.77, 'mean_reversion': 0.9, 'trend_following': 0.75, 'fundamental': 0.98}",True,1.6115077885893311e-21,0.9999999948324216,5.167565534859511e-09,elevated,low,range,strong,calm,2023-04-10,robust_expansion,stressed,1.0,2023-04-10,27070.09885448349,93128.8207988739,120198.91965335738,0.7747891667200408,2023-04-10,1.6115077885893311e-21,0.9999999948324216,5.167565534859511e-09
2023-04-11,cautious,0.408,12.0,0.964,"{'momentum': 0.78, 'mean_reversion': 0.9, 'trend_following': 0.75, 'fundamental': 0.98}",True,2.7472504172734007e-22,0.9999999788320795,2.1167918918028812e-08,elevated,low,range,strong,calm,2023-04-11,robust_expansion,stressed,1.0,2023-04-11,31268.389717190646,88853.62361717224,120122.01333436288,0.7396947582775337,2023-04-11,2.7472504172734007e-22,0.9999999788320795,2.1167918918028812e-08
2023-04-12,cautious,0.408,12.0,0.964,"{'momentum': 0.78, 'mean_reversion': 0.91, 'trend_following': 0.75, 'fundamental': 0.98}",True,4.855257204983438e-21,0.9999999981847054,1.8152716782790864e-09,elevated,low,range,strong,calm,2023-04-12,robust_expansion,stressed,1.0,2023-04-12,31268.389717190646,88837.30196762085,120105.69168481148,0.7396593843425255,2023-04-12,4.855257204983438e-21,0.9999999981847054,1.8152716782790864e-09
2023-04-13,cautious,0.408,12.0,0.964,"{'momentum': 0.78, 'mean_reversion': 0.91, 'trend_following': 0.75, 'fundamental': 0.98}",True,8.623136267922163e-19,0.9999999970343083,2.9656651981187856e-09,elevated,low,range,strong,calm,2023-04-13,robust_expansion,stressed,1.0,2023-04-13,31268.389717190646,89529.14316940308,120797.53288659372,0.7411504277446973,2023-04-13,8.623136267922163e-19,0.9999999970343083,2.9656651981187856e-09
2023-04-14,cautious,0.408,12.0,0.964,"{'momentum': 0.78, 'mean_reversion': 0.91, 'trend_following': 0.75, 'fundamental': 0.98}",True,8.910571945588214e-21,0.9999999931250727,6.874925723193031e-09,elevated,low,range,strong,calm,2023-04-14,robust_expansion,stressed,1.0,2023-04-14,36770.29403280087,83748.48022079468,120518.77425359556,0.694899867173982,2023-04-14,8.910571945588214e-21,0.9999999931250727,6.874925723193031e-09
2023-04-17,cautious,0.408,12.0,0.964,"{'momentum': 0.78, 'mean_reversion': 0.91, 'trend_following': 0.75, 'fundamental': 0.98}",True,2.8404254489213274e-21,0.9999999814497189,1.855026321386169e-08,elevated,low,range,strong,calm,2023-04-17,robust_expansion,stressed,1.0,2023-04-17,45428.29604432233,75113.22251701355,120541.51856133588,0.6231315435004515,2023-04-17,2.8404254489213274e-21,0.9999999814497189,1.855026321386169e-08
2023-04-18,cautious,0.408,12.0,0.964,"{'momentum': 0.77, 'mean_reversion': 0.91, 'trend_following': 0.75, 'fundamental': 0.98}",True,2.470425563204442e-22,0.9999999955855969,4.4143818750065624e-09,elevated,low,range,strong,calm,2023-04-18,robust_expansion,stressed,1.0,2023-04-18,49077.62107925622,71425.57411766052,120503.19519691674,0.5927276368144639,2023-04-18,2.470425563204442e-22,0.9999999955855969,4.4143818750065624e-09
2023-04-19,cautious,0.408,12.0,0.964,"{'momentum': 0.78, 'mean_reversion': 0.91, 'trend_following': 0.75, 'fundamental': 0.98}",True,9.190717732003678e-24,0.9999999974510843,2.5488927235502017e-09,elevated,low,range,strong,calm,2023-04-19,robust_expansion,stressed,1.0,2023-04-19,49077.62107925622,71304.12315368652,120381.74423294274,0.5923167470950631,2023-04-19,9.190717732003678e-24,0.9999999974510843,2.5488927235502017e-09
2023-04-20,cautious,0.408,12.0,0.964,"{'momentum': 0.78, 'mean_reversion': 0.91, 'trend_following': 0.75, 'fundamental': 0.98}",True,2.6650013391799705e-21,0.9999999997911573,2.0886265737785718e-10,elevated,low,range,strong,calm,2023-04-20,robust_expansion,stressed,1.0,2023-04-20,54326.57384585732,66011.78723144531,120338.36107730264,0.5485514896537508,2023-04-20,2.6650013391799705e-21,0.9999999997911573,2.0886265737785718e-10
2023-04-21,cautious,0.449,12.0,0.964,"{'momentum': 0.78, 'mean_reversion': 0.91, 'trend_following': 0.75, 'fundamental': 0.98}",True,9.476689874403142e-22,0.9999999994930135,5.069623702874569e-10,elevated,low,range,strong,calm,2023-04-21,robust_expansion,stressed,1.0,2023-04-21,64353.93723545362,55973.40131378174,120327.33854923536,0.4651760937177101,2023-04-21,9.476689874403142e-22,0.9999999994930135,5.069623702874569e-10
2023-04-24,cautious,0.49,12.0,0.964,"{'momentum': 0.78, 'mean_reversion': 0.9, 'trend_following': 0.75, 'fundamental': 0.98}",True,5.215876062452166e-23,0.999999999717204,2.827836091519855e-10,elevated,low,range,strong,calm,2023-04-24,robust_expansion,stressed,1.0,2023-04-24,64353.93723545362,56033.632637023926,120387.56987247754,0.4654436724354387,2023-04-24,5.215876062452166e-23,0.999999999717204,2.827836091519855e-10
2023-04-25,cautious,0.531,12.0,0.964,"{'momentum': 0.77, 'mean_reversion': 0.9, 'trend_following': 0.74, 'fundamental': 0.98}",True,4.897464971817564e-25,0.999999999367617,6.323665423056278e-10,elevated,low,range,strong,calm,2023-04-25,robust_expansion,stressed,1.0,2023-04-25,64129.65082452061,56235.97447967529,120365.62530419591,0.4672095902592791,2023-04-25,4.897464971817564e-25,0.999999999367617,6.323665423056278e-10
2023-04-26,cautious,0.571,12.0,0.964,"{'momentum': 0.77, 'mean_reversion': 0.9, 'trend_following': 0.75, 'fundamental': 0.98}",True,1.072995029968448e-25,0.9999999993274855,6.72490070921008e-10,elevated,low,range,strong,calm,2023-04-26,robust_expansion,stressed,1.0,2023-04-26,67836.78700485427,52524.519371032715,120361.30637588698,0.43639040612436725,2023-04-26,1.072995029968448e-25,0.9999999993274855,6.72490070921008e-10
2023-04-27,cautious,0.612,12.0,0.964,"{'momentum': 0.75, 'mean_reversion': 0.9, 'trend_following': 0.73, 'fundamental': 0.97}",True,4.176956679577518e-24,0.9999999973760509,2.6239228861032295e-09,elevated,low,range,strong,calm,2023-04-27,robust_expansion,stressed,1.0,2023-04-27,23034.092445170052,98572.89167785645,121606.9841230265,0.8105857767028652,2023-04-27,4.176956679577518e-24,0.9999999973760509,2.6239228861032295e-09
2023-04-28,cautious,0.653,12.0,0.964,"{'momentum': 0.76, 'mean_reversion': 0.9, 'trend_following': 0.73, 'fundamental': 0.98}",True,2.74944076133355e-24,0.9999999981337169,1.8662631772863226e-09,elevated,low,range,strong,calm,2023-04-28,robust_expansion,stressed,1.0,2023-04-28,50106.89457149865,72430.86060714722,122537.75517864586,0.5910901542267639,2023-04-28,2.74944076133355e-24,0.9999999981337169,1.8662631772863226e-09
2023-05-01,cautious,0.605,12.0,0.829,"{'momentum': 0.71, 'mean_reversion': 0.89, 'trend_following': 0.7, 'fundamental': 0.95}",True,1.0695593627561627e-19,0.9999999690136296,3.0986384964387576e-08,elevated,low,range,strong,stressed,2023-05-01,cautious_decline,stressed,1.0,2023-05-01,14776.92577714124,107685.64230537416,122462.56808251538,0.8793351633195825,2023-05-01,1.0695593627561627e-19,0.9999999690136296,3.0986384964387576e-08
2023-05-02,cautious,0.356,12.0,0.829,"{'momentum': 0.72, 'mean_reversion': 0.89, 'trend_following': 0.71, 'fundamental': 0.96}",True,1.0882496369439015e-23,0.9999999877931601,1.220684717200234e-08,elevated,low,range,strong,stressed,2023-05-02,robust_expansion,stressed,1.0,2023-05-02,74273.59115239377,47423.38599777222,121696.977150166,0.38968417382508114,2023-05-02,1.0882496369439015e-23,0.9999999877931601,1.220684717200234e-08
2023-05-03,cautious,0.385,12.0,0.904,"{'momentum': 0.73, 'mean_reversion': 0.9, 'trend_following': 0.72, 'fundamental': 0.97}",True,1.6791458866469893e-22,0.9999999804672941,1.9532701688724204e-08,elevated,low,range,strong,cautious,2023-05-03,robust_expansion,stressed,1.0,2023-05-03,79191.13735441721,42410.89654159546,121602.03389601268,0.3487679867087002,2023-05-03,1.6791458866469893e-22,0.9999999804672941,1.9532701688724204e-08
2023-05-04,cautious,0.385,12.0,0.904,"{'momentum': 0.73, 'mean_reversion': 0.91, 'trend_following': 0.72, 'fundamental': 0.97}",True,8.470751800747194e-23,0.9999999371391388,6.286083581626958e-08,elevated,low,range,strong,cautious,2023-05-04,emerging_expansion,stressed,1.0,2023-05-04,53701.158168058566,67737.97738456726,121439.13555262584,0.5577936393924091,2023-05-04,8.470751800747194e-23,0.9999999371391388,6.286083581626958e-08
2023-05-05,cautious,0.385,12.0,0.904,"{'momentum': 0.73, 'mean_reversion': 0.9, 'trend_following': 0.72, 'fundamental': 0.97}",True,7.12182548743558e-23,0.999999994789448,5.210547956269939e-09,elevated,low,range,strong,cautious,2023-05-05,robust_expansion,stressed,1.0,2023-05-05,59729.96732065955,62417.994915008545,122147.96223566808,0.5110031618422042,2023-05-05,7.12182548743558e-23,0.999999994789448,5.210547956269939e-09
2023-05-08,cautious,0.385,12.0,0.904,"{'momentum': 0.73, 'mean_reversion': 0.91, 'trend_following': 0.72, 'fundamental': 0.97}",True,1.4113374240843574e-21,0.9999999994529958,5.470130027625487e-10,elevated,low,range,strong,cautious,2023-05-08,robust_expansion,stressed,1.0,2023-05-08,60792.54096258089,61343.786222457886,122136.32718503875,0.5022566801891868,2023-05-08,1.4113374240843574e-21,0.9999999994529958,5.470130027625487e-10
2023-05-09,cautious,0.385,12.0,0.904,"{'momentum': 0.74, 'mean_reversion': 0.9, 'trend_following': 0.72, 'fundamental': 0.97}",True,8.675432456377623e-22,0.9999999980233838,1.9766346201965533e-09,elevated,low,range,strong,cautious,2023-05-09,robust_expansion,stressed,1.0,2023-05-09,62384.45543004517,59734.602972984314,122119.05840302948,0.4891505368133631,2023-05-09,8.675432456377623e-22,0.9999999980233838,1.9766346201965533e-09
2023-05-10,cautious,0.385,12.0,0.904,"{'momentum': 0.74, 'mean_reversion': 0.9, 'trend_following': 0.72, 'fundamental': 0.97}",True,9.524661220597556e-23,0.9999999991680966,8.3192627650462e-10,elevated,low,range,strong,cautious,2023-05-10,robust_expansion,stressed,1.0,2023-05-10,64849.31550750913,57378.60931301117,122227.9248205203,0.4694394459962076,2023-05-10,9.524661220597556e-23,0.9999999991680966,8.3192627650462e-10
2023-05-11,cautious,0.385,12.0,0.904,"{'momentum': 0.72, 'mean_reversion': 0.91, 'trend_following': 0.71, 'fundamental': 0.96}",True,3.6336106987280717e-25,0.9999999997036184,2.9637942860576966e-10,elevated,low,range,strong,cautious,2023-05-11,emerging_expansion,stressed,1.0,2023-05-11,67985.73686155076,54094.57168960571,122080.30855115649,0.44310644633518387,2023-05-11,3.6336106987280717e-25,0.9999999997036184,2.9637942860576966e-10
2023-05-12,cautious,0.408,12.0,0.964,"{'momentum': 0.76, 'mean_reversion': 0.9, 'trend_following': 0.74, 'fundamental': 0.98}",True,4.332971332996111e-28,0.9999999999024567,9.75365036317743e-11,elevated,low,range,strong,calm,2023-05-12,robust_expansion,stressed,1.0,2023-05-12,67985.73686155076,54088.440423965454,122074.1772855162,0.44307847594548494,2023-05-12,4.332971332996111e-28,0.9999999999024567,9.75365036317743e-11
2023-05-15,cautious,0.408,12.0,0.964,"{'momentum': 0.77, 'mean_reversion': 0.9, 'trend_following': 0.74, 'fundamental': 0.98}",True,8.299448114548322e-27,0.9999999998830731,1.1693058612963657e-10,elevated,low,range,strong,calm,2023-05-15,robust_expansion,stressed,1.0,2023-05-15,70664.93998268062,51453.50277042389,122118.44275310452,0.42134096710069474,2023-05-15,8.299448114548322e-27,0.9999999998830731,1.1693058612963657e-10
2023-05-16,cautious,0.408,12.0,0.964,"{'momentum': 0.77, 'mean_reversion': 0.9, 'trend_following': 0.74, 'fundamental': 0.98}",True,9.587923269074124e-25,0.9999999991729851,8.270363522471207e-10,elevated,low,range,strong,calm,2023-05-16,robust_expansion,stressed,1.0,2023-05-16,77751.86249776115,44271.97465133667,122023.83714909782,0.36281414915056204,2023-05-16,9.587923269074124e-25,0.9999999991729851,8.270363522471207e-10
2023-05-17,cautious,0.408,12.0,0.964,"{'momentum': 0.77, 'mean_reversion': 0.9, 'trend_following': 0.74, 'fundamental': 0.98}",True,1.2107076649279353e-25,0.9999999987449542,1.255063369038722e-09,elevated,low,range,strong,calm,2023-05-17,robust_expansion,stressed,1.0,2023-05-17,69400.47230663995,52808.06928253174,122208.54158917168,0.4321143890257407,2023-05-17,1.2107076649279353e-25,0.9999999987449542,1.255063369038722e-09
2023-05-18,cautious,0.408,12.0,0.964,"{'momentum': 0.76, 'mean_reversion': 0.9, 'trend_following': 0.74, 'fundamental': 0.98}",True,1.1914926015304744e-27,0.9999999918975391,8.102472724696856e-09,elevated,low,range,strong,calm,2023-05-18,robust_expansion,stressed,1.0,2023-05-18,69400.47230663995,52899.04928779602,122299.52159443597,0.4325368455914113,2023-05-18,1.1914926015304744e-27,0.9999999918975391,8.102472724696856e-09
2023-05-19,cautious,0.408,12.0,0.964,"{'momentum': 0.76, 'mean_reversion': 0.9, 'trend_following': 0.74, 'fundamental': 0.98}",True,3.643014369142754e-27,0.9999999968324005,3.1675992485241963e-09,elevated,low,range,strong,calm,2023-05-19,robust_expansion,stressed,1.0,2023-05-19,69400.47230663995,52832.89189910889,122233.36420574885,0.432229712749934,2023-05-19,3.643014369142754e-27,0.9999999968324005,3.1675992485241963e-09
2023-05-22,cautious,0.408,12.0,0.964,"{'momentum': 0.77, 'mean_reversion': 0.9, 'trend_following': 0.74, 'fundamental': 0.98}",True,2.836459938983831e-28,0.9999999946064122,5.3935770546799854e-09,elevated,low,range,strong,calm,2023-05-22,robust_expansion,stressed,1.0,2023-05-22,69400.47230663995,52813.79220962525,122214.2645162652,0.43214098140398655,2023-05-22,2.836459938983831e-28,0.9999999946064122,5.3935770546799854e-09
2023-05-23,cautious,0.408,12.0,0.964,"{'momentum': 0.74, 'mean_reversion': 0.9, 'trend_following': 0.73, 'fundamental': 0.97}",True,8.398863544682212e-27,0.9999999938723931,6.127623046973363e-09,elevated,low,range,strong,calm,2023-05-23,robust_expansion,stressed,1.0,2023-05-23,81972.7574835915,40052.92249298096,122025.67997657246,0.32823355297565776,2023-05-23,8.398863544682212e-27,0.9999999938723931,6.127623046973363e-09
2023-05-24,cautious,0.408,12.0,0.964,"{'momentum': 0.77, 'mean_reversion': 0.9, 'trend_following': 0.74, 'fundamental': 0.98}",True,2.2955647907805344e-26,0.9999999932459218,6.754096199061896e-09,elevated,low,range,strong,calm,2023-05-24,robust_expansion,stressed,1.0,2023-05-24,39184.017475723675,83066.72855949402,122250.74603521769,0.6794782956626242,2023-05-24,2.2955647907805344e-26,0.9999999932459218,6.754096199061896e-09
2023-05-25,cautious,0.364,12.0,0.851,"{'momentum': 0.75, 'mean_reversion': 0.91, 'trend_following': 0.73, 'fundamental': 0.97}",True,4.4280056978834315e-27,0.9999999990900506,9.099615468107971e-10,elevated,low,range,narrow,calm,2023-05-25,emerging_expansion,stressed,1.0,2023-05-25,53763.556987685355,68305.05293655396,122068.60992423932,0.5595627981587307,2023-05-25,4.4280056978834315e-27,0.9999999990900506,9.099615468107971e-10
2023-05-26,cautious,0.364,12.0,0.851,"{'momentum': 0.71, 'mean_reversion': 0.91, 'trend_following': 0.71, 'fundamental': 0.96}",True,1.2788488958659695e-27,0.9999999985657837,1.434240391339403e-09,elevated,low,range,narrow,calm,2023-05-26,cautious_decline,stressed,1.0,2023-05-26,61697.70627161188,60447.44745063782,122145.1537222497,0.49488207766385445,2023-05-26,1.2788488958659695e-27,0.9999999985657837,1.434240391339403e-09
2023-05-30,cautious,0.341,12.0,0.792,"{'momentum': 0.7, 'mean_reversion': 0.91, 'trend_following': 0.7, 'fundamental': 0.96}",True,1.2592251348509156e-27,0.9999999994604991,5.394926184343593e-10,elevated,low,range,narrow,cautious,2023-05-30,cautious_decline,stressed,1.0,2023-05-30,67019.97930523478,54987.38878631592,122007.3680915507,0.45068908252372936,2023-05-30,1.2592251348509156e-27,0.9999999994604991,5.394926184343593e-10
2023-05-31,cautious,0.341,12.0,0.792,"{'momentum': 0.7, 'mean_reversion': 0.92, 'trend_following': 0.7, 'fundamental': 0.96}",True,2.1380877055789867e-29,0.9999999942950808,5.7049104834350275e-09,elevated,low,range,narrow,cautious,2023-05-31,cautious_decline,stressed,1.0,2023-05-31,78960.48849389164,42967.24173736572,121927.73023125736,0.3523992586089383,2023-05-31,2.1380877055789867e-29,0.9999999942950808,5.7049104834350275e-09
2023-06-01,cautious,0.364,12.0,0.851,"{'momentum': 0.73, 'mean_reversion': 0.91, 'trend_following': 0.72, 'fundamental': 0.97}",True,5.457426037459335e-26,0.9999999994388986,5.611240064017976e-10,elevated,low,range,narrow,calm,2023-06-01,emerging_expansion,stressed,1.0,2023-06-01,78960.48849389164,43062.43085479736,122022.919348689,0.35290444684201877,2023-06-01,5.457426037459335e-26,0.9999999994388986,5.611240064017976e-10
2023-06-02,cautious,0.364,12.0,0.851,"{'momentum': 0.73, 'mean_reversion': 0.91, 'trend_following': 0.72, 'fundamental': 0.97}",True,3.813382012488567e-26,0.9999999955834369,4.416542102978278e-09,elevated,low,range,narrow,calm,2023-06-02,emerging_expansion,stressed,1.0,2023-06-02,82358.74194995314,39750.02013587952,122108.76208583266,0.3255296299534872,2023-06-02,3.813382012488567e-26,0.9999999955834369,4.416542102978278e-09
2023-06-05,cautious,0.364,12.0,0.851,"{'momentum': 0.74, 'mean_reversion': 0.91, 'trend_following': 0.73, 'fundamental': 0.97}",True,2.6328739359784416e-24,0.9999999986699777,1.3300078407132004e-09,elevated,low,range,narrow,calm,2023-06-05,robust_expansion,stressed,1.0,2023-06-05,69018.01824523957,53224.94290924072,122242.96115448028,0.43540292550652104,2023-06-05,2.6328739359784416e-24,0.9999999986699777,1.3300078407132004e-09
2023-06-06,cautious,0.408,12.0,0.964,"{'momentum': 0.75, 'mean_reversion': 0.9, 'trend_following': 0.73, 'fundamental': 0.97}",True,1.3773374202873761e-24,0.999999999937927,6.205698378058749e-11,elevated,low,range,strong,calm,2023-06-06,robust_expansion,stressed,1.0,2023-06-06,69018.01824523957,53313.113733291626,122331.1319785312,0.4358098618971984,2023-06-06,1.3773374202873761e-24,0.999999999937927,6.205698378058749e-11
2023-06-07,cautious,0.408,12.0,0.964,"{'momentum': 0.76, 'mean_reversion': 0.9, 'trend_following': 0.74, 'fundamental': 0.98}",True,4.038853814446086e-24,0.9999999999318447,6.815536072192707e-11,elevated,low,range,strong,calm,2023-06-07,robust_expansion,stressed,1.0,2023-06-07,70207.12968220597,51896.77129173279,122103.90097393875,0.4250214029018563,2023-06-07,4.038853814446086e-24,0.9999999999318447,6.815536072192707e-11
2023-06-08,cautious,0.408,12.0,0.964,"{'momentum': 0.77, 'mean_reversion': 0.91, 'trend_following': 0.74, 'fundamental': 0.98}",True,7.008197024312225e-24,0.9999999999647002,3.529605284218402e-11,elevated,low,range,strong,calm,2023-06-08,robust_expansion,stressed,1.0,2023-06-08,74632.36287654993,47599.87968444824,122232.24256099816,0.3894216344815423,2023-06-08,7.008197024312225e-24,0.9999999999647002,3.529605284218402e-11
2023-06-09,benign,0.461,12.0,1.099,"{'momentum': 1.14, 'mean_reversion': 0.91, 'trend_following': 1.16, 'fundamental': 0.99}",True,5.385607170345338e-23,0.9999999999120632,8.794259782286263e-11,elevated,low,bull,strong,calm,2023-06-09,robust_expansion,stressed,1.0,2023-06-09,69425.00436495653,52831.535469055176,122256.53983401172,0.432136681937709,2023-06-09,5.385607170345338e-23,0.9999999999120632,8.794259782286263e-11
2023-06-12,benign,0.461,12.0,1.099,"{'momentum': 1.14, 'mean_reversion': 0.91, 'trend_following': 1.16, 'fundamental': 0.99}",True,1.1128664030464204e-24,0.9999999998304361,1.6957172515913598e-10,elevated,low,bull,strong,calm,2023-06-12,robust_expansion,stressed,1.0,2023-06-12,65904.56483105243,56564.34946060181,122468.91429165423,0.4618669952923429,2023-06-12,1.1128664030464204e-24,0.9999999998304361,1.6957172515913598e-10
2023-06-13,benign,0.461,12.0,1.099,"{'momentum': 1.14, 'mean_reversion': 0.91, 'trend_following': 1.16, 'fundamental': 0.99}",True,7.516707735000867e-23,0.999999999893646,1.063500144327789e-10,elevated,low,bull,strong,calm,2023-06-13,robust_expansion,stressed,1.0,2023-06-13,65904.56483105243,56722.815563201904,122627.38039425432,0.4625624014868024,2023-06-13,7.516707735000867e-23,0.999999999893646,1.063500144327789e-10
2023-06-14,benign,0.461,12.0,1.099,"{'momentum': 1.14, 'mean_reversion': 0.91, 'trend_following': 1.16, 'fundamental': 0.99}",True,3.0177534539803735e-20,0.9999999999965894,3.402151107426029e-12,elevated,low,bull,strong,calm,2023-06-14,robust_expansion,stressed,1.0,2023-06-14,71182.1475593279,51510.30660247803,122692.45416180592,0.41983271876318173,2023-06-14,3.0177534539803735e-20,0.9999999999965894,3.402151107426029e-12
2023-06-15,benign,0.461,12.0,1.099,"{'momentum': 1.14, 'mean_reversion': 0.91, 'trend_following': 1.16, 'fundamental': 1.0}",True,8.650599845077749e-23,0.9999999999985789,1.3941936660372717e-12,elevated,low,bull,strong,calm,2023-06-15,robust_expansion,stressed,1.0,2023-06-15,75099.93145402166,47891.58614349365,122991.51759751533,0.38938934228144817,2023-06-15,8.650599845077749e-23,0.9999999999985789,1.3941936660372717e-12
2023-06-16,benign,0.461,12.0,1.099,"{'momentum': 1.14, 'mean_reversion': 0.91, 'trend_following': 1.16, 'fundamental': 0.99}",True,7.178773964108387e-23,0.9999999999990337,9.614433126993736e-13,elevated,low,bull,strong,calm,2023-06-16,robust_expansion,stressed,1.0,2023-06-16,76115.68867222982,46739.59284210205,122855.28151433187,0.3804443102973116,2023-06-16,7.178773964108387e-23,0.9999999999990337,9.614433126993736e-13
2023-06-20,benign,0.461,12.0,1.099,"{'momentum': 1.16, 'mean_reversion': 0.91, 'trend_following': 1.17, 'fundamental': 1.0}",True,8.441152058275774e-24,0.9999999999885176,1.1497548562733188e-11,elevated,low,bull,strong,calm,2023-06-20,robust_expansion,stressed,1.0,2023-06-20,87041.13229928806,35674.93250274658,122716.06480203464,0.2907111840678507,2023-06-20,8.441152058275774e-24,0.9999999999885176,1.1497548562733188e-11
2023-06-21,benign,0.461,12.0,1.099,"{'momentum': 1.14, 'mean_reversion': 0.91, 'trend_following': 1.16, 'fundamental': 0.99}",True,1.656937173123001e-25,0.9999999999950546,4.9534420503298386e-12,elevated,low,bull,strong,calm,2023-06-21,robust_expansion,stressed,1.0,2023-06-21,27804.579916102743,94454.71473503111,122259.29465113388,0.7725769644308602,2023-06-21,1.656937173123001e-25,0.9999999999950546,4.9534420503298386e-12
2023-06-22,benign,0.461,12.0,1.099,"{'momentum': 1.16, 'mean_reversion': 0.91, 'trend_following': 1.17, 'fundamental': 1.0}",True,1.2131389686153681e-23,0.9999999999859028,1.411315171556265e-11,elevated,low,bull,strong,calm,2023-06-22,robust_expansion,stressed,1.0,2023-06-22,31261.43911473153,90819.97330474854,122081.41241948008,0.7439295753942041,2023-06-22,1.2131389686153681e-23,0.9999999999859028,1.411315171556265e-11
2023-06-23,benign,0.461,12.0,1.099,"{'momentum': 1.14, 'mean_reversion': 0.91, 'trend_following': 1.16, 'fundamental': 0.99}",True,1.568780094377341e-26,0.9999999998295266,1.704977374297072e-10,elevated,low,bull,strong,calm,2023-06-23,robust_expansion,stressed,1.0,2023-06-23,42223.29632786705,79484.93565940857,121708.23198727562,0.6530777282815067,2023-06-23,1.568780094377341e-26,0.9999999998295266,1.704977374297072e-10
2023-06-26,benign,0.461,12.0,1.099,"{'momentum': 1.14, 'mean_reversion': 0.91, 'trend_following': 1.16, 'fundamental': 0.99}",True,5.866438582423604e-26,0.9999999999851639,1.4845437820425983e-11,elevated,low,bull,strong,calm,2023-06-26,robust_expansion,stressed,1.0,2023-06-26,45614.47478285055,76027.90270233154,121642.37748518208,0.6250116470437527,2023-06-26,5.866438582423604e-26,0.9999999999851639,1.4845437820425983e-11
2023-06-27,benign,0.507,12.0,1.099,"{'momentum': 1.13, 'mean_reversion': 0.9, 'trend_following': 1.15, 'fundamental': 0.98}",True,2.0911725786848456e-23,0.9999999999512852,4.8710190746017624e-11,elevated,low,bull,strong,calm,2023-06-27,robust_expansion,stressed,1.0,2023-06-27,49386.84943960298,72608.98770904541,121995.8371486484,0.5951759453937224,2023-06-27,2.0911725786848456e-23,0.9999999999512852,4.8710190746017624e-11
2023-06-28,benign,0.553,12.0,1.099,"{'momentum': 1.15, 'mean_reversion': 0.91, 'trend_following': 1.17, 'fundamental': 1.0}",True,5.618756836325637e-25,0.999999999500119,4.998734982632426e-10,elevated,low,bull,strong,calm,2023-06-28,robust_expansion,stressed,1.0,2023-06-28,49386.84943960298,72640.3390083313,122027.18844793428,0.5952799530354251,2023-06-28,5.618756836325637e-25,0.999999999500119,4.998734982632426e-10
2023-06-29,benign,0.599,12.0,1.099,"{'momentum': 1.16, 'mean_reversion': 0.91, 'trend_following': 1.17, 'fundamental': 1.0}",True,3.123793856559752e-24,0.9999999986565626,1.343462115451555e-09,elevated,low,bull,strong,calm,2023-06-29,robust_expansion,stressed,1.0,2023-06-29,51753.21525757908,70377.96161651611,122131.1768740952,0.5762489432904476,2023-06-29,3.123793856559752e-24,0.9999999986565626,1.343462115451555e-09
2023-06-30,benign,0.682,18.0,1.166,"{'momentum': 1.18, 'mean_reversion': 0.91, 'trend_following': 1.18, 'fundamental': 1.0}",True,1.4767391859713897e-22,0.9999999876337712,1.2366242335465164e-08,normal,low,bull,strong,calm,2023-06-30,robust_expansion,stressed,1.0,2023-06-30,38042.77092712846,84522.79109954834,122565.5620266768,0.6896128871921762,2023-06-30,1.4767391859713897e-22,0.9999999876337712,1.2366242335465164e-08
2023-07-03,benign,0.487,18.0,1.166,"{'momentum': 1.18, 'mean_reversion': 0.91, 'trend_following': 1.18, 'fundamental': 1.0}",True,6.279675237722052e-21,0.9999999855346574,1.446535908941127e-08,normal,low,bull,strong,calm,2023-07-03,robust_expansion,stressed,1.0,2023-07-03,38042.77092712846,84829.18899536133,122871.9599224898,0.6903868795522864,2023-07-03,6.279675237722052e-21,0.9999999855346574,1.446535908941127e-08
2023-07-05,benign,0.487,18.0,1.166,"{'momentum': 1.18, 'mean_reversion': 0.91, 'trend_following': 1.18, 'fundamental': 1.01}",True,7.357646644411966e-23,0.9999999976110416,2.388957022239415e-09,normal,low,bull,strong,calm,2023-07-05,robust_expansion,stressed,1.0,2023-07-05,41097.345704610314,81669.64981079102,122766.99551540132,0.665241089169975,2023-07-05,7.357646644411966e-23,0.9999999976110416,2.388957022239415e-09
2023-07-06,benign,0.487,18.0,1.166,"{'momentum': 1.18, 'mean_reversion': 0.91, 'trend_following': 1.18, 'fundamental': 1.0}",True,6.514571696269083e-25,0.9999999920978553,7.902143404339447e-09,normal,low,bull,strong,calm,2023-07-06,robust_expansion,stressed,1.0,2023-07-06,58320.119792580896,63789.584480285645,122109.70427286654,0.5223957003264977,2023-07-06,6.514571696269083e-25,0.9999999920978553,7.902143404339447e-09
2023-07-07,benign,0.487,18.0,1.166,"{'momentum': 1.18, 'mean_reversion': 0.91, 'trend_following': 1.18, 'fundamental': 1.0}",True,1.1709997786128427e-24,0.9999999995677058,4.322726164889867e-10,normal,low,bull,strong,calm,2023-07-07,robust_expansion,stressed,1.0,2023-07-07,63618.254328209594,58772.10191345215,122390.35624166174,0.48020206589974856,2023-07-07,1.1709997786128427e-24,0.9999999995677058,4.322726164889867e-10
2023-07-10,benign,0.487,18.0,1.166,"{'momentum': 1.18, 'mean_reversion': 0.91, 'trend_following': 1.18, 'fundamental': 1.0}",True,1.1632538714190644e-21,0.9999999990394599,9.60567922934349e-10,normal,low,bull,strong,calm,2023-07-10,robust_expansion,stressed,1.0,2023-07-10,67298.89046329264,55295.53941345215,122594.4298767448,0.45104446808101906,2023-07-10,1.1632538714190644e-21,0.9999999990394599,9.60567922934349e-10
2023-07-11,benign,0.487,18.0,1.166,"{'momentum': 1.18, 'mean_reversion': 0.91, 'trend_following': 1.18, 'fundamental': 1.0}",True,1.2876381521301417e-19,0.9999999994237214,5.762555106764232e-10,normal,low,bull,strong,calm,2023-07-11,robust_expansion,stressed,1.0,2023-07-11,31796.779111774205,91774.48008155824,123571.25919333244,0.7426846718295004,2023-07-11,1.2876381521301417e-19,0.9999999994237214,5.762555106764232e-10
2023-07-12,benign,0.487,18.0,1.166,"{'momentum': 1.18, 'mean_reversion': 0.91, 'trend_following': 1.18, 'fundamental': 1.0}",True,7.318726527838687e-19,0.9999999999461124,5.388211397447294e-11,normal,low,bull,strong,calm,2023-07-12,robust_expansion,stressed,1.0,2023-07-12,42748.83145886676,81448.91218185425,124197.74364072102,0.655800256866739,2023-07-12,7.318726527838687e-19,0.9999999999461124,5.388211397447294e-11
2023-07-13,benign,0.487,18.0,1.166,"{'momentum': 1.18, 'mean_reversion': 0.91, 'trend_following': 1.18, 'fundamental': 1.0}",True,5.651069223349424e-20,0.9999999999702709,2.970665017611816e-11,normal,low,bull,strong,calm,2023-07-13,robust_expansion,stressed,1.0,2023-07-13,55603.889328822734,69311.88792610168,124915.7772549244,0.5548689641073284,2023-07-13,5.651069223349424e-20,0.9999999999702709,2.970665017611816e-11
2023-07-14,benign,0.487,18.0,1.166,"{'momentum': 1.18, 'mean_reversion': 0.91, 'trend_following': 1.18, 'fundamental': 1.0}",True,8.367442125400439e-20,0.9999999996526299,3.473825290624713e-10,normal,low,bull,strong,calm,2023-07-14,robust_expansion,stressed,1.0,2023-07-14,70707.86537427339,54045.4566822052,124753.3220564786,0.4332185771993921,2023-07-14,8.367442125400439e-20,0.9999999996526299,3.473825290624713e-10
2023-07-17,benign,0.487,18.0,1.166,"{'momentum': 1.18, 'mean_reversion': 0.91, 'trend_following': 1.18, 'fundamental': 1.01}",True,4.947288507801605e-21,0.9999999999558327,4.4183492366316355e-11,normal,low,bull,strong,calm,2023-07-17,robust_expansion,stressed,1.0,2023-07-17,78715.49048699459,46066.37476539612,124781.86525239072,0.36917523770156596,2023-07-17,4.947288507801605e-21,0.9999999999558327,4.4183492366316355e-11
2023-07-18,benign,0.536,18.0,1.166,"{'momentum': 1.18, 'mean_reversion': 0.91, 'trend_following': 1.18, 'fundamental': 1.01}",True,1.1585667445079837e-19,0.9999999999798206,2.017502646914617e-11,normal,low,bull,strong,calm,2023-07-18,robust_expansion,stressed,1.0,2023-07-18,84273.39703287001,40546.99171257019,124820.3887454402,0.3248426969352105,2023-07-18,1.1585667445079837e-19,0.9999999999798206,2.017502646914617e-11
2023-07-19,benign,0.584,18.0,1.166,"{'momentum': 1.18, 'mean_reversion': 0.91, 'trend_following': 1.19, 'fundamental': 1.01}",True,5.962909420946061e-21,0.9999999999635065,3.6495840865365725e-11,normal,low,bull,strong,calm,2023-07-19,robust_expansion,stressed,1.0,2023-07-19,82409.8520211349,42283.38609313965,124693.23811427454,0.33909927059869305,2023-07-19,5.962909420946061e-21,0.9999999999635065,3.6495840865365725e-11
2023-07-20,benign,0.599,12.0,1.099,"{'momentum': 1.13, 'mean_reversion': 0.91, 'trend_following': 1.15, 'fundamental': 0.99}",True,1.9425503194637373e-20,0.9999999999624265,3.7594444608199864e-11,elevated,low,bull,strong,calm,2023-07-20,robust_expansion,stressed,1.0,2023-07-20,85806.71533233157,38766.13594818115,124572.85128051272,0.3111924913791023,2023-07-20,1.9425503194637373e-20,0.9999999999624265,3.7594444608199864e-11
2023-07-21,benign,0.461,12.0,1.099,"{'momentum': 1.17, 'mean_reversion': 0.91, 'trend_following': 1.17, 'fundamental': 1.0}",True,5.68329527398534e-20,0.9999999998103704,1.8961393352995709e-10,elevated,low,bull,strong,calm,2023-07-21,robust_expansion,stressed,1.0,2023-07-21,10431.130597350922,113822.7784538269,124253.90905117782,0.9160498798226578,2023-07-21,5.68329527398534e-20,0.9999999998103704,1.8961393352995709e-10
2023-07-24,benign,0.461,12.0,1.099,"{'momentum': 1.14, 'mean_reversion': 0.91, 'trend_following': 1.15, 'fundamental': 0.99}",True,1.9588820229733326e-20,0.9999999999611191,3.890403480749284e-11,elevated,low,bull,strong,calm,2023-07-24,robust_expansion,stressed,1.0,2023-07-24,14825.2809213352,109815.01583862305,124640.29675995823,0.881055474780465,2023-07-24,1.9588820229733326e-20,0.9999999999611191,3.890403480749284e-11
2023-07-25,benign,0.461,12.0,1.099,"{'momentum': 1.17, 'mean_reversion': 0.91, 'trend_following': 1.17, 'fundamental': 1.0}",True,9.222437982259513e-21,0.9999999999668603,3.315346950422535e-11,elevated,low,bull,strong,calm,2023-07-25,robust_expansion,stressed,1.0,2023-07-25,14825.2809213352,109619.31298446655,124444.59390580175,0.8808684213911518,2023-07-25,9.222437982259513e-21,0.9999999999668603,3.315346950422535e-11
2023-07-26,benign,0.461,12.0,1.099,"{'momentum': 1.17, 'mean_reversion': 0.91, 'trend_following': 1.17, 'fundamental': 1.0}",True,1.7956619343530012e-19,0.9999999999911893,8.83576344994903e-12,elevated,low,bull,strong,calm,2023-07-26,robust_expansion,stressed,1.0,2023-07-26,34607.676883209824,89794.02885627747,124401.70573948728,0.7218070549958325,2023-07-26,1.7956619343530012e-19,0.9999999999911893,8.83576344994903e-12
2023-07-27,benign,0.487,18.0,1.166,"{'momentum': 1.18, 'mean_reversion': 0.92, 'trend_following': 1.19, 'fundamental': 1.01}",True,6.8944745073859775e-18,0.9999999998610747,1.3894573842952615e-10,normal,low,bull,strong,calm,2023-07-27,robust_expansion,stressed,1.0,2023-07-27,45707.75901782624,78536.27185153961,124244.03086936584,0.6321130383649188,2023-07-27,6.8944745073859775e-18,0.9999999998610747,1.3894573842952615e-10
2023-07-28,benign,0.487,18.0,1.166,"{'momentum': 1.18, 'mean_reversion': 0.92, 'trend_following': 1.18, 'fundamental': 1.01}",True,1.7271193751011037e-20,0.9999999999797637,2.0244266036548316e-11,normal,low,bull,strong,calm,2023-07-28,robust_expansion,stressed,1.0,2023-07-28,62014.36113239379,63076.53357505798,125090.89470745178,0.5042456025482441,2023-07-28,1.7271193751011037e-20,0.9999999999797637,2.0244266036548316e-11
2023-07-31,benign,0.487,18.0,1.166,"{'momentum': 1.18, 'mean_reversion': 0.92, 'trend_following': 1.18, 'fundamental': 1.01}",True,1.3635673324861305e-20,0.9999999999774332,2.255732627822362e-11,normal,low,bull,strong,calm,2023-07-31,robust_expansion,stressed,1.0,2023-07-31,64849.576587404794,60425.44921684265,125275.02580424745,0.4823423410126644,2023-07-31,1.3635673324861305e-20,0.9999999999774332,2.255732627822362e-11
2023-08-01,benign,0.487,18.0,1.166,"{'momentum': 1.18, 'mean_reversion': 0.92, 'trend_following': 1.19, 'fundamental': 1.01}",True,1.718211728900398e-19,0.9999999998458975,1.5410162880697052e-10,normal,low,bull,strong,calm,2023-08-01,robust_expansion,stressed,1.0,2023-08-01,65872.29615760197,59195.91758918762,125068.2137467896,0.4733090512433031,2023-08-01,1.718211728900398e-19,0.9999999998458975,1.5410162880697052e-10
2023-08-02,benign,0.487,18.0,1.166,"{'momentum': 1.17, 'mean_reversion': 0.91, 'trend_following': 1.18, 'fundamental': 1.0}",True,1.6930710897786479e-21,0.9999999991017035,8.982749634714362e-10,normal,low,bull,strong,calm,2023-08-02,robust_expansion,stressed,1.0,2023-08-02,74276.18705363192,50307.58081817627,124583.7678718082,0.40380526032846265,2023-08-02,1.6930710897786479e-21,0.9999999991017035,8.982749634714362e-10
2023-08-03,benign,0.464,18.0,1.107,"{'momentum': 1.16, 'mean_reversion': 0.92, 'trend_following': 1.17, 'fundamental': 1.0}",True,2.9471469353809777e-19,0.9999999946486469,5.35135940237622e-09,normal,low,bull,strong,cautious,2023-08-03,robust_expansion,stressed,1.0,2023-08-03,77486.05135460146,47077.59519958496,124563.64655418642,0.3779400852648107,2023-08-03,2.9471469353809777e-19,0.9999999946486469,5.35135940237622e-09
2023-08-04,benign,0.464,18.0,1.107,"{'momentum': 1.15, 'mean_reversion': 0.92, 'trend_following': 1.16, 'fundamental': 1.0}",True,2.5418979398481895e-22,0.9999999989836965,1.016324090840777e-09,normal,low,bull,strong,cautious,2023-08-04,robust_expansion,stressed,1.0,2023-08-04,81996.454314715,42451.52753448486,124447.98184919986,0.34111864976585643,2023-08-04,2.5418979398481895e-22,0.9999999989836965,1.016324090840777e-09
2023-08-07,benign,0.464,18.0,1.107,"{'momentum': 1.16, 'mean_reversion': 0.92, 'trend_following': 1.17, 'fundamental': 1.0}",True,3.495625488802546e-21,0.9999999947826268,5.217347731761218e-09,normal,low,bull,strong,cautious,2023-08-07,robust_expansion,stressed,1.0,2023-08-07,79585.47748633307,44780.124420166016,124365.60190649908,0.36006840905922477,2023-08-07,3.495625488802546e-21,0.9999999947826268,5.217347731761218e-09
2023-08-08,benign,0.464,18.0,1.107,"{'momentum': 1.15, 'mean_reversion': 0.92, 'trend_following': 1.17, 'fundamental': 1.0}",True,8.27057361427e-23,0.9999999910390329,8.960981266176513e-09,normal,low,bull,strong,cautious,2023-08-08,robust_expansion,stressed,1.0,2023-08-08,79603.59171464767,44765.105719566345,124368.69743421402,0.3599386874920457,2023-08-08,8.27057361427e-23,0.9999999910390329,8.960981266176513e-09
2023-08-09,benign,0.464,18.0,1.107,"{'momentum': 1.14, 'mean_reversion': 0.92, 'trend_following': 1.16, 'fundamental': 0.99}",True,1.0766950137818087e-22,0.9999999947852984,5.214677823201318e-09,normal,low,bull,strong,cautious,2023-08-09,robust_expansion,stressed,1.0,2023-08-09,73321.44210718674,50790.08622741699,124111.52833460372,0.40922939962907645,2023-08-09,1.0766950137818087e-22,0.9999999947852984,5.214677823201318e-09
2023-08-10,benign,0.461,12.0,1.099,"{'momentum': 1.12, 'mean_reversion': 0.91, 'trend_following': 1.14, 'fundamental': 0.99}",True,1.5909792518149935e-21,0.9999999955271619,4.472855638269134e-09,elevated,low,bull,strong,calm,2023-08-10,emerging_expansion,stressed,1.0,2023-08-10,80705.1482301259,43295.586935043335,124000.73516516924,0.34915588909512124,2023-08-10,1.5909792518149935e-21,0.9999999955271619,4.472855638269134e-09
2023-08-11,benign,0.461,12.0,1.099,"{'momentum': 1.12, 'mean_reversion': 0.91, 'trend_following': 1.14, 'fundamental': 0.99}",True,1.4240455469176707e-21,0.9999999966698851,3.330122868642374e-09,elevated,low,bull,strong,calm,2023-08-11,emerging_expansion,stressed,1.0,2023-08-11,80897.21194498525,43116.424448013306,124013.63639299855,0.34767486626533217,2023-08-11,1.4240455469176707e-21,0.9999999966698851,3.330122868642374e-09
2023-08-14,benign,0.449,12.0,1.069,"{'momentum': 1.11, 'mean_reversion': 0.92, 'trend_following': 1.14, 'fundamental': 0.99}",True,6.606186510233261e-24,0.999999997461714,2.5382757647581734e-09,elevated,normal,bull,strong,calm,2023-08-14,emerging_expansion,stressed,1.0,2023-08-14,80602.8816090668,43343.59562110901,123946.4772301758,0.34969606712272616,2023-08-14,6.606186510233261e-24,0.999999997461714,2.5382757647581734e-09
2023-08-15,benign,0.449,12.0,1.069,"{'momentum': 1.07, 'mean_reversion': 0.91, 'trend_following': 1.11, 'fundamental': 0.97}",True,1.6470293736417728e-23,0.999999989655123,1.0344855541162239e-08,elevated,normal,bull,strong,calm,2023-08-15,emerging_expansion,stressed,1.0,2023-08-15,80439.25693954514,43243.96108722687,123683.218026772,0.34963483144387825,2023-08-15,1.6470293736417728e-23,0.999999989655123,1.0344855541162239e-08
2023-08-16,benign,0.426,12.0,1.01,"{'momentum': 1.06, 'mean_reversion': 0.92, 'trend_following': 1.11, 'fundamental': 0.97}",True,7.167205861936409e-24,0.9999999854975955,1.4502402410894945e-08,elevated,normal,bull,strong,cautious,2023-08-16,emerging_expansion,stressed,1.0,2023-08-16,81033.94165566817,42584.146825790405,123618.08848145856,0.3444815184322931,2023-08-16,7.167205861936409e-24,0.9999999854975955,1.4502402410894945e-08
2023-08-17,cautious,0.382,12.0,0.897,"{'momentum': 0.89, 'mean_reversion': 0.92, 'trend_following': 1.1, 'fundamental': 0.96}",True,1.104351870264277e-22,0.9999999748720828,2.512793880832175e-08,elevated,normal,bull,narrow,cautious,2023-08-17,emerging_expansion,stressed,1.0,2023-08-17,83563.20918887043,40011.10285568237,123574.3120445528,0.3237817163914859,2023-08-17,1.104351870264277e-22,0.9999999748720828,2.512793880832175e-08
2023-08-18,cautious,0.382,12.0,0.897,"{'momentum': 0.9, 'mean_reversion': 0.92, 'trend_following': 1.1, 'fundamental': 0.96}",True,4.420882889544328e-22,0.9999999907868755,9.213141289042993e-09,elevated,normal,bull,narrow,cautious,2023-08-18,emerging_expansion,stressed,1.0,2023-08-18,47238.4397664084,76561.19977760315,123799.63954401156,0.6184282931646594,2023-08-18,4.420882889544328e-22,0.9999999907868755,9.213141289042993e-09
2023-08-21,cautious,0.382,12.0,0.897,"{'momentum': 0.9, 'mean_reversion': 0.92, 'trend_following': 1.11, 'fundamental': 0.97}",True,1.2818018821888215e-22,0.9999999841213026,1.5878706101007665e-08,elevated,normal,bull,narrow,cautious,2023-08-21,emerging_expansion,stressed,1.0,2023-08-21,56893.46160022571,67089.47584533691,123982.93744556262,0.5411186186389074,2023-08-21,1.2818018821888215e-22,0.9999999841213026,1.5878706101007665e-08
2023-08-22,cautious,0.382,12.0,0.897,"{'momentum': 0.91, 'mean_reversion': 0.93, 'trend_following': 1.11, 'fundamental': 0.97}",True,2.1933272667153483e-21,0.9999999920850087,7.914986811480634e-09,elevated,normal,bull,narrow,cautious,2023-08-22,emerging_expansion,stressed,1.0,2023-08-22,66715.968098764,57237.36051940918,123953.32861817318,0.4617654173348067,2023-08-22,2.1933272667153483e-21,0.9999999920850087,7.914986811480634e-09
2023-08-23,cautious,0.382,12.0,0.897,"{'momentum': 0.9, 'mean_reversion': 0.92, 'trend_following': 1.1, 'fundamental': 0.96}",True,7.290812862749069e-19,0.999999984628687,1.537130174023284e-08,elevated,normal,bull,narrow,cautious,2023-08-23,emerging_expansion,stressed,1.0,2023-08-23,70511.68936231858,53532.74370574951,124044.43306806809,0.4315610332659909,2023-08-23,7.290812862749069e-19,0.999999984628687,1.537130174023284e-08
2023-08-24,cautious,0.382,12.0,0.897,"{'momentum': 0.91, 'mean_reversion': 0.93, 'trend_following': 1.11, 'fundamental': 0.97}",True,2.3212129805997225e-21,0.9999999874711422,1.2528863052613177e-08,elevated,normal,bull,narrow,cautious,2023-08-24,emerging_expansion,stressed,1.0,2023-08-24,70511.68936231858,53295.14582061768,123806.83518293624,0.4304701411829896,2023-08-24,2.3212129805997225e-21,0.9999999874711422,1.2528863052613177e-08
2023-08-25,cautious,0.382,12.0,0.897,"{'momentum': 0.92, 'mean_reversion': 0.93, 'trend_following': 1.12, 'fundamental': 0.97}",True,5.491820986572155e-20,0.9999999882791714,1.17208336165062e-08,elevated,normal,bull,narrow,cautious,2023-08-25,emerging_expansion,stressed,1.0,2023-08-25,75364.54947920887,48501.54984283447,123866.09932204334,0.3915643594841376,2023-08-25,5.491820986572155e-20,0.9999999882791714,1.17208336165062e-08
2023-08-28,stressed,0.901,7.0,0.687,"{'momentum': 0.67, 'mean_reversion': 0.91, 'trend_following': 0.68, 'fundamental': 0.95}",True,2.683866343824028e-23,0.9999999958108674,4.189118026796317e-09,elevated,normal,range,narrow,stressed,2023-08-28,cautious_decline,stressed,1.0,2023-08-28,75364.54947920887,48598.570960998535,123963.1204402074,0.3920405584210802,2023-08-28,2.683866343824028e-23,0.9999999958108674,4.189118026796317e-09
2023-08-29,stressed,0.901,7.0,0.687,"{'momentum': 0.68, 'mean_reversion': 0.92, 'trend_following': 0.69, 'fundamental': 0.95}",True,1.0003598870267594e-22,0.9999999773719426,2.262805772722014e-08,elevated,normal,range,narrow,stressed,2023-08-29,cautious_decline,stressed,1.0,2023-08-29,45684.3222591009,78479.17702484131,124163.49928394222,0.6320631866646403,2023-08-29,1.0003598870267594e-22,0.9999999773719426,2.262805772722014e-08
2023-08-30,stressed,0.901,7.0,0.687,"{'momentum': 0.67, 'mean_reversion': 0.91, 'trend_following': 0.68, 'fundamental': 0.94}",True,8.112256682295709e-21,0.9999999984830197,1.516967563743776e-09,elevated,normal,range,narrow,stressed,2023-08-30,cautious_decline,stressed,1.0,2023-08-30,39857.56302418157,84479.4296798706,124336.99270405216,0.6794392227335687,2023-08-30,8.112256682295709e-21,0.9999999984830197,1.516967563743776e-09
2023-08-31,stressed,0.901,7.0,0.687,"{'momentum': 0.67, 'mean_reversion': 0.91, 'trend_following': 0.68, 'fundamental': 0.95}",True,2.893629147014956e-23,0.999999992294363,7.705650910970485e-09,elevated,normal,range,narrow,stressed,2023-08-31,cautious_decline,stressed,1.0,2023-08-31,40494.1446368199,83466.88698577881,123961.0316225987,0.673331658289962,2023-08-31,2.893629147014956e-23,0.999999992294363,7.705650910970485e-09
2023-09-01,cautious,0.353,12.0,0.822,"{'momentum': 0.72, 'mean_reversion': 0.93, 'trend_following': 0.72, 'fundamental': 0.97}",True,1.0911759404961943e-21,0.9999999469895912,5.301042520880488e-08,elevated,normal,range,narrow,calm,2023-09-01,emerging_expansion,stressed,1.0,2023-09-01,50565.02341750929,73760.09539031982,124325.11880782912,0.5932839324636539,2023-09-01,1.0911759404961943e-21,0.9999999469895912,5.301042520880488e-08
2023-09-05,cautious,0.353,12.0,0.822,"{'momentum': 0.69, 'mean_reversion': 0.92, 'trend_following': 0.7, 'fundamental': 0.96}",True,6.142153151828992e-25,0.9999999771940227,2.280600563991069e-08,elevated,normal,range,narrow,calm,2023-09-05,cautious_decline,stressed,1.0,2023-09-05,50565.02341750929,73389.84827423096,123954.87169174023,0.5920690915379432,2023-09-05,6.142153151828992e-25,0.9999999771940227,2.280600563991069e-08
2023-09-06,cautious,0.353,12.0,0.822,"{'momentum': 0.72, 'mean_reversion': 0.92, 'trend_following': 0.72, 'fundamental': 0.97}",True,9.348785078608971e-24,0.9999998904110672,1.0958892026839423e-07,elevated,normal,range,narrow,calm,2023-09-06,emerging_expansion,stressed,1.0,2023-09-06,70603.3840124229,53178.5648727417,123781.9488851646,0.4296148618735733,2023-09-06,9.348785078608971e-24,0.9999998904110672,1.0958892026839423e-07
2023-09-07,cautious,0.353,12.0,0.822,"{'momentum': 0.72, 'mean_reversion': 0.92, 'trend_following': 0.72, 'fundamental': 0.97}",True,1.89616116685176e-24,0.9999998834520692,1.1654795551097858e-07,elevated,normal,range,narrow,calm,2023-09-07,emerging_expansion,stressed,1.0,2023-09-07,70603.3840124229,53176.23694610596,123779.62095852886,0.42960413462505376,2023-09-07,1.89616116685176e-24,0.9999998834520692,1.1654795551097858e-07
2023-09-08,cautious,0.353,12.0,0.822,"{'momentum': 0.72, 'mean_reversion': 0.92, 'trend_following': 0.72, 'fundamental': 0.97}",True,8.692927570014373e-24,0.9999998573649793,1.4263500009423795e-07,elevated,normal,range,narrow,calm,2023-09-08,emerging_expansion,stressed,1.0,2023-09-08,70603.3840124229,53236.530616760254,123839.91462918316,0.42988184202296714,2023-09-08,8.692927570014373e-24,0.9999998573649793,1.4263500009423795e-07
2023-09-11,cautious,0.353,12.0,0.822,"{'momentum': 0.72, 'mean_reversion': 0.92, 'trend_following': 0.71, 'fundamental': 0.97}",True,5.346599033375948e-23,0.999999881650531,1.1834944978632641e-07,elevated,normal,range,narrow,calm,2023-09-11,emerging_expansion,stressed,1.0,2023-09-11,70603.3840124229,53285.937843322754,123889.32185574566,0.43010920590370066,2023-09-11,5.346599033375948e-23,0.999999881650531,1.1834944978632641e-07
2023-09-12,cautious,0.353,12.0,0.822,"{'momentum': 0.72, 'mean_reversion': 0.92, 'trend_following': 0.72, 'fundamental': 0.97}",True,6.747316616214995e-23,0.999999922774751,7.722526920527914e-08,elevated,normal,range,narrow,calm,2023-09-12,emerging_expansion,stressed,1.0,2023-09-12,70603.3840124229,53277.515480041504,123880.8994924644,0.4300704604044495,2023-09-12,6.747316616214995e-23,0.999999922774751,7.722526920527914e-08
2023-09-13,cautious,0.408,12.0,0.964,"{'momentum': 0.77, 'mean_reversion': 0.91, 'trend_following': 0.74, 'fundamental': 0.98}",True,6.357364447522733e-24,0.9999999778291342,2.2170845364371744e-08,elevated,low,range,strong,calm,2023-09-13,robust_expansion,stressed,1.0,2023-09-13,70603.3840124229,53226.3676071167,123829.7516195396,0.42983505103565023,2023-09-13,6.357364447522733e-24,0.9999999778291342,2.2170845364371744e-08
2023-09-14,cautious,0.408,12.0,0.964,"{'momentum': 0.77, 'mean_reversion': 0.91, 'trend_following': 0.75, 'fundamental': 0.98}",True,5.439267273704276e-22,0.9999999208252492,7.917474875389964e-08,elevated,low,range,strong,calm,2023-09-14,robust_expansion,stressed,1.0,2023-09-14,86813.52767997631,36907.04251861572,123720.57019859205,0.2983096704078699,2023-09-14,5.439267273704276e-22,0.9999999208252492,7.917474875389964e-08
2023-09-15,cautious,0.408,12.0,0.964,"{'momentum': 0.73, 'mean_reversion': 0.9, 'trend_following': 0.72, 'fundamental': 0.96}",True,7.796357567979199e-23,0.9999998561433575,1.438566503797725e-07,elevated,low,range,strong,calm,2023-09-15,robust_expansion,stressed,1.0,2023-09-15,32490.65613455344,90808.23920440674,123298.89533896018,0.7364886680838981,2023-09-15,7.796357567979199e-23,0.9999998561433575,1.438566503797725e-07
2023-09-18,cautious,0.385,12.0,0.904,"{'momentum': 0.74, 'mean_reversion': 0.91, 'trend_following': 0.73, 'fundamental': 0.97}",True,9.549102771807587e-20,0.9999994264763866,5.735236347578532e-07,elevated,low,range,strong,cautious,2023-09-18,emerging_expansion,stressed,1.0,2023-09-18,34059.36376726328,89262.45339202881,123321.81715929208,0.7238172080835499,2023-09-18,9.549102771807587e-20,0.9999994264763866,5.735236347578532e-07
2023-09-19,cautious,0.385,12.0,0.904,"{'momentum': 0.73, 'mean_reversion': 0.9, 'trend_following': 0.72, 'fundamental': 0.96}",True,2.4018259395355394e-20,0.9999998165524344,1.8344759376109957e-07,elevated,low,range,strong,cautious,2023-09-19,robust_expansion,stressed,1.0,2023-09-19,47487.46873928958,75816.38847541809,123303.85721470768,0.6148744263806755,2023-09-19,2.4018259395355394e-20,0.9999998165524344,1.8344759376109957e-07
2023-09-20,cautious,0.385,12.0,0.904,"{'momentum': 0.72, 'mean_reversion': 0.9, 'trend_following': 0.71, 'fundamental': 0.96}",True,2.22283015369454e-19,0.9999990338683467,9.661316762338962e-07,elevated,low,range,strong,cautious,2023-09-20,emerging_expansion,stressed,1.0,2023-09-20,54869.674869915056,68044.31871032715,122913.9935802422,0.553592937047527,2023-09-20,2.22283015369454e-19,0.9999990338683467,9.661316762338962e-07
2023-09-21,cautious,0.341,12.0,0.792,"{'momentum': 0.7, 'mean_reversion': 0.92, 'trend_following': 0.7, 'fundamental': 0.96}",True,1.224260579521505e-13,0.999895983346881,0.00010401665298965877,elevated,low,range,narrow,cautious,2023-09-21,cautious_decline,stressed,0.999,2023-09-21,62414.86769957873,60048.694469451904,122463.56216903064,0.49033927648266135,2023-09-21,1.224260579521505e-13,0.999895983346881,0.00010401665298965877
2023-09-22,cautious,0.341,12.0,0.792,"{'momentum': 0.69, 'mean_reversion': 0.91, 'trend_following': 0.69, 'fundamental': 0.95}",True,5.3012544695887986e-21,0.9999986700644035,1.3299355714878788e-06,elevated,low,range,narrow,cautious,2023-09-22,cautious_decline,stressed,1.0,2023-09-22,78110.11823058373,44280.787452697754,122390.90568328148,0.36179802090267954,2023-09-22,5.3012544695887986e-21,0.9999986700644035,1.3299355714878788e-06
2023-09-25,cautious,0.341,12.0,0.792,"{'momentum': 0.68, 'mean_reversion': 0.91, 'trend_following': 0.69, 'fundamental': 0.95}",True,1.453392281508937e-20,0.9999984716378973,1.528362101320645e-06,elevated,low,range,narrow,cautious,2023-09-25,cautious_decline,stressed,1.0,2023-09-25,78110.11823058373,44368.396827697754,122478.51505828148,0.3622545293481475,2023-09-25,1.453392281508937e-20,0.9999984716378973,1.528362101320645e-06
2023-09-26,cautious,0.341,12.0,0.792,"{'momentum': 0.68, 'mean_reversion': 0.92, 'trend_following': 0.69, 'fundamental': 0.95}",True,6.760008288209957e-22,0.9999891715708255,1.0828429160799104e-05,elevated,low,range,narrow,cautious,2023-09-26,cautious_decline,stressed,1.0,2023-09-26,78110.11823058373,44348.46048736572,122458.57871794944,0.36215070394954146,2023-09-26,6.760008288209957e-22,0.9999891715708255,1.0828429160799104e-05
2023-09-27,cautious,0.341,12.0,0.792,"{'momentum': 0.67, 'mean_reversion': 0.92, 'trend_following': 0.68, 'fundamental': 0.95}",True,2.893684669579743e-20,0.9999981147718848,1.885228125204837e-06,elevated,low,range,narrow,cautious,2023-09-27,cautious_decline,stressed,1.0,2023-09-27,78110.11823058373,44349.80136871338,122459.9195992971,0.3621576881140459,2023-09-27,2.893684669579743e-20,0.9999981147718848,1.885228125204837e-06
2023-09-28,cautious,0.328,8.0,0.758,"{'momentum': 0.67, 'mean_reversion': 0.64, 'trend_following': 0.68, 'fundamental': 0.74}",True,1.9985329116693477e-19,0.9999991834231347,8.165768745612518e-07,spike,low,range,narrow,cautious,2023-09-28,market_turmoil,stressed,1.0,2023-09-28,85498.63954403825,37169.96782684326,122668.60737088152,0.3030112481383439,2023-09-28,1.9985329116693477e-19,0.9999991834231347,8.165768745612518e-07
2023-09-29,stressed,0.95,7.0,0.728,"{'momentum': 0.68, 'mean_reversion': 0.66, 'trend_following': 0.69, 'fundamental': 0.75}",True,2.317881822831794e-19,0.9999991130669014,8.86933102011722e-07,spike,normal,range,narrow,cautious,2023-09-29,cautious_decline,stressed,1.0,2023-09-29,74853.5789712022,47654.22956466675,122507.80853586894,0.38898932349046234,2023-09-29,2.317881822831794e-19,0.9999991130669014,8.86933102011722e-07
2023-10-02,stressed,0.95,7.0,0.728,"{'momentum': 0.69, 'mean_reversion': 0.66, 'trend_following': 0.69, 'fundamental': 0.75}",True,9.94263791373836e-21,0.999999123636471,8.763635093376455e-07,spike,normal,range,narrow,cautious,2023-10-02,cautious_decline,stressed,1.0,2023-10-02,63431.60089992211,58939.2200088501,122370.8209087722,0.4816443950538622,2023-10-02,9.94263791373836e-21,0.999999123636471,8.763635093376455e-07
2023-10-03,stressed,0.95,7.0,0.728,"{'momentum': 0.69, 'mean_reversion': 0.66, 'trend_following': 0.7, 'fundamental': 0.76}",True,2.3037669256376057e-23,0.9999966908312287,3.3091687828905358e-06,spike,normal,range,narrow,cautious,2023-10-03,cautious_decline,stressed,1.0,2023-10-03,79094.8591010001,42746.49933242798,121841.35843342807,0.35083735015794243,2023-10-03,2.3037669256376057e-23,0.9999966908312287,3.3091687828905358e-06
2023-10-04,stressed,0.95,7.0,0.728,"{'momentum': 0.69, 'mean_reversion': 0.66, 'trend_following': 0.7, 'fundamental': 0.75}",True,3.803205381832627e-20,0.9999952567027834,4.743297237265074e-06,spike,normal,range,narrow,cautious,2023-10-04,cautious_decline,stressed,1.0,2023-10-04,83736.69843608497,38240.99080657959,121977.68924266456,0.3135080771246805,2023-10-04,3.803205381832627e-20,0.9999952567027834,4.743297237265074e-06
2023-10-05,stressed,0.95,7.0,0.728,"{'momentum': 0.69, 'mean_reversion': 0.66, 'trend_following': 0.69, 'fundamental': 0.75}",True,6.648640618957185e-22,0.9999965002526628,3.4997473189223228e-06,spike,normal,range,narrow,cautious,2023-10-05,cautious_decline,stressed,1.0,2023-10-05,83132.12188194819,38811.690422058105,121943.8123040063,0.31827519321193964,2023-10-05,6.648640618957185e-22,0.9999965002526628,3.4997473189223228e-06
2023-10-06,stressed,0.95,7.0,0.728,"{'momentum': 0.69, 'mean_reversion': 0.66, 'trend_following': 0.69, 'fundamental': 0.75}",True,7.468634701815257e-22,0.999992150046639,7.849953372871512e-06,spike,normal,range,narrow,cautious,2023-10-06,cautious_decline,stressed,1.0,2023-10-06,82533.87624704519,39613.97454071045,122147.85078775564,0.32431167871748945,2023-10-06,7.468634701815257e-22,0.999992150046639,7.849953372871512e-06
2023-10-09,stressed,0.95,7.0,0.728,"{'momentum': 0.68, 'mean_reversion': 0.66, 'trend_following': 0.69, 'fundamental': 0.75}",True,2.855908708217564e-22,0.9999938057830771,6.194216894610697e-06,spike,normal,range,narrow,cautious,2023-10-09,cautious_decline,stressed,1.0,2023-10-09,82893.22068702844,39340.12494659424,122233.34563362268,0.3218444585858817,2023-10-09,2.855908708217564e-22,0.9999938057830771,6.194216894610697e-06
2023-10-10,stressed,0.95,7.0,0.728,"{'momentum': 0.68, 'mean_reversion': 0.66, 'trend_following': 0.69, 'fundamental': 0.75}",True,3.9191688887536224e-23,0.999990417719554,9.58228045570461e-06,spike,normal,range,narrow,cautious,2023-10-10,cautious_decline,stressed,1.0,2023-10-10,80676.55269318345,41620.35089874267,122296.90359192612,0.3403221968531539,2023-10-10,3.9191688887536224e-23,0.999990417719554,9.58228045570461e-06
2023-10-11,cautious,0.34,8.0,0.788,"{'momentum': 0.72, 'mean_reversion': 0.66, 'trend_following': 0.72, 'fundamental': 0.77}",True,1.1301387638825889e-23,0.9999962515839566,3.748416058506877e-06,spike,normal,range,narrow,calm,2023-10-11,emerging_expansion,stressed,1.0,2023-10-11,78432.8637574151,44015.892738342285,122448.7564957574,0.3594637789552999,2023-10-11,1.1301387638825889e-23,0.9999962515839566,3.748416058506877e-06
2023-10-12,cautious,0.34,8.0,0.788,"{'momentum': 0.72, 'mean_reversion': 0.66, 'trend_following': 0.72, 'fundamental': 0.77}",True,3.245332893649762e-23,0.99999808878318,1.911216801352177e-06,spike,normal,range,narrow,calm,2023-10-12,emerging_expansion,stressed,1.0,2023-10-12,78432.8637574151,43917.84223175049,122350.7059891656,0.35895046029108735,2023-10-12,3.245332893649762e-23,0.99999808878318,1.911216801352177e-06
2023-10-13,cautious,0.34,8.0,0.788,"{'momentum': 0.72, 'mean_reversion': 0.66, 'trend_following': 0.71, 'fundamental': 0.77}",True,3.6066873480390513e-25,0.999997537047668,2.462952359665392e-06,spike,normal,range,narrow,calm,2023-10-13,emerging_expansion,stressed,1.0,2023-10-13,86863.79475873613,35233.67060089111,122097.46535962724,0.2885700411315949,2023-10-13,3.6066873480390513e-25,0.999997537047668,2.462952359665392e-06
2023-10-16,cautious,0.34,8.0,0.788,"{'momentum': 0.72, 'mean_reversion': 0.66, 'trend_following': 0.71, 'fundamental': 0.77}",True,8.212507022622533e-25,0.9999987356370674,1.2643629550426465e-06,spike,normal,range,narrow,calm,2023-10-16,emerging_expansion,stressed,1.0,2023-10-16,64183.73946658752,58206.14687347412,122389.88634006164,0.4755797118051708,2023-10-16,8.212507022622533e-25,0.9999987356370674,1.2643629550426465e-06
2023-10-17,cautious,0.34,8.0,0.788,"{'momentum': 0.72, 'mean_reversion': 0.66, 'trend_following': 0.71, 'fundamental': 0.77}",True,1.329724137689176e-26,0.9999983282064923,1.6717935143440828e-06,spike,normal,range,narrow,calm,2023-10-17,emerging_expansion,stressed,1.0,2023-10-17,70699.58354287889,51707.074630737305,122406.6581736162,0.42242044184719324,2023-10-17,1.329724137689176e-26,0.9999983282064923,1.6717935143440828e-06
2023-10-18,cautious,0.34,8.0,0.788,"{'momentum': 0.69, 'mean_reversion': 0.65, 'trend_following': 0.7, 'fundamental': 0.75}",True,6.179617301927702e-28,0.9999958863536363,4.113646378782876e-06,spike,normal,range,narrow,calm,2023-10-18,emerging_expansion,stressed,1.0,2023-10-18,76314.35012963202,45838.87057876587,122153.22070839789,0.3752571591066899,2023-10-18,6.179617301927702e-28,0.9999958863536363,4.113646378782876e-06
2023-10-19,stressed,0.95,7.0,0.728,"{'momentum': 0.68, 'mean_reversion': 0.66, 'trend_following': 0.69, 'fundamental': 0.75}",True,2.0848630244166142e-23,0.9999712001324442,2.8799867530927836e-05,spike,normal,range,narrow,cautious,2023-10-19,cautious_decline,stressed,1.0,2023-10-19,76314.35012963202,45726.928258895874,122041.27838852788,0.37468411395462975,2023-10-19,2.0848630244166142e-23,0.9999712001324442,2.8799867530927836e-05
2023-10-20,stressed,0.95,7.0,0.728,"{'momentum': 0.68, 'mean_reversion': 0.65, 'trend_following': 0.69, 'fundamental': 0.75}",True,1.0457144266719258e-23,0.9999298324477457,7.016755223594264e-05,spike,normal,range,narrow,cautious,2023-10-20,cautious_decline,stressed,0.999,2023-10-20,76927.40289313218,44739.21201324463,121666.6149063768,0.36771970723169806,2023-10-20,1.0457144266719258e-23,0.9999298324477457,7.016755223594264e-05
2023-10-23,stressed,0.95,7.0,0.728,"{'momentum': 0.68, 'mean_reversion': 0.66, 'trend_following': 0.69, 'fundamental': 0.75}",True,1.6801824091270833e-24,0.9999649345659687,3.506543403214456e-05,spike,normal,range,narrow,cautious,2023-10-23,cautious_decline,stressed,1.0,2023-10-23,71696.01961961406,49857.8207359314,121553.84035554546,0.4101706749050221,2023-10-23,1.6801824091270833e-24,0.9999649345659687,3.506543403214456e-05
2023-10-24,stressed,0.95,7.0,0.728,"{'momentum': 0.68, 'mean_reversion': 0.65, 'trend_following': 0.69, 'fundamental': 0.75}",True,6.949030848306642e-24,0.9999942908137148,5.709186265901895e-06,spike,normal,range,narrow,cautious,2023-10-24,cautious_decline,stressed,1.0,2023-10-24,59334.25785428002,62857.25510025024,122191.51295453026,0.514415883561738,2023-10-24,6.949030848306642e-24,0.9999942908137148,5.709186265901895e-06
2023-10-25,stressed,0.95,7.0,0.728,"{'momentum': 0.67, 'mean_reversion': 0.65, 'trend_following': 0.68, 'fundamental': 0.75}",True,7.298955027944287e-25,0.9999727723727032,2.722762729604965e-05,spike,normal,range,narrow,cautious,2023-10-25,cautious_decline,stressed,1.0,2023-10-25,77763.22025090423,43474.649757385254,121237.87000828948,0.3585896861633476,2023-10-25,7.298955027944287e-25,0.9999727723727032,2.722762729604965e-05
2023-10-26,stressed,0.95,7.0,0.728,"{'momentum': 0.68, 'mean_reversion': 0.66, 'trend_following': 0.69, 'fundamental': 0.75}",True,1.0671754362193826e-24,0.9999591313119295,4.0868688089615474e-05,spike,normal,range,narrow,cautious,2023-10-26,cautious_decline,stressed,1.0,2023-10-26,89631.84959429153,30477.00168800354,120108.85128229509,0.2537448436366494,2023-10-26,1.0671754362193826e-24,0.9999591313119295,4.0868688089615474e-05
2023-10-27,stressed,0.884,7.0,0.672,"{'momentum': 0.67, 'mean_reversion': 0.65, 'trend_following': 0.68, 'fundamental': 0.74}",True,1.2646603050405472e-24,0.9999546714631532,4.5328536863324105e-05,spike,normal,range,deteriorating,cautious,2023-10-27,cautious_decline,stressed,1.0,2023-10-27,66624.13789921837,53905.56834411621,120529.7062433346,0.44723885940025043,2023-10-27,1.2646603050405472e-24,0.9999546714631532,4.5328536863324105e-05
2023-10-30,stressed,0.884,7.0,0.672,"{'momentum': 0.68, 'mean_reversion': 0.65, 'trend_following': 0.68, 'fundamental': 0.74}",True,3.327941113093506e-23,0.9999694391694564,3.056083053742551e-05,spike,normal,range,deteriorating,cautious,2023-10-30,cautious_decline,stressed,1.0,2023-10-30,78220.28209367748,42656.28799057007,120876.57008424756,0.35289128373546536,2023-10-30,3.327941113093506e-23,0.9999694391694564,3.056083053742551e-05
2023-10-31,stressed,0.796,7.0,0.597,"{'momentum': 0.64, 'mean_reversion': 0.62, 'trend_following': 0.66, 'fundamental': 0.72}",True,1.9944239612089577e-23,0.9999929652226629,7.0347773385542845e-06,spike,normal,range,deteriorating,stressed,2023-10-31,cautious_decline,stressed,1.0,2023-10-31,78290.27992359795,42540.62664794922,120830.90657154717,0.35206742922813206,2023-10-31,1.9944239612089577e-23,0.9999929652226629,7.0347773385542845e-06
2023-11-01,stressed,0.862,7.0,0.653,"{'momentum': 0.67, 'mean_reversion': 0.64, 'trend_following': 0.68, 'fundamental': 0.74}",True,1.3422365597185547e-22,0.9999945231332305,5.476866749145564e-06,spike,normal,range,narrow,stressed,2023-11-01,cautious_decline,stressed,1.0,2023-11-01,80685.97005462238,40137.38996887207,120823.36002349445,0.33219892213779884,2023-11-01,1.3422365597185547e-22,0.9999945231332305,5.476866749145564e-06
2023-11-02,stressed,0.95,7.0,0.728,"{'momentum': 0.7, 'mean_reversion': 0.66, 'trend_following': 0.7, 'fundamental': 0.76}",True,2.278860393512945e-24,0.9999623683097438,3.7631690284145686e-05,spike,normal,range,narrow,cautious,2023-11-02,cautious_decline,stressed,1.0,2023-11-02,80315.50394682586,40572.84653472901,120888.35048155488,0.3356224679475597,2023-11-02,2.278860393512945e-24,0.9999623683097438,3.7631690284145686e-05
2023-11-03,stressed,0.95,7.0,0.728,"{'momentum': 0.7, 'mean_reversion': 0.67, 'trend_following': 0.7, 'fundamental': 0.76}",True,9.191456973182132e-23,0.9999687495416859,3.1250458295094576e-05,spike,normal,range,narrow,cautious,2023-11-03,cautious_decline,stressed,1.0,2023-11-03,81312.44450152825,39606.362869262695,120918.80737079096,0.32754510014155147,2023-11-03,9.191456973182132e-23,0.9999687495416859,3.1250458295094576e-05
2023-11-06,cautious,0.383,8.0,0.9,"{'momentum': 0.74, 'mean_reversion': 0.65, 'trend_following': 0.72, 'fundamental': 0.77}",True,4.481276040771405e-19,0.9999057390700318,9.426092995337656e-05,spike,normal,range,strong,calm,2023-11-06,robust_expansion,stressed,0.999,2023-11-06,89727.47787189345,31412.606910705566,121140.08478259902,0.2593081139664002,2023-11-06,4.481276040771405e-19,0.9999057390700318,9.426092995337656e-05
2023-11-07,cautious,0.383,8.0,0.9,"{'momentum': 0.74, 'mean_reversion': 0.65, 'trend_following': 0.72, 'fundamental': 0.77}",True,8.694974567725202e-21,0.999966912060488,3.3087939511827945e-05,spike,normal,range,strong,calm,2023-11-07,robust_expansion,stressed,1.0,2023-11-07,47949.390132424014,73254.76510238647,121204.15523481047,0.604391532290861,2023-11-07,8.694974567725202e-21,0.999966912060488,3.3087939511827945e-05
2023-11-08,cautious,0.383,8.0,0.9,"{'momentum': 0.74, 'mean_reversion': 0.65, 'trend_following': 0.72, 'fundamental': 0.77}",True,1.2392515683994357e-21,0.9999800094212316,1.999057875849815e-05,spike,normal,range,strong,calm,2023-11-08,robust_expansion,stressed,1.0,2023-11-08,47949.390132424014,73184.45101356506,121133.84114598908,0.6041618949849368,2023-11-08,1.2392515683994357e-21,0.9999800094212316,1.999057875849815e-05
2023-11-09,cautious,0.383,8.0,0.9,"{'momentum': 0.74, 'mean_reversion': 0.65, 'trend_following': 0.72, 'fundamental': 0.77}",True,1.2536119103089876e-21,0.9999949598373774,5.040162625392314e-06,spike,normal,range,strong,calm,2023-11-09,robust_expansion,stressed,1.0,2023-11-09,50179.92401404085,70800.4380493164,120980.36206335726,0.5852225670496697,2023-11-09,1.2536119103089876e-21,0.9999949598373774,5.040162625392314e-06
2023-11-10,cautious,0.383,8.0,0.9,"{'momentum': 0.73, 'mean_reversion': 0.65, 'trend_following': 0.72, 'fundamental': 0.77}",True,5.33474560332257e-20,0.9999467789303743,5.322106960250723e-05,spike,normal,range,strong,calm,2023-11-10,robust_expansion,stressed,0.999,2023-11-10,54289.62371800375,67487.36366653442,121776.98738453817,0.5541881525893553,2023-11-10,5.33474560332257e-20,0.9999467789303743,5.322106960250723e-05
2023-11-13,cautious,0.383,8.0,0.9,"{'momentum': 0.71, 'mean_reversion': 0.64, 'trend_following': 0.71, 'fundamental': 0.76}",True,3.0428092755479783e-21,0.999991170902529,8.82909749922286e-06,spike,normal,range,strong,calm,2023-11-13,robust_expansion,stressed,1.0,2023-11-13,54289.62371800375,67476.95735168457,121766.58106968833,0.5541500529859402,2023-11-13,3.0428092755479783e-21,0.999991170902529,8.82909749922286e-06
2023-11-14,cautious,0.36,8.0,0.841,"{'momentum': 0.72, 'mean_reversion': 0.66, 'trend_following': 0.71, 'fundamental': 0.76}",True,1.674858071659412e-24,0.999999029281883,9.7071809635295e-07,spike,normal,range,strong,cautious,2023-11-14,emerging_expansion,stressed,1.0,2023-11-14,54289.62371800375,68204.44285964966,122494.0665776534,0.5567979312403055,2023-11-14,1.674858071659412e-24,0.999999029281883,9.7071809635295e-07
2023-11-15,cautious,0.36,8.0,0.841,"{'momentum': 0.72, 'mean_reversion': 0.66, 'trend_following': 0.71, 'fundamental': 0.77}",True,4.416844881923696e-22,0.9999995846413025,4.153587212935022e-07,spike,normal,range,strong,cautious,2023-11-15,emerging_expansion,stressed,1.0,2023-11-15,72048.88813332736,50407.82078552246,122456.70891884982,0.41163788599714,2023-11-15,4.416844881923696e-22,0.9999995846413025,4.153587212935022e-07
2023-11-16,cautious,0.36,8.0,0.841,"{'momentum': 0.72, 'mean_reversion': 0.66, 'trend_following': 0.71, 'fundamental': 0.76}",True,3.962006356047157e-24,0.9999999654862114,3.4513777501655063e-08,spike,normal,range,strong,cautious,2023-11-16,emerging_expansion,stressed,1.0,2023-11-16,72048.88813332736,50597.76364135742,122646.65177468478,0.41254908233704585,2023-11-16,3.962006356047157e-24,0.9999999654862114,3.4513777501655063e-08
2023-11-17,cautious,0.36,8.0,0.841,"{'momentum': 0.71, 'mean_reversion': 0.65, 'trend_following': 0.71, 'fundamental': 0.76}",True,1.4770587264146738e-22,0.9999999944585625,5.541455647363253e-09,spike,normal,range,strong,cautious,2023-11-17,emerging_expansion,stressed,1.0,2023-11-17,87140.51482174745,35637.30575180054,122777.820573548,0.29025849771011863,2023-11-17,1.4770587264146738e-22,0.9999999944585625,5.541455647363253e-09
2023-11-20,cautious,0.383,8.0,0.9,"{'momentum': 0.75, 'mean_reversion': 0.65, 'trend_following': 0.73, 'fundamental': 0.78}",True,1.7200234295956363e-21,0.9999999916258275,8.37415541195773e-09,spike,normal,range,strong,calm,2023-11-20,robust_expansion,stressed,1.0,2023-11-20,42771.10954494479,80423.51976680756,123194.62931175236,0.6528167681992888,2023-11-20,1.7200234295956363e-21,0.9999999916258275,8.37415541195773e-09
2023-11-21,cautious,0.383,8.0,0.9,"{'momentum': 0.75, 'mean_reversion': 0.65, 'trend_following': 0.73, 'fundamental': 0.77}",True,1.0178861084831624e-20,0.9999999738518003,2.614822594268778e-08,spike,normal,range,strong,calm,2023-11-21,robust_expansion,stressed,1.0,2023-11-21,42771.10954494479,80391.72687625885,123162.83642120364,0.6527271473460371,2023-11-21,1.0178861084831624e-20,0.9999999738518003,2.614822594268778e-08
2023-11-22,cautious,0.383,8.0,0.9,"{'momentum': 0.75, 'mean_reversion': 0.65, 'trend_following': 0.73, 'fundamental': 0.78}",True,5.340528309843982e-20,0.9999999976705567,2.329444302263028e-09,spike,normal,range,strong,calm,2023-11-22,robust_expansion,stressed,1.0,2023-11-22,44893.40719267924,78506.21097755432,123399.61817023356,0.6361949262213485,2023-11-22,5.340528309843982e-20,0.9999999976705567,2.329444302263028e-09
2023-11-24,cautious,0.383,8.0,0.9,"{'momentum': 0.75, 'mean_reversion': 0.65, 'trend_following': 0.73, 'fundamental': 0.78}",True,7.782098255735488e-17,0.9999999988276045,1.172380472841873e-09,spike,normal,range,strong,calm,2023-11-24,robust_expansion,stressed,1.0,2023-11-24,46587.73282503907,76996.86497879028,123584.59780382935,0.623029619767104,2023-11-24,7.782098255735488e-17,0.9999999988276045,1.172380472841873e-09
2023-11-27,cautious,0.395,8.0,0.93,"{'momentum': 0.78, 'mean_reversion': 0.64, 'trend_following': 0.75, 'fundamental': 0.78}",True,6.648333509054013e-21,0.9999999999757847,2.4216395205704743e-11,spike,low,range,strong,calm,2023-11-27,robust_expansion,stressed,1.0,2023-11-27,46587.73282503907,76923.23186397552,123510.9646890146,0.6228048826082668,2023-11-27,6.648333509054013e-21,0.9999999999757847,2.4216395205704743e-11
2023-11-28,cautious,0.395,8.0,0.93,"{'momentum': 0.79, 'mean_reversion': 0.64, 'trend_following': 0.75, 'fundamental': 0.78}",True,2.1043475075762114e-21,0.9999999999985221,1.478418024984427e-12,spike,low,range,strong,calm,2023-11-28,robust_expansion,stressed,1.0,2023-11-28,56453.53609192679,67106.99250030518,123560.52859223196,0.5431102736843105,2023-11-28,2.1043475075762114e-21,0.9999999999985221,1.478418024984427e-12
2023-11-29,cautious,0.395,8.0,0.93,"{'momentum': 0.78, 'mean_reversion': 0.64, 'trend_following': 0.75, 'fundamental': 0.78}",True,1.1766343670901156e-20,0.9999999999928946,7.092694198546278e-12,spike,low,range,strong,calm,2023-11-29,robust_expansion,stressed,1.0,2023-11-29,61641.75209371412,62002.53093338013,123644.28302709424,0.5014589386214766,2023-11-29,1.1766343670901156e-20,0.9999999999928946,7.092694198546278e-12
2023-11-30,cautious,0.395,8.0,0.93,"{'momentum': 0.78, 'mean_reversion': 0.64, 'trend_following': 0.75, 'fundamental': 0.78}",True,3.614889272649863e-21,0.9999999999842544,1.5725565431978518e-11,spike,low,range,strong,calm,2023-11-30,robust_expansion,stressed,1.0,2023-11-30,62393.65532620469,61389.51387786865,123783.16920407336,0.4959439499942008,2023-11-30,3.614889272649863e-21,0.9999999999842544,1.5725565431978518e-11
2023-12-01,cautious,0.395,8.0,0.93,"{'momentum': 0.81, 'mean_reversion': 0.65, 'trend_following': 0.77, 'fundamental': 0.79}",True,1.9467347059195465e-16,0.9999999999935767,6.4406222339787044e-12,spike,low,range,strong,calm,2023-12-01,robust_expansion,stressed,1.0,2023-12-01,71670.53304513726,52266.86626434326,123937.39930948052,0.42171988887574746,2023-12-01,1.9467347059195465e-16,0.9999999999935767,6.4406222339787044e-12
2023-12-04,cautious,0.395,8.0,0.93,"{'momentum': 0.78, 'mean_reversion': 0.64, 'trend_following': 0.75, 'fundamental': 0.78}",True,2.6526570331935402e-15,0.9999999999697593,3.021128643459537e-11,spike,low,range,strong,calm,2023-12-04,robust_expansion,stressed,1.0,2023-12-04,77438.08309544185,46439.2031211853,123877.28621662717,0.37488069475445207,2023-12-04,2.6526570331935402e-15,0.9999999999697593,3.021128643459537e-11
2023-12-05,cautious,0.395,8.0,0.93,"{'momentum': 0.78, 'mean_reversion': 0.64, 'trend_following': 0.75, 'fundamental': 0.78}",True,3.476048931451009e-15,0.9999999999898819,1.0111800937208096e-11,spike,low,range,strong,calm,2023-12-05,robust_expansion,stressed,1.0,2023-12-05,77863.62516171062,45945.39759635925,123809.02275806988,0.37109894394481463,2023-12-05,3.476048931451009e-15,0.9999999999898819,1.0111800937208096e-11
2023-12-06,cautious,0.395,8.0,0.93,"{'momentum': 0.81, 'mean_reversion': 0.65, 'trend_following': 0.77, 'fundamental': 0.79}",True,4.709530764360659e-16,0.9999999999935767,6.432729452345872e-12,spike,low,range,strong,calm,2023-12-06,robust_expansion,stressed,1.0,2023-12-06,75695.0443945021,48061.72581100464,123756.77020550672,0.3883563358286969,2023-12-06,4.709530764360659e-16,0.9999999999935767,6.432729452345872e-12
2023-12-07,cautious,0.395,8.0,0.93,"{'momentum': 0.81, 'mean_reversion': 0.65, 'trend_following': 0.77, 'fundamental': 0.79}",True,7.400382710974038e-12,0.9999999991339905,8.586181592472652e-10,spike,low,range,strong,calm,2023-12-07,robust_expansion,stressed,1.0,2023-12-07,79400.2748018683,44494.39149093628,123894.66629280458,0.3591308070178028,2023-12-07,7.400382710974038e-12,0.9999999991339905,8.586181592472652e-10
2023-12-08,benign,0.434,18.0,1.031,"{'momentum': 0.81, 'mean_reversion': 1.06, 'trend_following': 0.77, 'fundamental': 1.0}",True,4.430685712729259e-12,0.9999999986918624,1.3036812586829473e-09,normal,low,range,strong,calm,2023-12-08,robust_expansion,stressed,1.0,2023-12-08,80208.09967002194,43721.449127197266,123929.5487972192,0.3527927725996716,2023-12-08,4.430685712729259e-12,0.9999999986918624,1.3036812586829473e-09
2023-12-11,benign,0.434,18.0,1.031,"{'momentum': 0.81, 'mean_reversion': 1.06, 'trend_following': 0.77, 'fundamental': 1.0}",True,3.088176964206356e-11,0.9999999987898605,1.179269547136303e-09,normal,low,range,strong,calm,2023-12-11,robust_expansion,stressed,1.0,2023-12-11,82113.2859729568,41877.95905685425,123991.24502981103,0.33774932292022386,2023-12-11,3.088176964206356e-11,0.9999999987898605,1.179269547136303e-09
2023-12-12,benign,0.434,18.0,1.031,"{'momentum': 0.81, 'mean_reversion': 1.07, 'trend_following': 0.77, 'fundamental': 1.0}",True,1.3396149292328556e-10,0.99999999737895,2.4871017472784562e-09,normal,low,range,strong,calm,2023-12-12,robust_expansion,stressed,1.0,2023-12-12,34868.0651884499,89594.44231414795,124462.50750259784,0.7198508539792828,2023-12-12,1.3396149292328556e-10,0.99999999737895,2.4871017472784562e-09
2023-12-13,benign,0.434,18.0,1.031,"{'momentum': 0.81, 'mean_reversion': 1.07, 'trend_following': 0.77, 'fundamental': 1.0}",True,5.388220464638742e-09,0.9999999874092397,7.202520974827907e-09,normal,low,range,strong,calm,2023-12-13,robust_expansion,stressed,1.0,2023-12-13,50562.356979726814,74869.13464355469,125431.4916232815,0.5968926437422525,2023-12-13,5.388220464638742e-09,0.9999999874092397,7.202520974827907e-09
2023-12-14,benign,0.434,18.0,1.031,"{'momentum': 0.81, 'mean_reversion': 1.07, 'trend_following': 0.77, 'fundamental': 1.0}",True,3.950805041115667e-09,0.9999999958658918,1.8329015850193808e-10,normal,low,range,strong,calm,2023-12-14,robust_expansion,stressed,1.0,2023-12-14,64792.7843326075,60775.197525024414,125567.98185763192,0.4840023437975685,2023-12-14,3.950805041115667e-09,0.9999999958658918,1.8329015850193808e-10
2023-12-15,benign,0.434,18.0,1.031,"{'momentum': 0.81, 'mean_reversion': 1.07, 'trend_following': 0.77, 'fundamental': 1.0}",True,1.9519575491613676e-07,0.9999997992799964,5.524275683813141e-09,normal,low,range,strong,calm,2023-12-15,robust_expansion,stressed,1.0,2023-12-15,71331.43026268862,54181.82358074188,125513.2538434305,0.43168208871654407,2023-12-15,1.9519575491613676e-07,0.9999997992799964,5.524275683813141e-09
2023-12-18,benign,0.434,18.0,1.031,"{'momentum': 0.8, 'mean_reversion': 1.07, 'trend_following': 0.77, 'fundamental': 1.0}",True,1.1624373793447755e-07,0.9999998784825909,5.273650682620547e-09,normal,low,range,strong,calm,2023-12-18,robust_expansion,stressed,1.0,2023-12-18,82590.82572797048,42979.56469345093,125570.3904214214,0.3422746759742409,2023-12-18,1.1624373793447755e-07,0.9999998784825909,5.273650682620547e-09
2023-12-19,benign,0.434,18.0,1.031,"{'momentum': 0.81, 'mean_reversion': 1.07, 'trend_following': 0.77, 'fundamental': 1.0}",True,2.5256144600852564e-06,0.9999974493785672,2.5006959145514676e-08,normal,low,range,strong,calm,2023-12-19,robust_expansion,stressed,1.0,2023-12-19,81523.4989971195,44067.39472961426,125590.89372673376,0.3508804931788928,2023-12-19,2.5256144600852564e-06,0.9999974493785672,2.5006959145514676e-08
2023-12-20,benign,0.487,18.0,1.166,"{'momentum': 1.16, 'mean_reversion': 0.92, 'trend_following': 1.17, 'fundamental': 1.0}",True,1.0376842844627298e-08,0.9999999875582831,2.0648773889329107e-09,normal,low,bull,strong,calm,2023-12-20,robust_expansion,stressed,1.0,2023-12-20,81149.74162389868,44316.784740448,125466.52636434668,0.3532160013082288,2023-12-20,1.0376842844627298e-08,0.9999999875582831,2.0648773889329107e-09
2023-12-21,benign,0.464,18.0,1.107,"{'momentum': 1.14, 'mean_reversion': 0.92, 'trend_following': 1.16, 'fundamental': 1.0}",True,1.3241724769603231e-07,0.999999859936632,7.64612242878782e-09,normal,low,bull,strong,cautious,2023-12-21,emerging_expansion,stressed,1.0,2023-12-21,80852.51189932058,44687.69458770752,125540.2064870281,0.3559632076304179,2023-12-21,1.3241724769603231e-07,0.999999859936632,7.64612242878782e-09
2023-12-22,benign,0.452,18.0,1.077,"{'momentum': 1.13, 'mean_reversion': 0.93, 'trend_following': 1.16, 'fundamental': 0.99}",True,1.153467951130481e-06,0.9999988421878238,4.344235771120361e-09,normal,normal,bull,strong,cautious,2023-12-22,emerging_expansion,stressed,1.0,2023-12-22,83394.17611682309,42187.83470726013,125582.01082408322,0.3359385188246217,2023-12-22,1.153467951130481e-06,0.9999988421878238,4.344235771120361e-09
2023-12-26,benign,0.452,18.0,1.077,"{'momentum': 1.13, 'mean_reversion': 0.93, 'trend_following': 1.16, 'fundamental': 0.99}",True,6.468983669328378e-06,0.999993528652531,2.363825984408336e-09,normal,normal,bull,strong,cautious,2023-12-26,emerging_expansion,stressed,1.0,2023-12-26,83622.14565105694,41950.364709854126,125572.51036091108,0.3340728363977397,2023-12-26,6.468983669328378e-06,0.999993528652531,2.363825984408336e-09
2023-12-27,benign,0.452,18.0,1.077,"{'momentum': 1.13, 'mean_reversion': 0.93, 'trend_following': 1.16, 'fundamental': 1.0}",True,3.214626577424021e-07,0.9999996785110686,2.6298412935943906e-11,normal,normal,bull,strong,cautious,2023-12-27,emerging_expansion,stressed,1.0,2023-12-27,83622.14565105694,42051.83469963074,125673.98035068768,0.3346105103243086,2023-12-27,3.214626577424021e-07,0.9999996785110686,2.6298412935943906e-11
2023-12-28,benign,0.452,18.0,1.077,"{'momentum': 1.13, 'mean_reversion': 0.93, 'trend_following': 1.16, 'fundamental': 0.99}",True,1.2034491201009799e-05,0.9999879638390492,1.6697551990205186e-09,normal,normal,bull,strong,cautious,2023-12-28,emerging_expansion,stressed,1.0,2023-12-28,84186.57833387057,41459.094692230225,125645.6730261008,0.3299683442629798,2023-12-28,1.2034491201009799e-05,0.9999879638390492,1.6697551990205186e-09
2023-12-29,benign,0.487,18.0,1.166,"{'momentum': 1.18, 'mean_reversion': 0.92, 'trend_following': 1.18, 'fundamental': 1.01}",True,1.9007291053443448e-05,0.9999809895896254,3.1193392687706317e-09,normal,low,bull,strong,calm,2023-12-29,robust_expansion,stressed,1.0,2023-12-29,84391.27145160694,41100.29470062256,125491.5661522295,0.32751439766689344,2023-12-29,1.9007291053443448e-05,0.9999809895896254,3.1193392687706317e-09
2024-01-02,benign,0.487,18.0,1.164,"{'momentum': 1.17, 'mean_reversion': 0.92, 'trend_following': 1.18, 'fundamental': 1.01}",True,0.0005345566419522523,0.9994652438872961,1.99470764596172e-07,normal,low,bull,strong,calm,2024-01-02,robust_expansion,stressed,0.996,2024-01-02,36141.56129006093,88727.86110305786,124869.4223931188,0.7105651600094804,2024-01-02,0.0005345566419522523,0.9994652438872961,1.99470764596172e-07
2024-01-03,benign,0.487,18.0,1.166,"{'momentum': 1.16, 'mean_reversion': 0.92, 'trend_following': 1.17, 'fundamental': 1.0}",True,9.040112538467178e-05,0.9999094869362096,1.1193843241878954e-07,normal,low,bull,strong,calm,2024-01-03,robust_expansion,stressed,0.999,2024-01-03,68041.7728042034,56023.58344268799,124065.3562468914,0.4515650874463331,2024-01-03,9.040112538467178e-05,0.9999094869362096,1.1193843241878954e-07
2024-01-04,benign,0.487,18.0,1.149,"{'momentum': 1.17, 'mean_reversion': 0.92, 'trend_following': 1.18, 'fundamental': 1.01}",True,0.00695513380583682,0.9930301170353915,1.474915876057085e-05,normal,low,bull,strong,calm,2024-01-04,robust_expansion,stressed,0.962,2024-01-04,59190.265926441265,64936.283573150635,124126.5494995919,0.5231458043016344,2024-01-04,0.00695513380583682,0.9930301170353915,1.474915876057085e-05
2024-01-05,benign,0.487,18.0,1.15,"{'momentum': 1.17, 'mean_reversion': 0.92, 'trend_following': 1.18, 'fundamental': 1.01}",True,0.006314589080578383,0.9936838083443071,1.6025750899964702e-06,normal,low,bull,strong,calm,2024-01-05,robust_expansion,stressed,0.965,2024-01-05,61163.4715879769,63103.06953048706,124266.54111846397,0.5078041841554966,2024-01-05,0.006314589080578383,0.9936838083443071,1.6025750899964702e-06
2024-01-08,benign,0.487,18.0,1.148,"{'momentum': 1.16, 'mean_reversion': 0.92, 'trend_following': 1.17, 'fundamental': 1.0}",True,0.007225413060998458,0.9927736862683207,9.00670697773854e-07,normal,low,bull,strong,calm,2024-01-08,robust_expansion,stressed,0.961,2024-01-08,64818.294331331,59598.59940338135,124416.89373471236,0.4790233674412442,2024-01-08,0.007225413060998458,0.9927736862683207,9.00670697773854e-07
2024-01-09,benign,0.464,18.0,1.105,"{'momentum': 1.14, 'mean_reversion': 0.92, 'trend_following': 1.16, 'fundamental': 1.0}",True,0.0005051152672473019,0.999494722774326,1.6195839943945384e-07,normal,low,bull,strong,cautious,2024-01-09,emerging_expansion,stressed,0.996,2024-01-09,72939.66642406068,51322.893493652344,124262.55991771302,0.4130197665945277,2024-01-09,0.0005051152672473019,0.999494722774326,1.6195839943945384e-07
2024-01-10,benign,0.452,18.0,1.067,"{'momentum': 1.13, 'mean_reversion': 0.93, 'trend_following': 1.15, 'fundamental': 0.99}",True,0.004029451898381512,0.9959656872275862,4.860874042007645e-06,normal,normal,bull,strong,cautious,2024-01-10,emerging_expansion,stressed,0.976,2024-01-10,74087.04281310936,50228.16603851318,124315.20885162256,0.4040387857809371,2024-01-10,0.004029451898381512,0.9959656872275862,4.860874042007645e-06
2024-01-11,benign,0.475,18.0,1.115,"{'momentum': 1.16, 'mean_reversion': 0.92, 'trend_following': 1.17, 'fundamental': 1.0}",True,0.00927107152579957,0.9907208829616891,8.04551250223454e-06,normal,normal,bull,strong,calm,2024-01-11,robust_expansion,stressed,0.952,2024-01-11,73010.4222257217,51216.12786102295,124226.55008674464,0.4122800466185358,2024-01-11,0.00927107152579957,0.9907208829616891,8.04551250223454e-06
2024-01-12,benign,0.475,18.0,0.856,"{'momentum': 1.16, 'mean_reversion': 0.92, 'trend_following': 1.17, 'fundamental': 1.0}",True,0.41594989077644673,0.584039502702473,1.060652106642298e-05,normal,normal,bull,strong,calm,2024-01-12,robust_expansion,stressed,0.382,2024-01-12,76643.41197971762,47612.98168182373,124256.39366154135,0.38318335402132664,2024-01-12,0.41594989077644673,0.584039502702473,1.060652106642298e-05
2024-01-16,benign,0.487,18.0,0.963,"{'momentum': 1.17, 'mean_reversion': 0.92, 'trend_following': 1.18, 'fundamental': 1.01}",True,0.8157252202000099,0.1842565228563385,1.8256943631404623e-05,normal,low,bull,strong,calm,2024-01-16,robust_expansion,benign,0.565,2024-01-16,84924.18664253966,39156.89075469971,124081.07739723937,0.3155750383222486,2024-01-16,0.8157252202000099,0.1842565228563385,1.8256943631404623e-05
2024-01-17,benign,0.487,18.0,0.921,"{'momentum': 1.16, 'mean_reversion': 0.92, 'trend_following': 1.17, 'fundamental': 1.0}",True,0.7365723644296596,0.2633469217835723,8.07137867837316e-05,normal,low,bull,strong,calm,2024-01-17,robust_expansion,benign,0.474,2024-01-17,25939.339515983174,98114.299574852,124053.63909083516,0.790902228212832,2024-01-17,0.7365723644296596,0.2633469217835723,8.07137867837316e-05
2024-01-18,benign,0.487,18.0,1.104,"{'momentum': 1.17, 'mean_reversion': 0.92, 'trend_following': 1.18, 'fundamental': 1.01}",True,0.9663543129946234,0.033579045907590234,6.6641097772607e-05,normal,low,bull,strong,calm,2024-01-18,robust_expansion,benign,0.866,2024-01-18,30425.452526304412,93666.14853286745,124091.60105917184,0.7548145703124878,2024-01-18,0.9663543129946234,0.033579045907590234,6.6641097772607e-05
2024-01-19,benign,0.436,8.0,1.035,"{'momentum': 1.12, 'mean_reversion': 0.66, 'trend_following': 1.15, 'fundamental': 0.78}",True,0.999949626015403,4.133510841443692e-05,9.038876174413452e-06,spike,normal,bull,strong,calm,2024-01-19,robust_expansion,benign,0.999,2024-01-19,41248.78878910087,83382.2112789154,124631.00006801628,0.6690326743218805,2024-01-19,0.999949626015403,4.133510841443692e-05,9.038876174413452e-06
2024-01-22,benign,0.413,8.0,0.976,"{'momentum': 1.11, 'mean_reversion': 0.66, 'trend_following': 1.14, 'fundamental': 0.78}",True,0.999992156782986,7.178278510265132e-07,7.125389188866462e-06,spike,normal,bull,strong,cautious,2024-01-22,emerging_expansion,benign,1.0,2024-01-22,52441.106232522274,72476.87327194214,124917.9795044644,0.5801956896793381,2024-01-22,0.999992156782986,7.178278510265132e-07,7.125389188866462e-06
2024-01-23,benign,0.413,8.0,0.976,"{'momentum': 1.11, 'mean_reversion': 0.66, 'trend_following': 1.14, 'fundamental': 0.78}",True,0.9999817550004241,9.515394319838902e-09,1.823548416147958e-05,spike,normal,bull,strong,cautious,2024-01-23,emerging_expansion,benign,1.0,2024-01-23,64578.968155388095,60545.143657684326,125124.11181307242,0.4838807067668538,2024-01-23,0.9999817550004241,9.515394319838902e-09,1.823548416147958e-05
2024-01-24,benign,0.413,8.0,0.976,"{'momentum': 1.11, 'mean_reversion': 0.66, 'trend_following': 1.14, 'fundamental': 0.78}",True,0.9999856933261191,1.2493739468675005e-09,1.4305424483201786e-05,spike,normal,bull,strong,cautious,2024-01-24,emerging_expansion,benign,1.0,2024-01-24,68602.66121099133,56575.376750946045,125178.03796193736,0.4519592867252705,2024-01-24,0.9999856933261191,1.2493739468675005e-09,1.4305424483201786e-05
2024-01-25,benign,0.436,8.0,1.035,"{'momentum': 1.14, 'mean_reversion': 0.66, 'trend_following': 1.16, 'fundamental': 0.79}",True,0.9999899090384298,1.4952507359941823e-10,1.0090812029983026e-05,spike,normal,bull,strong,calm,2024-01-25,robust_expansion,benign,1.0,2024-01-25,80037.03908291552,45288.76141738891,125325.80050030444,0.3613682197647634,2024-01-25,0.9999899090384298,1.4952507359941823e-10,1.0090812029983026e-05
2024-01-26,benign,0.436,8.0,1.035,"{'momentum': 1.14, 'mean_reversion': 0.66, 'trend_following': 1.16, 'fundamental': 0.79}",True,0.9999770663216286,3.751798577739452e-10,2.2933303191725512e-05,spike,normal,bull,strong,calm,2024-01-26,robust_expansion,benign,1.0,2024-01-26,70295.35938618473,55010.21960449219,125305.57899067692,0.4390085425373207,2024-01-26,0.9999770663216286,3.751798577739452e-10,2.2933303191725512e-05
2024-01-29,benign,0.436,8.0,1.035,"{'momentum': 1.15, 'mean_reversion': 0.66, 'trend_following': 1.17, 'fundamental': 0.8}",True,0.9999880662104322,2.6730769513074487e-11,1.1933762840942442e-05,spike,normal,bull,strong,calm,2024-01-29,robust_expansion,benign,1.0,2024-01-29,78041.44730708345,47415.07986450195,125456.5271715854,0.37794031871815575,2024-01-29,0.9999880662104322,2.6730769513074487e-11,1.1933762840942442e-05
2024-01-30,benign,0.436,8.0,1.035,"{'momentum': 1.15, 'mean_reversion': 0.66, 'trend_following': 1.17, 'fundamental': 0.8}",True,0.9999940162608679,2.0789061352247217e-11,5.983718319104515e-06,spike,normal,bull,strong,calm,2024-01-30,robust_expansion,benign,1.0,2024-01-30,77623.5947570463,48127.73685455322,125751.33161159953,0.3827214888125593,2024-01-30,0.9999940162608679,2.0789061352247217e-11,5.983718319104515e-06
2024-01-31,benign,0.436,8.0,1.035,"{'momentum': 1.13, 'mean_reversion': 0.66, 'trend_following': 1.15, 'fundamental': 0.79}",True,0.9999829787732012,3.0314326828852148e-12,1.7021223779439567e-05,spike,normal,bull,strong,calm,2024-01-31,robust_expansion,benign,1.0,2024-01-31,85051.75719009852,40590.1298828125,125641.88707291102,0.32306208405846143,2024-01-31,0.9999829787732012,3.0314326828852148e-12,1.7021223779439567e-05
2024-02-01,benign,0.436,8.0,1.035,"{'momentum': 1.14, 'mean_reversion': 0.66, 'trend_following': 1.16, 'fundamental': 0.8}",True,0.9999915075154262,2.017873830544622e-11,8.492464408054904e-06,spike,normal,bull,strong,calm,2024-02-01,robust_expansion,benign,1.0,2024-02-01,89191.41790477319,36580.226486206055,125771.64439097924,0.2908463721162074,2024-02-01,0.9999915075154262,2.017873830544622e-11,8.492464408054904e-06
2024-02-02,cautious,0.383,8.0,0.9,"{'momentum': 1.09, 'mean_reversion': 0.65, 'trend_following': 1.13, 'fundamental': 0.77}",True,0.9999912894292264,1.6396704617406333e-12,8.710569112524223e-06,spike,normal,bull,strong,stressed,2024-02-02,robust_expansion,benign,1.0,2024-02-02,85788.09211590965,39946.91989135742,125735.01200726708,0.3177072102164242,2024-02-02,0.9999912894292264,1.6396704617406333e-12,8.710569112524223e-06
2024-02-05,cautious,0.383,8.0,0.9,"{'momentum': 1.09, 'mean_reversion': 0.65, 'trend_following': 1.12, 'fundamental': 0.77}",True,0.99998560153333,4.506000171765216e-13,1.4398466231855589e-05,spike,normal,bull,strong,stressed,2024-02-05,robust_expansion,benign,1.0,2024-02-05,84657.6422463642,41079.95319366455,125737.59544002874,0.32671177661622985,2024-02-05,0.99998560153333,4.506000171765216e-13,1.4398466231855589e-05
2024-02-06,cautious,0.397,12.0,0.934,"{'momentum': 1.07, 'mean_reversion': 0.91, 'trend_following': 1.12, 'fundamental': 0.97}",True,0.9999868848551616,7.2159702184761304e-12,1.3115137637273976e-05,elevated,normal,bull,strong,stressed,2024-02-06,emerging_expansion,benign,1.0,2024-02-06,88632.22751865332,37180.58243560791,125812.80995426125,0.2955230270202594,2024-02-06,0.9999868848551616,7.2159702184761304e-12,1.3115137637273976e-05
2024-02-07,cautious,0.397,12.0,0.934,"{'momentum': 1.1, 'mean_reversion': 0.91, 'trend_following': 1.13, 'fundamental': 0.98}",True,0.9999808673809931,1.685879332005672e-12,1.9132617308380027e-05,elevated,normal,bull,strong,stressed,2024-02-07,emerging_expansion,benign,1.0,2024-02-07,42224.99427364729,83756.35278892517,125981.34706257246,0.6648313797385024,2024-02-07,0.9999808673809931,1.685879332005672e-12,1.9132617308380027e-05
2024-02-08,cautious,0.397,12.0,0.934,"{'momentum': 1.08, 'mean_reversion': 0.91, 'trend_following': 1.12, 'fundamental': 0.97}",True,0.999991342934392,1.5129900164520688e-12,8.657064107404449e-06,elevated,normal,bull,strong,stressed,2024-02-08,emerging_expansion,benign,1.0,2024-02-08,42224.99427364729,83932.85333251953,126157.84760616682,0.6653002958209692,2024-02-08,0.999991342934392,1.5129900164520688e-12,8.657064107404449e-06
2024-02-09,benign,0.449,12.0,1.069,"{'momentum': 1.13, 'mean_reversion': 0.92, 'trend_following': 1.15, 'fundamental': 0.99}",True,0.9999933273470925,2.9278718577554733e-13,6.67265260212914e-06,elevated,normal,bull,strong,calm,2024-02-09,emerging_expansion,benign,1.0,2024-02-09,51212.93871168633,74997.23359298706,126210.17230467338,0.5942249521056238,2024-02-09,0.9999933273470925,2.9278718577554733e-13,6.67265260212914e-06
2024-02-12,benign,0.461,12.0,1.099,"{'momentum': 1.14, 'mean_reversion': 0.91, 'trend_following': 1.16, 'fundamental': 1.0}",True,0.9999918700902631,6.67484153223042e-14,8.129909659019302e-06,elevated,low,bull,strong,calm,2024-02-12,emerging_expansion,benign,1.0,2024-02-12,58871.7095762129,67469.63257598877,126341.34215220169,0.5340265619048833,2024-02-12,0.9999918700902631,6.67484153223042e-14,8.129909659019302e-06
2024-02-13,benign,0.461,12.0,1.099,"{'momentum': 1.13, 'mean_reversion': 0.91, 'trend_following': 1.15, 'fundamental': 0.99}",True,0.99999267997443,7.542534633073505e-15,7.3200255505594245e-06,elevated,low,bull,strong,calm,2024-02-13,robust_expansion,benign,1.0,2024-02-13,71628.37664272443,54308.16756439209,125936.54420711652,0.43123438003091724,2024-02-13,0.99999267997443,7.542534633073505e-15,7.3200255505594245e-06
2024-02-14,benign,0.438,12.0,1.039,"{'momentum': 1.11, 'mean_reversion': 0.92, 'trend_following': 1.14, 'fundamental': 0.99}",True,0.9999871058066931,1.1016801119574146e-14,1.2894193303426797e-05,elevated,low,bull,strong,cautious,2024-02-14,emerging_expansion,benign,1.0,2024-02-14,70630.86883548315,55576.003730773926,126206.87256625708,0.44035639740297977,2024-02-14,0.9999871058066931,1.1016801119574146e-14,1.2894193303426797e-05
2024-02-15,benign,0.426,12.0,1.01,"{'momentum': 1.1, 'mean_reversion': 0.92, 'trend_following': 1.14, 'fundamental': 0.98}",True,0.9999908844295592,3.085727944055995e-14,9.115570418474131e-06,elevated,normal,bull,strong,cautious,2024-02-15,emerging_expansion,benign,1.0,2024-02-15,70630.86883548315,55823.83017730713,126454.69901279028,0.4414531892694697,2024-02-15,0.9999908844295592,3.085727944055995e-14,9.115570418474131e-06
2024-02-16,benign,0.426,12.0,1.01,"{'momentum': 1.1, 'mean_reversion': 0.92, 'trend_following': 1.14, 'fundamental': 0.98}",True,0.9999933601199475,3.6197760845348646e-14,6.6398799885390115e-06,elevated,normal,bull,strong,cautious,2024-02-16,emerging_expansion,benign,1.0,2024-02-16,70630.86883548315,55693.85691833496,126324.72575381811,0.44087851041031556,2024-02-16,0.9999933601199475,3.6197760845348646e-14,6.6398799885390115e-06
2024-02-20,benign,0.426,12.0,1.01,"{'momentum': 1.11, 'mean_reversion': 0.93, 'trend_following': 1.14, 'fundamental': 0.99}",True,0.9999776682291069,2.1687602916017608e-13,2.2331770654915293e-05,elevated,normal,bull,strong,cautious,2024-02-20,emerging_expansion,benign,1.0,2024-02-20,70630.86883548315,55584.09888076782,126214.96771625098,0.44039229171082706,2024-02-20,0.9999776682291069,2.1687602916017608e-13,2.2331770654915293e-05
2024-02-21,benign,0.426,12.0,1.01,"{'momentum': 1.12, 'mean_reversion': 0.92, 'trend_following': 1.15, 'fundamental': 0.99}",True,0.9999768880607354,1.8873252437029404e-12,2.311193739731771e-05,elevated,normal,bull,strong,cautious,2024-02-21,emerging_expansion,benign,1.0,2024-02-21,70630.86883548315,55549.4370765686,126180.30591205176,0.4402385671444386,2024-02-21,0.9999768880607354,1.8873252437029404e-12,2.311193739731771e-05
2024-02-22,benign,0.452,18.0,1.077,"{'momentum': 1.13, 'mean_reversion': 0.93, 'trend_following': 1.16, 'fundamental': 0.99}",True,0.9999629282176511,1.2089198670837393e-13,3.7071782216910986e-05,normal,normal,bull,strong,cautious,2024-02-22,emerging_expansion,benign,1.0,2024-02-22,70630.86883548315,56002.25944900513,126633.12828448828,0.442240195813476,2024-02-22,0.9999629282176511,1.2089198670837393e-13,3.7071782216910986e-05
2024-02-23,benign,0.423,18.0,1.001,"{'momentum': 1.1, 'mean_reversion': 0.91, 'trend_following': 1.14, 'fundamental': 0.98}",True,0.9999868979546694,6.829814454804636e-14,1.310204527970438e-05,normal,normal,bull,strong,stressed,2024-02-23,robust_expansion,benign,1.0,2024-02-23,78396.69449922034,48405.6537437439,126802.34824296425,0.38174098835294823,2024-02-23,0.9999868979546694,6.829814454804636e-14,1.310204527970438e-05
2024-02-26,benign,0.423,18.0,1.001,"{'momentum': 1.1, 'mean_reversion': 0.91, 'trend_following': 1.14, 'fundamental': 0.98}",True,0.9999838467194408,2.2256838891862233e-14,1.6153280537558803e-05,normal,normal,bull,strong,stressed,2024-02-26,robust_expansion,benign,1.0,2024-02-26,83310.63598596037,43514.650371551514,126825.28635751188,0.3431070539741315,2024-02-26,0.9999838467194408,2.2256838891862233e-14,1.6153280537558803e-05
2024-02-27,benign,0.423,18.0,1.002,"{'momentum': 1.12, 'mean_reversion': 0.92, 'trend_following': 1.15, 'fundamental': 0.98}",True,0.9999954956043933,6.241162636853292e-15,4.504395579316948e-06,normal,normal,bull,strong,stressed,2024-02-27,robust_expansion,benign,1.0,2024-02-27,81058.32163091865,45804.53357696533,126862.855207884,0.3610555154375776,2024-02-27,0.9999954956043933,6.241162636853292e-15,4.504395579316948e-06
2024-02-28,benign,0.452,18.0,1.077,"{'momentum': 1.13, 'mean_reversion': 0.93, 'trend_following': 1.15, 'fundamental': 0.99}",True,0.9999954885424261,1.9036956725782575e-15,4.511457593851008e-06,normal,normal,bull,strong,cautious,2024-02-28,emerging_expansion,benign,1.0,2024-02-28,81722.80631006556,45044.705001831055,126767.5113118966,0.35533319646075434,2024-02-28,0.9999954885424261,1.9036956725782575e-15,4.511457593851008e-06
2024-02-29,benign,0.452,18.0,1.077,"{'momentum': 1.13, 'mean_reversion': 0.93, 'trend_following': 1.15, 'fundamental': 0.99}",True,0.9999971856685005,1.0800910409104118e-13,2.8143314031289235e-06,normal,normal,bull,strong,cautious,2024-02-29,emerging_expansion,benign,1.0,2024-02-29,81611.50336932094,45094.496353149414,126705.99972247035,0.3558986666134346,2024-02-29,0.9999971856685005,1.0800910409104118e-13,2.8143314031289235e-06
2024-03-01,benign,0.449,12.0,1.069,"{'momentum': 1.12, 'mean_reversion': 0.92, 'trend_following': 1.15, 'fundamental': 0.99}",True,0.9999976175182569,5.361182853933768e-14,2.3824817172908217e-06,elevated,normal,bull,strong,calm,2024-03-01,emerging_expansion,benign,1.0,2024-03-01,88178.74501339221,38663.08238983154,126841.82740322375,0.3048133504646189,2024-03-01,0.9999976175182569,5.361182853933768e-14,2.3824817172908217e-06
2024-03-04,benign,0.449,12.0,1.069,"{'momentum': 1.13, 'mean_reversion': 0.92, 'trend_following': 1.15, 'fundamental': 0.99}",True,0.9999946899963003,2.1991883794968098e-13,5.3100034592343655e-06,elevated,normal,bull,strong,calm,2024-03-04,emerging_expansion,benign,1.0,2024-03-04,40453.15774615299,86361.85929870605,126815.01704485904,0.6810065661873211,2024-03-04,0.9999946899963003,2.1991883794968098e-13,5.3100034592343655e-06
2024-03-05,benign,0.449,12.0,1.069,"{'momentum': 1.11, 'mean_reversion': 0.92, 'trend_following': 1.14, 'fundamental': 0.99}",True,0.9999957181834854,4.126922361667881e-15,4.281816534034783e-06,elevated,normal,bull,strong,calm,2024-03-05,emerging_expansion,benign,1.0,2024-03-05,47555.91684752025,78768.16345596313,126324.08030348338,0.6235403674954846,2024-03-05,0.9999957181834854,4.126922361667881e-15,4.281816534034783e-06
2024-03-06,benign,0.426,12.0,1.01,"{'momentum': 1.1, 'mean_reversion': 0.92, 'trend_following': 1.13, 'fundamental': 0.98}",True,0.9999820883684296,2.4411939121728406e-13,1.7911631327821705e-05,elevated,normal,bull,strong,cautious,2024-03-06,emerging_expansion,benign,1.0,2024-03-06,54542.07188176161,72242.63810634613,126784.70998810772,0.5698056028453464,2024-03-06,0.9999820883684296,2.4411939121728406e-13,1.7911631327821705e-05
2024-03-07,benign,0.426,12.0,1.01,"{'momentum': 1.09, 'mean_reversion': 0.92, 'trend_following': 1.13, 'fundamental': 0.98}",True,0.9999651696642927,1.5479404412294236e-12,3.4830334140511664e-05,elevated,normal,bull,strong,cautious,2024-03-07,emerging_expansion,benign,1.0,2024-03-07,55922.52074878326,71144.02503681183,127066.54578559508,0.5598957978826011,2024-03-07,0.9999651696642927,1.5479404412294236e-12,3.4830334140511664e-05
2024-03-08,benign,0.426,12.0,1.009,"{'momentum': 1.09, 'mean_reversion': 0.92, 'trend_following': 1.13, 'fundamental': 0.98}",True,0.9999173313647544,1.1486252396292026e-11,8.266862378305023e-05,elevated,normal,bull,strong,cautious,2024-03-08,emerging_expansion,benign,0.999,2024-03-08,61763.20740759443,65185.11171913147,126948.3191267259,0.5134775487185503,2024-03-08,0.9999173313647544,1.1486252396292026e-11,8.266862378305023e-05
2024-03-11,benign,0.426,12.0,1.009,"{'momentum': 1.1, 'mean_reversion': 0.92, 'trend_following': 1.13, 'fundamental': 0.98}",True,0.9999178499595485,2.198559173687835e-11,8.215001848796996e-05,elevated,normal,bull,strong,cautious,2024-03-11,emerging_expansion,benign,0.999,2024-03-11,63726.80750975653,63077.83343791962,126804.64094767616,0.4974410476344288,2024-03-11,0.9999178499595485,2.198559173687835e-11,8.215001848796996e-05
2024-03-12,benign,0.426,12.0,1.009,"{'momentum': 1.09, 'mean_reversion': 0.92, 'trend_following': 1.13, 'fundamental': 0.98}",True,0.9999610056361995,2.963896391037233e-12,3.899436085057026e-05,elevated,normal,bull,strong,cautious,2024-03-12,emerging_expansion,benign,1.0,2024-03-12,64630.90777326011,62454.598709106445,127085.50648236656,0.4914376189528125,2024-03-12,0.9999610056361995,2.963896391037233e-12,3.899436085057026e-05
2024-03-13,benign,0.426,12.0,1.01,"{'momentum': 1.11, 'mean_reversion': 0.93, 'trend_following': 1.14, 'fundamental': 0.99}",True,0.9999731525130772,1.1173790232054385e-11,2.6847475761179417e-05,elevated,normal,bull,strong,cautious,2024-03-13,emerging_expansion,benign,1.0,2024-03-13,68061.07604822535,58933.449657440186,126994.52570566554,0.4640629139718187,2024-03-13,0.9999731525130772,1.1173790232054385e-11,2.6847475761179417e-05
2024-03-14,benign,0.426,12.0,1.01,"{'momentum': 1.1, 'mean_reversion': 0.93, 'trend_following': 1.14, 'fundamental': 0.99}",True,0.9999852952773829,4.856571282305376e-12,1.4704717784231815e-05,elevated,normal,bull,strong,cautious,2024-03-14,emerging_expansion,benign,1.0,2024-03-14,71841.78780513024,55151.34041595459,126993.12822108484,0.43428602152346807,2024-03-14,0.9999852952773829,4.856571282305376e-12,1.4704717784231815e-05
2024-03-15,benign,0.436,8.0,1.035,"{'momentum': 1.13, 'mean_reversion': 0.66, 'trend_following': 1.15, 'fundamental': 0.79}",True,0.9999879451755901,1.9956456140238147e-12,1.2054822417815854e-05,spike,normal,bull,strong,calm,2024-03-15,robust_expansion,benign,1.0,2024-03-15,73359.66249033278,53264.28787994385,126623.95037027662,0.42064939313761107,2024-03-15,0.9999879451755901,1.9956456140238147e-12,1.2054822417815854e-05
2024-03-18,benign,0.436,8.0,1.035,"{'momentum': 1.14, 'mean_reversion': 0.65, 'trend_following': 1.15, 'fundamental': 0.79}",True,0.9999513352096941,4.101378742565808e-11,4.866474931287684e-05,spike,normal,bull,strong,calm,2024-03-18,robust_expansion,benign,1.0,2024-03-18,75194.7785395765,51603.22785568237,126798.00639525888,0.4069719179560529,2024-03-18,0.9999513352096941,4.101378742565808e-11,4.866474931287684e-05
2024-03-19,benign,0.436,8.0,1.035,"{'momentum': 1.14, 'mean_reversion': 0.66, 'trend_following': 1.15, 'fundamental': 0.79}",True,0.9999842155665166,2.630344131196339e-11,1.578440716597294e-05,spike,normal,bull,strong,calm,2024-03-19,robust_expansion,benign,1.0,2024-03-19,78414.97467932386,48463.09268951416,126878.06736883802,0.3819658802701543,2024-03-19,0.9999842155665166,2.630344131196339e-11,1.578440716597294e-05
2024-03-20,cautious,0.34,8.0,0.788,"{'momentum': 0.74, 'mean_reversion': 0.65, 'trend_following': 0.98, 'fundamental': 0.78}",True,0.9999899003711465,7.094722569827799e-13,1.0099628156498877e-05,spike,high,bull,strong,calm,2024-03-20,emerging_expansion,benign,1.0,2024-03-20,84884.67397856385,42080.121086120605,126964.79506468444,0.3314314102951306,2024-03-20,0.9999899003711465,7.094722569827799e-13,1.0099628156498877e-05
2024-03-21,cautious,0.34,8.0,0.788,"{'momentum': 0.75, 'mean_reversion': 0.65, 'trend_following': 0.98, 'fundamental': 0.78}",True,0.9999977167300277,1.079222277536174e-12,2.2832689118821715e-06,spike,high,bull,strong,calm,2024-03-21,emerging_expansion,benign,1.0,2024-03-21,93982.09111229672,33060.7046585083,127042.79577080502,0.26023281727955955,2024-03-21,0.9999977167300277,1.079222277536174e-12,2.2832689118821715e-06
2024-03-22,cautious,0.34,8.0,0.788,"{'momentum': 0.75, 'mean_reversion': 0.65, 'trend_following': 0.98, 'fundamental': 0.78}",True,0.9999981698257138,1.248298165349837e-13,1.8301741425916657e-06,spike,high,bull,strong,calm,2024-03-22,emerging_expansion,benign,1.0,2024-03-22,94149.069604161,32888.36476898193,127037.43437314293,0.25888719282837536,2024-03-22,0.9999981698257138,1.248298165349837e-13,1.8301741425916657e-06
2024-03-25,cautious,0.34,8.0,0.788,"{'momentum': 0.76, 'mean_reversion': 0.65, 'trend_following': 0.99, 'fundamental': 0.78}",True,0.9999982451824443,8.529891588444399e-14,1.7548174542510105e-06,spike,high,bull,strong,calm,2024-03-25,emerging_expansion,benign,1.0,2024-03-25,94149.069604161,32890.054832458496,127039.12443661947,0.2588970522137653,2024-03-25,0.9999982451824443,8.529891588444399e-14,1.7548174542510105e-06
2024-03-26,cautious,0.34,8.0,0.788,"{'momentum': 0.75, 'mean_reversion': 0.65, 'trend_following': 0.98, 'fundamental': 0.78}",True,0.9999974052234519,3.9869403944850017e-13,2.594776162098086e-06,spike,high,bull,strong,calm,2024-03-26,emerging_expansion,benign,1.0,2024-03-26,94149.069604161,32882.25475311279,127031.32435727378,0.25885154641568503,2024-03-26,0.9999974052234519,3.9869403944850017e-13,2.594776162098086e-06
2024-03-27,benign,0.436,8.0,1.035,"{'momentum': 1.13, 'mean_reversion': 0.66, 'trend_following': 1.15, 'fundamental': 0.79}",True,0.9999975786616102,6.168077519694903e-13,2.421337754115521e-06,spike,normal,bull,strong,calm,2024-03-27,robust_expansion,benign,1.0,2024-03-27,94149.069604161,32869.514808654785,127018.58441281578,0.25877720933991416,2024-03-27,0.9999975786616102,6.168077519694903e-13,2.421337754115521e-06
2024-03-28,benign,0.436,8.0,1.035,"{'momentum': 1.13, 'mean_reversion': 0.66, 'trend_following': 1.15, 'fundamental': 0.79}",True,0.9999995154466356,8.048512479229004e-14,4.84553304295276e-07,spike,normal,bull,strong,calm,2024-03-28,robust_expansion,benign,1.0,2024-03-28,93316.13628253624,33675.46488189697,126991.6011644332,0.2651786777480882,2024-03-28,0.9999995154466356,8.048512479229004e-14,4.84553304295276e-07
2024-04-01,benign,0.436,8.0,1.035,"{'momentum': 1.13, 'mean_reversion': 0.66, 'trend_following': 1.15, 'fundamental': 0.79}",True,0.9999998755318493,9.264789300689716e-15,1.2446814576480105e-07,spike,normal,bull,strong,calm,2024-04-01,robust_expansion,benign,1.0,2024-04-01,92816.79637551108,34136.9546585083,126953.75103401938,0.2688928399552427,2024-04-01,0.9999998755318493,9.264789300689716e-15,1.2446814576480105e-07
2024-04-02,benign,0.436,8.0,1.035,"{'momentum': 1.13, 'mean_reversion': 0.65, 'trend_following': 1.15, 'fundamental': 0.79}",True,0.9999991088562856,9.420630653168303e-15,8.911437328845337e-07,spike,normal,bull,strong,calm,2024-04-02,robust_expansion,benign,1.0,2024-04-02,96225.24656330618,30706.184761047363,126931.43132435354,0.24191159305989768,2024-04-02,0.9999991088562856,9.420630653168303e-15,8.911437328845337e-07
2024-04-03,benign,0.436,8.0,1.035,"{'momentum': 1.13, 'mean_reversion': 0.65, 'trend_following': 1.15, 'fundamental': 0.79}",True,0.9999988420563451,6.241807087790145e-14,1.157943577206532e-06,spike,normal,bull,strong,calm,2024-04-03,robust_expansion,benign,1.0,2024-04-03,41450.4703922604,85378.1693725586,126828.639764819,0.6731773638105487,2024-04-03,0.9999988420563451,6.241807087790145e-14,1.157943577206532e-06
2024-04-04,benign,0.436,8.0,1.035,"{'momentum': 1.12, 'mean_reversion': 0.66, 'trend_following': 1.15, 'fundamental': 0.79}",True,0.9999843946872089,2.05587415838952e-13,1.5605312584878253e-05,spike,normal,bull,strong,calm,2024-04-04,robust_expansion,benign,1.0,2024-04-04,47807.16291880059,78382.1466178894,126189.30953669,0.6211472818551204,2024-04-04,0.9999843946872089,2.05587415838952e-13,1.5605312584878253e-05
2024-04-05,benign,0.436,8.0,1.035,"{'momentum': 1.13, 'mean_reversion': 0.66, 'trend_following': 1.15, 'fundamental': 0.79}",True,0.9999986052469644,8.16434902038918e-14,1.3947529557585117e-06,spike,normal,bull,strong,calm,2024-04-05,robust_expansion,benign,1.0,2024-04-05,49702.730491644536,76982.35414505005,126685.08463669458,0.607667069614539,2024-04-05,0.9999986052469644,8.16434902038918e-14,1.3947529557585117e-06
2024-04-08,benign,0.413,8.0,0.976,"{'momentum': 1.1, 'mean_reversion': 0.67, 'trend_following': 1.13, 'fundamental': 0.78}",True,0.9999990729680552,1.3105365319569939e-14,9.270319439577378e-07,spike,normal,bull,strong,cautious,2024-04-08,emerging_expansion,benign,1.0,2024-04-08,57164.638829135685,69322.65782165527,126487.29665079096,0.548060237329942,2024-04-08,0.9999990729680552,1.3105365319569939e-14,9.270319439577378e-07
2024-04-09,benign,0.413,8.0,0.976,"{'momentum': 1.1, 'mean_reversion': 0.67, 'trend_following': 1.13, 'fundamental': 0.78}",True,0.9999997962732076,3.047822760669554e-16,2.0372679417806425e-07,spike,normal,bull,strong,cautious,2024-04-09,emerging_expansion,benign,1.0,2024-04-09,58734.604609288166,67810.27700805664,126544.8816173448,0.5358595001345535,2024-04-09,0.9999997962732076,3.047822760669554e-16,2.0372679417806425e-07
2024-04-10,benign,0.413,8.0,0.976,"{'momentum': 1.09, 'mean_reversion': 0.67, 'trend_following': 1.13, 'fundamental': 0.78}",True,0.9999998444450405,1.8028671148682319e-16,1.5555498239893392e-07,spike,normal,bull,strong,cautious,2024-04-10,emerging_expansion,benign,1.0,2024-04-10,65280.99879357589,60855.891719818115,126136.890513394,0.4824591082920033,2024-04-10,0.9999998444450405,1.8028671148682319e-16,1.5555498239893392e-07
2024-04-11,benign,0.413,8.0,0.976,"{'momentum': 1.1, 'mean_reversion': 0.67, 'trend_following': 1.13, 'fundamental': 0.78}",True,0.9999999226338362,1.6298453261105736e-17,7.736614900260515e-08,spike,normal,bull,strong,cautious,2024-04-11,emerging_expansion,benign,1.0,2024-04-11,71124.80587968469,55096.208713531494,126221.01459321618,0.43650582980254915,2024-04-11,0.9999999226338362,1.6298453261105736e-17,7.736614900260515e-08
2024-04-12,cautious,0.369,8.0,0.863,"{'momentum': 0.92, 'mean_reversion': 0.67, 'trend_following': 1.12, 'fundamental': 0.77}",True,0.9999981641329695,1.2803853008309925e-16,1.8358670100468573e-06,spike,normal,bull,narrow,cautious,2024-04-12,emerging_expansion,benign,1.0,2024-04-12,90348.55521523408,35371.94333648682,125720.49855172088,0.2813538264958037,2024-04-12,0.9999981641329695,1.2803853008309925e-16,1.8358670100468573e-06
2024-04-15,stressed,0.863,7.0,0.654,"{'momentum': 0.66, 'mean_reversion': 0.66, 'trend_following': 0.93, 'fundamental': 0.75}",True,0.999992908065872,1.1019570377176552e-15,7.091934134848403e-06,spike,high,bull,narrow,cautious,2024-04-15,emerging_expansion,benign,1.0,2024-04-15,92373.94986723852,33242.94771575928,125616.8975829978,0.2646375476181056,2024-04-15,0.999992908065872,1.1019570377176552e-15,7.091934134848403e-06
2024-04-16,stressed,0.929,7.0,0.71,"{'momentum': 0.66, 'mean_reversion': 0.92, 'trend_following': 0.93, 'fundamental': 0.95}",True,0.9999756853747694,9.124622690810092e-14,2.4314625149985202e-05,elevated,high,bull,narrow,cautious,2024-04-16,emerging_expansion,benign,1.0,2024-04-16,88210.94044600111,37416.39602661133,125627.33647261244,0.29783641902467894,2024-04-16,0.9999756853747694,9.124622690810092e-14,2.4314625149985202e-05
2024-04-17,stressed,0.929,7.0,0.71,"{'momentum': 0.66, 'mean_reversion': 0.92, 'trend_following': 0.93, 'fundamental': 0.95}",True,0.9999851387430395,1.437275838835817e-13,1.4861256796162951e-05,elevated,high,bull,narrow,cautious,2024-04-17,emerging_expansion,benign,1.0,2024-04-17,82491.92523540703,42682.19288635254,125174.11812175956,0.34098257312933217,2024-04-17,0.9999851387430395,1.437275838835817e-13,1.4861256796162951e-05
2024-04-18,stressed,0.929,7.0,0.71,"{'momentum': 0.65, 'mean_reversion': 0.92, 'trend_following': 0.93, 'fundamental': 0.95}",True,0.9999819572533694,7.739552844964462e-14,1.8042746548274274e-05,elevated,high,bull,narrow,cautious,2024-04-18,emerging_expansion,benign,1.0,2024-04-18,87031.63610769443,38192.18935394287,125223.8254616373,0.3049913961113028,2024-04-18,0.9999819572533694,7.739552844964462e-14,1.8042746548274274e-05
2024-04-19,cautious,0.327,12.0,0.754,"{'momentum': 0.67, 'mean_reversion': 0.91, 'trend_following': 0.68, 'fundamental': 0.95}",True,0.9999842755149723,1.430638372505201e-13,1.5724484870143473e-05,elevated,high,range,narrow,calm,2024-04-19,emerging_expansion,benign,1.0,2024-04-19,89639.31859017827,35511.40475463867,125150.72334481694,0.2837490971330399,2024-04-19,0.9999842755149723,1.430638372505201e-13,1.5724484870143473e-05
2024-04-22,cautious,0.327,12.0,0.754,"{'momentum': 0.67, 'mean_reversion': 0.91, 'trend_following': 0.68, 'fundamental': 0.95}",True,0.9999994067845305,1.735167648364182e-14,5.932154365071046e-07,elevated,high,range,narrow,calm,2024-04-22,emerging_expansion,benign,1.0,2024-04-22,81628.34468370362,43704.52583312988,125332.8705168335,0.34870761080398227,2024-04-22,0.9999994067845305,1.735167648364182e-14,5.932154365071046e-07
2024-04-23,cautious,0.327,12.0,0.754,"{'momentum': 0.66, 'mean_reversion': 0.91, 'trend_following': 0.68, 'fundamental': 0.95}",True,0.9999976402809226,4.290459347994071e-16,2.3597190653176967e-06,elevated,high,range,narrow,calm,2024-04-23,cautious_decline,benign,1.0,2024-04-23,85117.61253627593,40414.771224975586,125532.38376125152,0.32194697506772385,2024-04-23,0.9999976402809226,4.290459347994071e-16,2.3597190653176967e-06
2024-04-24,stressed,0.876,7.0,0.665,"{'momentum': 0.64, 'mean_reversion': 0.92, 'trend_following': 0.67, 'fundamental': 0.95}",True,0.9999994923473007,2.363723807858317e-16,5.076526973049258e-07,elevated,high,range,narrow,cautious,2024-04-24,cautious_decline,benign,1.0,2024-04-24,84947.78522536381,40618.5831451416,125566.3683705054,0.32348298093076494,2024-04-24,0.9999994923473007,2.363723807858317e-16,5.076526973049258e-07
2024-04-25,stressed,0.876,7.0,0.665,"{'momentum': 0.65, 'mean_reversion': 0.92, 'trend_following': 0.67, 'fundamental': 0.95}",True,0.9999996471797826,1.2738723895927796e-16,3.5282022667238167e-07,elevated,high,range,narrow,cautious,2024-04-25,cautious_decline,benign,1.0,2024-04-25,89234.56717246397,36060.585105896,125295.15227835996,0.28780511017523314,2024-04-25,0.9999996471797826,1.2738723895927796e-16,3.5282022667238167e-07
2024-04-26,stressed,0.876,7.0,0.665,"{'momentum': 0.64, 'mean_reversion': 0.92, 'trend_following': 0.67, 'fundamental': 0.94}",True,0.9999995655093505,3.6190082096986667e-17,4.344906439869949e-07,elevated,high,range,narrow,cautious,2024-04-26,cautious_decline,benign,1.0,2024-04-26,90062.70348602493,35252.6305847168,125315.33407074172,0.2813113881563476,2024-04-26,0.9999995655093505,3.6190082096986667e-17,4.344906439869949e-07
2024-04-29,cautious,0.327,12.0,0.754,"{'momentum': 0.68, 'mean_reversion': 0.92, 'trend_following': 0.69, 'fundamental': 0.96}",True,0.9999992041982506,5.773074695048784e-17,7.958017246320863e-07,elevated,high,range,narrow,calm,2024-04-29,emerging_expansion,benign,1.0,2024-04-29,83265.65145351531,42016.67030334473,125282.32175686004,0.33537589114039573,2024-04-29,0.9999992041982506,5.773074695048784e-17,7.958017246320863e-07
2024-04-30,stressed,0.915,7.0,0.698,"{'momentum': 0.65, 'mean_reversion': 0.65, 'trend_following': 0.67, 'fundamental': 0.74}",True,0.9999996661177863,4.1699338871930816e-17,3.3388223445158087e-07,spike,high,range,narrow,calm,2024-04-30,emerging_expansion,benign,1.0,2024-04-30,83265.65145351531,41854.50590133667,125120.15735485198,0.3345144921983557,2024-04-30,0.9999996661177863,4.1699338871930816e-17,3.3388223445158087e-07
2024-05-01,stressed,0.811,7.0,0.609,"{'momentum': 0.63, 'mean_reversion': 0.66, 'trend_following': 0.66, 'fundamental': 0.74}",True,0.9999984099931816,1.88739159394964e-16,1.5900068224349086e-06,spike,high,range,narrow,cautious,2024-05-01,cautious_decline,benign,1.0,2024-05-01,56836.87396520796,68234.78645324707,125071.66041845502,0.5455655279937313,2024-05-01,0.9999984099931816,1.88739159394964e-16,1.5900068224349086e-06
2024-05-02,stressed,0.811,7.0,0.609,"{'momentum': 0.64, 'mean_reversion': 0.67, 'trend_following': 0.67, 'fundamental': 0.74}",True,0.9999993133339528,9.75829803792594e-17,6.866660208486451e-07,spike,high,range,narrow,cautious,2024-05-02,cautious_decline,benign,1.0,2024-05-02,57805.097206280094,67411.11616516113,125216.21337144123,0.5383577282056348,2024-05-02,0.9999993133339528,9.75829803792594e-17,6.866660208486451e-07
2024-05-03,crisis,0.678,5.0,0.496,"{'momentum': 0.62, 'mean_reversion': 0.65, 'trend_following': 0.65, 'fundamental': 0.72}",True,0.9999960077676173,9.644507040125176e-17,3.992232371533021e-06,spike,high,range,narrow,stressed,2024-05-03,cautious_decline,benign,1.0,2024-05-03,72975.41032477627,52578.27314758301,125553.68347235928,0.41877125141579896,2024-05-03,0.9999960077676173,9.644507040125176e-17,3.992232371533021e-06
2024-05-06,crisis,0.678,5.0,0.496,"{'momentum': 0.61, 'mean_reversion': 0.64, 'trend_following': 0.64, 'fundamental': 0.72}",True,0.9999946213499397,8.781192805557723e-17,5.3786500702266535e-06,spike,high,range,narrow,stressed,2024-05-06,cautious_decline,benign,1.0,2024-05-06,72975.41032477627,52907.37252044678,125882.78284522305,0.4202907762652348,2024-05-06,0.9999946213499397,8.781192805557723e-17,5.3786500702266535e-06
2024-05-07,crisis,0.678,5.0,0.496,"{'momentum': 0.62, 'mean_reversion': 0.65, 'trend_following': 0.65, 'fundamental': 0.73}",True,0.9999965986072974,2.9253186136295315e-17,3.401392679627031e-06,spike,high,range,narrow,stressed,2024-05-07,cautious_decline,benign,1.0,2024-05-07,62653.078912677825,63220.207290649414,125873.28620332724,0.5022527749734582,2024-05-07,0.9999965986072974,2.9253186136295315e-17,3.401392679627031e-06
2024-05-08,cautious,0.327,12.0,0.754,"{'momentum': 0.68, 'mean_reversion': 0.92, 'trend_following': 0.69, 'fundamental': 0.96}",True,0.9999908135577762,9.09607887163356e-17,9.186442212799346e-06,elevated,high,range,narrow,calm,2024-05-08,emerging_expansion,benign,1.0,2024-05-08,66714.67853070947,59212.80181503296,125927.48034574244,0.47021350425229025,2024-05-08,0.9999908135577762,9.09607887163356e-17,9.186442212799346e-06
2024-05-09,cautious,0.327,12.0,0.754,"{'momentum': 0.68, 'mean_reversion': 0.92, 'trend_following': 0.69, 'fundamental': 0.96}",True,0.9999891451191409,2.136897940226207e-16,1.0854880846011541e-05,elevated,high,range,narrow,calm,2024-05-09,emerging_expansion,benign,1.0,2024-05-09,66714.67853070947,59457.759941101074,126172.43847181054,0.47124206095442256,2024-05-09,0.9999891451191409,2.136897940226207e-16,1.0854880846011541e-05
2024-05-10,cautious,0.327,12.0,0.754,"{'momentum': 0.69, 'mean_reversion': 0.92, 'trend_following': 0.7, 'fundamental': 0.96}",True,0.9999980485710862,1.1176322582461032e-15,1.95142892250729e-06,elevated,high,range,narrow,calm,2024-05-10,emerging_expansion,benign,1.0,2024-05-10,66714.67853070947,59537.24294281006,126251.92147351951,0.4715749451409149,2024-05-10,0.9999980485710862,1.1176322582461032e-15,1.95142892250729e-06
2024-05-13,cautious,0.37,18.0,0.867,"{'momentum': 0.72, 'mean_reversion': 1.07, 'trend_following': 0.71, 'fundamental': 0.97}",True,0.999996942268083,7.212796122051352e-16,3.057731921178524e-06,normal,high,range,narrow,calm,2024-05-13,emerging_expansion,benign,1.0,2024-05-13,66714.67853070947,59451.76811218262,126166.44664289209,0.4712169494672218,2024-05-13,0.999996942268083,7.212796122051352e-16,3.057731921178524e-06
2024-05-14,cautious,0.37,18.0,0.867,"{'momentum': 0.72, 'mean_reversion': 1.08, 'trend_following': 0.72, 'fundamental': 0.97}",True,0.9999829206034804,1.2748262290923215e-14,1.7079396525852755e-05,normal,high,range,narrow,calm,2024-05-14,emerging_expansion,benign,1.0,2024-05-14,66714.67853070947,59557.64336395264,126272.3218946621,0.4716603169270645,2024-05-14,0.9999829206034804,1.2748262290923215e-14,1.7079396525852755e-05
2024-05-15,cautious,0.37,18.0,0.867,"{'momentum': 0.73, 'mean_reversion': 1.08, 'trend_following': 0.73, 'fundamental': 0.97}",True,0.9999716283139476,2.541702476985475e-14,2.8371686009392162e-05,normal,high,range,narrow,calm,2024-05-15,emerging_expansion,benign,1.0,2024-05-15,66714.67853070947,59775.07540512085,126489.75393583032,0.4725685167784058,2024-05-15,0.9999716283139476,2.541702476985475e-14,2.8371686009392162e-05
2024-05-16,cautious,0.388,18.0,0.912,"{'momentum': 0.76, 'mean_reversion': 1.07, 'trend_following': 0.74, 'fundamental': 0.98}",True,0.9999829715480141,1.914209826792986e-14,1.7028451951548618e-05,normal,high,range,strong,calm,2024-05-16,emerging_expansion,benign,1.0,2024-05-16,66714.67853070947,59842.4540977478,126557.13262845729,0.4728493199465219,2024-05-16,0.9999829715480141,1.914209826792986e-14,1.7028451951548618e-05
2024-05-17,benign,0.423,18.0,1.002,"{'momentum': 0.78, 'mean_reversion': 1.08, 'trend_following': 0.75, 'fundamental': 0.99}",True,0.9999945547152614,6.541796274497139e-14,5.445284665512884e-06,normal,normal,range,strong,calm,2024-05-17,robust_expansion,benign,1.0,2024-05-17,66714.67853070947,59850.05333709717,126564.73186780664,0.4728809712930842,2024-05-17,0.9999945547152614,6.541796274497139e-14,5.445284665512884e-06
2024-05-20,benign,0.423,18.0,1.002,"{'momentum': 0.78, 'mean_reversion': 1.08, 'trend_following': 0.75, 'fundamental': 0.99}",True,0.9999942380830492,2.5287415142839896e-14,5.7619169409364854e-06,normal,normal,range,strong,calm,2024-05-20,robust_expansion,benign,1.0,2024-05-20,66714.67853070947,59577.40217971802,126292.08071042749,0.47174297742644544,2024-05-20,0.9999942380830492,2.5287415142839896e-14,5.7619169409364854e-06
2024-05-21,benign,0.423,18.0,1.002,"{'momentum': 0.78, 'mean_reversion': 1.08, 'trend_following': 0.75, 'fundamental': 0.99}",True,0.9999970387143057,1.4939886228337107e-14,2.9612856938396434e-06,normal,normal,range,strong,calm,2024-05-21,robust_expansion,benign,1.0,2024-05-21,77385.68475025654,49382.804679870605,126768.48943012714,0.3895511013964527,2024-05-21,0.9999970387143057,1.4939886228337107e-14,2.9612856938396434e-06
2024-05-22,benign,0.423,18.0,1.002,"{'momentum': 0.78, 'mean_reversion': 1.08, 'trend_following': 0.75, 'fundamental': 0.99}",True,0.9999957420172607,3.0628430420004248e-15,4.257982746949028e-06,normal,normal,range,strong,calm,2024-05-22,robust_expansion,benign,1.0,2024-05-22,57386.23290773911,69239.11990356445,126625.35281130356,0.546802977179019,2024-05-22,0.9999957420172607,3.0628430420004248e-15,4.257982746949028e-06
2024-05-23,benign,0.434,18.0,1.031,"{'momentum': 0.8, 'mean_reversion': 1.07, 'trend_following': 0.76, 'fundamental': 0.99}",True,0.9999950683920774,3.270513583538462e-15,4.931607913057302e-06,normal,low,range,strong,calm,2024-05-23,robust_expansion,benign,1.0,2024-05-23,72887.04746751595,53194.309032440186,126081.35649995612,0.4219046376809778,2024-05-23,0.9999950683920774,3.270513583538462e-15,4.931607913057302e-06
2024-05-24,benign,0.434,18.0,1.031,"{'momentum': 0.8, 'mean_reversion': 1.07, 'trend_following': 0.76, 'fundamental': 0.99}",True,0.9999978631698334,2.5289647407600094e-15,2.136830144785895e-06,normal,low,range,strong,calm,2024-05-24,robust_expansion,benign,1.0,2024-05-24,71015.35450361844,55127.23905181885,126142.59355543728,0.4370231933402532,2024-05-24,0.9999978631698334,2.5289647407600094e-15,2.136830144785895e-06
2024-05-28,cautious,0.391,18.0,0.919,"{'momentum': 0.77, 'mean_reversion': 1.07, 'trend_following': 0.75, 'fundamental': 0.98}",True,0.9999983000133409,2.545699259624604e-16,1.6999866755182618e-06,normal,low,range,narrow,calm,2024-05-28,robust_expansion,benign,1.0,2024-05-28,71015.35450361844,55087.15994644165,126102.51445006009,0.43684426267533005,2024-05-28,0.9999983000133409,2.545699259624604e-16,1.6999866755182618e-06
2024-05-29,cautious,0.391,18.0,0.919,"{'momentum': 0.77, 'mean_reversion': 1.08, 'trend_following': 0.75, 'fundamental': 0.98}",True,0.9999978973631806,1.916928138815776e-15,2.1026368018600976e-06,normal,low,range,narrow,calm,2024-05-29,robust_expansion,benign,1.0,2024-05-29,71015.35450361844,54990.78627204895,126006.1407756674,0.43641354249512915,2024-05-29,0.9999978973631806,1.916928138815776e-15,2.1026368018600976e-06
2024-05-30,cautious,0.391,18.0,0.919,"{'momentum': 0.77, 'mean_reversion': 1.08, 'trend_following': 0.75, 'fundamental': 0.98}",True,0.9999963207666309,1.072756771157677e-15,3.6792333711880776e-06,normal,low,range,narrow,calm,2024-05-30,robust_expansion,benign,1.0,2024-05-30,75753.10075409022,50128.46739959717,125881.5681536874,0.3982192797153264,2024-05-30,0.9999963207666309,1.072756771157677e-15,3.6792333711880776e-06
2024-05-31,cautious,0.391,18.0,0.919,"{'momentum': 0.75, 'mean_reversion': 1.07, 'trend_following': 0.74, 'fundamental': 0.97}",True,0.9999994106293602,6.943590336791199e-16,5.893706261469421e-07,normal,low,range,narrow,calm,2024-05-31,cautious_decline,benign,1.0,2024-05-31,75753.10075409022,50199.34734725952,125952.44810134974,0.39855793280703666,2024-05-31,0.9999994106293602,6.943590336791199e-16,5.893706261469421e-07
2024-06-03,cautious,0.391,18.0,0.919,"{'momentum': 0.76, 'mean_reversion': 1.08, 'trend_following': 0.74, 'fundamental': 0.98}",True,0.9999995337927835,1.186736010199416e-15,4.662072279970438e-07,normal,low,range,narrow,calm,2024-06-03,emerging_expansion,benign,1.0,2024-06-03,80618.3364277601,45417.87750816345,126036.21393592356,0.36035577466055724,2024-06-03,0.9999995337927835,1.186736010199416e-15,4.662072279970438e-07
2024-06-04,cautious,0.379,18.0,0.889,"{'momentum': 0.75, 'mean_reversion': 1.08, 'trend_following': 0.74, 'fundamental': 0.98}",True,0.9999998235745848,2.4143537721226587e-16,1.764254415549899e-07,normal,normal,range,narrow,calm,2024-06-04,emerging_expansion,benign,1.0,2024-06-04,80912.29637109875,45144.5620803833,126056.85845148204,0.35812856702088103,2024-06-04,0.9999998235745848,2.4143537721226587e-16,1.764254415549899e-07
2024-06-05,cautious,0.379,18.0,0.889,"{'momentum': 0.74, 'mean_reversion': 1.08, 'trend_following': 0.73, 'fundamental': 0.97}",True,0.9999997848226717,1.8402527103475602e-16,2.1517734232582045e-07,normal,normal,range,narrow,calm,2024-06-05,cautious_decline,benign,1.0,2024-06-05,81250.45888666238,44944.85523986816,126195.31412653056,0.3561531230454714,2024-06-05,0.9999997848226717,1.8402527103475602e-16,2.1517734232582045e-07
2024-06-06,cautious,0.379,18.0,0.889,"{'momentum': 0.76, 'mean_reversion': 1.08, 'trend_following': 0.74, 'fundamental': 0.98}",True,0.9999998789753664,5.812764037838367e-18,1.2102460982810456e-07,normal,normal,range,narrow,calm,2024-06-06,emerging_expansion,benign,1.0,2024-06-06,81187.66260674676,45025.16324996948,126212.82585671624,0.35673999804967943,2024-06-06,0.9999998789753664,5.812764037838367e-18,1.2102460982810456e-07
2024-06-07,benign,0.423,18.0,1.002,"{'momentum': 0.78, 'mean_reversion': 1.08, 'trend_following': 0.75, 'fundamental': 0.99}",True,0.9999999964206268,1.2497942738070509e-17,3.5793527384155726e-09,normal,normal,range,strong,calm,2024-06-07,robust_expansion,benign,1.0,2024-06-07,80285.84658250168,45870.25468826294,126156.10127076462,0.36359917773467926,2024-06-07,0.9999999964206268,1.2497942738070509e-17,3.5793527384155726e-09
2024-06-10,benign,0.423,18.0,1.002,"{'momentum': 0.77, 'mean_reversion': 1.08, 'trend_following': 0.75, 'fundamental': 0.99}",True,0.9999999973413765,1.082077386700612e-19,2.6586400542455176e-09,normal,normal,range,strong,calm,2024-06-10,robust_expansion,benign,1.0,2024-06-10,78750.79334952145,47498.70928192139,126249.50263144284,0.37622888242643804,2024-06-10,0.9999999973413765,1.082077386700612e-19,2.6586400542455176e-09
2024-06-11,benign,0.423,18.0,1.002,"{'momentum': 0.78, 'mean_reversion': 1.07, 'trend_following': 0.75, 'fundamental': 0.99}",True,0.9999999980952907,1.646550062248002e-20,1.9047173547786836e-09,normal,normal,range,strong,calm,2024-06-11,robust_expansion,benign,1.0,2024-06-11,86986.82732668816,39345.1197719574,126331.94709864556,0.3114423601912428,2024-06-11,0.9999999980952907,1.646550062248002e-20,1.9047173547786836e-09
2024-06-12,benign,0.423,18.0,1.002,"{'momentum': 0.78, 'mean_reversion': 1.08, 'trend_following': 0.75, 'fundamental': 0.99}",True,0.9999999941210262,7.109792394438106e-19,5.878988192701098e-09,normal,normal,range,strong,calm,2024-06-12,robust_expansion,benign,1.0,2024-06-12,38324.807950066526,87630.14761543274,125954.95556549926,0.695726080978713,2024-06-12,0.9999999941210262,7.109792394438106e-19,5.878988192701098e-09
2024-06-13,benign,0.423,18.0,1.002,"{'momentum': 0.78, 'mean_reversion': 1.07, 'trend_following': 0.75, 'fundamental': 0.99}",True,0.9999999941921374,4.415546479996385e-18,5.807840994391611e-09,normal,normal,range,strong,calm,2024-06-13,robust_expansion,benign,1.0,2024-06-13,64300.5431414791,61473.16915130615,125773.71229278526,0.48876007577962244,2024-06-13,0.9999999941921374,4.415546479996385e-18,5.807840994391611e-09
2024-06-14,benign,0.423,18.0,1.002,"{'momentum': 0.78, 'mean_reversion': 1.08, 'trend_following': 0.75, 'fundamental': 0.99}",True,0.9999999951538143,4.7461151912445915e-19,4.846209290541487e-09,normal,normal,range,strong,calm,2024-06-14,robust_expansion,benign,1.0,2024-06-14,64300.5431414791,61510.2793674469,125810.822508926,0.4889108753985205,2024-06-14,0.9999999951538143,4.7461151912445915e-19,4.846209290541487e-09
2024-06-17,benign,0.423,18.0,1.002,"{'momentum': 0.78, 'mean_reversion': 1.08, 'trend_following': 0.75, 'fundamental': 0.99}",True,0.9999999930542458,2.4157310713480676e-19,6.945779699855673e-09,normal,normal,range,strong,calm,2024-06-17,robust_expansion,benign,1.0,2024-06-17,74147.00235257104,51865.39363479614,126012.39598736718,0.4115896156755537,2024-06-17,0.9999999930542458,2.4157310713480676e-19,6.945779699855673e-09
2024-06-18,benign,0.423,18.0,1.002,"{'momentum': 0.78, 'mean_reversion': 1.08, 'trend_following': 0.75, 'fundamental': 0.99}",True,0.999999978636595,3.2521351138554145e-19,2.1363402782368027e-08,normal,normal,range,strong,calm,2024-06-18,robust_expansion,benign,1.0,2024-06-18,77535.6169888174,48466.056926727295,126001.6739155447,0.38464613540938114,2024-06-18,0.999999978636595,3.2521351138554145e-19,2.1363402782368027e-08
2024-06-20,benign,0.423,18.0,1.002,"{'momentum': 0.77, 'mean_reversion': 1.08, 'trend_following': 0.75, 'fundamental': 0.99}",True,0.9999999886205729,5.877590926185577e-19,1.1379425490469336e-08,normal,normal,range,strong,calm,2024-06-20,robust_expansion,benign,1.0,2024-06-20,71819.60932309061,54176.80939102173,125996.41871411234,0.4299868991828226,2024-06-20,0.9999999886205729,5.877590926185577e-19,1.1379425490469336e-08
2024-06-21,benign,0.423,18.0,1.002,"{'momentum': 0.77, 'mean_reversion': 1.08, 'trend_following': 0.75, 'fundamental': 0.99}",True,0.9999999906589778,4.177734105249336e-19,9.341048825201554e-09,normal,normal,range,strong,calm,2024-06-21,robust_expansion,benign,1.0,2024-06-21,71819.60932309061,53901.71618652344,125721.32550961403,0.4287396427617327,2024-06-21,0.9999999906589778,4.177734105249336e-19,9.341048825201554e-09
2024-06-24,benign,0.423,18.0,1.002,"{'momentum': 0.78, 'mean_reversion': 1.08, 'trend_following': 0.75, 'fundamental': 0.99}",True,0.9999998359546814,3.774916241998407e-17,1.6404530571924038e-07,normal,normal,range,strong,calm,2024-06-24,robust_expansion,benign,1.0,2024-06-24,73694.73414001023,51843.175329208374,125537.9094692186,0.4129682862205071,2024-06-24,0.9999998359546814,3.774916241998407e-17,1.6404530571924038e-07
2024-06-25,benign,0.465,18.0,1.002,"{'momentum': 0.78, 'mean_reversion': 1.08, 'trend_following': 0.75, 'fundamental': 0.99}",True,0.9999998524369398,2.4038477715739816e-15,1.4756307493377927e-07,normal,normal,range,strong,calm,2024-06-25,robust_expansion,benign,1.0,2024-06-25,74683.63538310789,50993.858741760254,125677.49412486814,0.40575171471110644,2024-06-25,0.9999998524369398,2.4038477715739816e-15,1.4756307493377927e-07
2024-06-26,benign,0.507,18.0,1.002,"{'momentum': 0.77, 'mean_reversion': 1.08, 'trend_following': 0.75, 'fundamental': 0.99}",True,0.9999999071809541,1.294179535149835e-15,9.281906599387289e-08,normal,normal,range,strong,calm,2024-06-26,robust_expansion,benign,1.0,2024-06-26,71260.02603413508,54478.488077163696,125738.51411129878,0.43326810772506413,2024-06-26,0.9999999071809541,1.294179535149835e-15,9.281906599387289e-08
2024-06-27,benign,0.55,18.0,1.002,"{'momentum': 0.78, 'mean_reversion': 1.08, 'trend_following': 0.75, 'fundamental': 0.99}",True,0.9999999360934473,1.0238630379279496e-15,6.390656897048837e-08,normal,normal,range,strong,calm,2024-06-27,robust_expansion,benign,1.0,2024-06-27,68936.46276897179,56826.387702941895,125762.85047191368,0.4518535282057144,2024-06-27,0.9999999360934473,1.0238630379279496e-15,6.390656897048837e-08
2024-06-28,benign,0.592,18.0,1.002,"{'momentum': 0.78, 'mean_reversion': 1.08, 'trend_following': 0.75, 'fundamental': 0.99}",True,0.9999998205128852,1.4590790693098736e-14,1.7948708867436695e-07,normal,normal,range,strong,calm,2024-06-28,robust_expansion,benign,1.0,2024-06-28,69075.8862175395,56604.980613708496,125680.866831248,0.45038661843184247,2024-06-28,0.9999998205128852,1.4590790693098736e-14,1.7948708867436695e-07
2024-07-01,benign,0.634,18.0,1.002,"{'momentum': 0.78, 'mean_reversion': 1.08, 'trend_following': 0.75, 'fundamental': 0.99}",True,0.9999998247144657,3.695121363620331e-14,1.7528550190558893e-07,normal,normal,range,strong,calm,2024-07-01,robust_expansion,benign,1.0,2024-07-01,73637.45074476038,52054.62479400635,125692.07553876672,0.4141440466384163,2024-07-01,0.9999998247144657,3.695121363620331e-14,1.7528550190558893e-07
2024-07-02,benign,0.677,18.0,1.002,"{'momentum': 0.78, 'mean_reversion': 1.08, 'trend_following': 0.75, 'fundamental': 0.99}",True,0.9999998107190501,8.180351479220643e-14,1.8928088151634716e-07,normal,normal,range,strong,calm,2024-07-02,robust_expansion,benign,1.0,2024-07-02,73637.45074476038,52186.416664123535,125823.86740888392,0.41475769056228246,2024-07-02,0.9999998107190501,8.180351479220643e-14,1.8928088151634716e-07
2024-07-03,benign,0.719,18.0,1.002,"{'momentum': 0.78, 'mean_reversion': 1.07, 'trend_following': 0.75, 'fundamental': 0.99}",True,0.9999998596420127,4.124991589591504e-14,1.4035796779458094e-07,normal,normal,range,strong,calm,2024-07-03,robust_expansion,benign,1.0,2024-07-03,77274.55471202818,48672.61933135986,125947.17404338803,0.3864526512884874,2024-07-03,0.9999998596420127,4.124991589591504e-14,1.4035796779458094e-07
2024-07-05,benign,0.761,18.0,1.002,"{'momentum': 0.78, 'mean_reversion': 1.07, 'trend_following': 0.75, 'fundamental': 0.99}",True,0.9999997696991992,4.8313320036255605e-14,2.3030075537385414e-07,normal,normal,range,strong,calm,2024-07-05,robust_expansion,benign,1.0,2024-07-05,1684.706406739111,124816.29712867735,126501.00353541649,0.9866822684432898,2024-07-05,0.9999997696991992,4.8313320036255605e-14,2.3030075537385414e-07
2024-07-08,benign,0.903,18.0,1.137,"{'momentum': 1.15, 'mean_reversion': 0.92, 'trend_following': 1.17, 'fundamental': 1.0}",True,0.9999997901711815,1.932491998049623e-14,2.0982877831526358e-07,normal,normal,bull,strong,calm,2024-07-08,robust_expansion,benign,1.0,2024-07-08,2173.3218110946436,124496.22135543825,126669.54316653288,0.9828425858595119,2024-07-08,0.9999997901711815,1.932491998049623e-14,2.0982877831526358e-07
2024-07-09,benign,0.475,18.0,1.137,"{'momentum': 1.15, 'mean_reversion': 0.92, 'trend_following': 1.17, 'fundamental': 1.0}",True,0.9999997674391623,4.095311630670955e-14,2.3256082263587515e-07,normal,normal,bull,strong,calm,2024-07-09,robust_expansion,benign,1.0,2024-07-09,4414.7059033511305,122279.98886489868,126694.6947682498,0.9651547690183357,2024-07-09,0.9999997674391623,4.095311630670955e-14,2.3256082263587515e-07
2024-07-10,benign,0.487,18.0,1.166,"{'momentum': 1.17, 'mean_reversion': 0.92, 'trend_following': 1.18, 'fundamental': 1.0}",True,0.9999996513143441,1.5677777537293082e-14,3.486856454584332e-07,normal,low,bull,strong,calm,2024-07-10,robust_expansion,benign,1.0,2024-07-10,17605.705099008082,109709.13529968262,127314.84039869068,0.8617152168288064,2024-07-10,0.9999996513143441,1.5677777537293082e-14,3.486856454584332e-07
2024-07-11,benign,0.487,18.0,1.166,"{'momentum': 1.16, 'mean_reversion': 0.91, 'trend_following': 1.17, 'fundamental': 1.0}",True,0.9999984601946525,1.3665840914930337e-13,1.5398052325569068e-06,normal,low,bull,strong,calm,2024-07-11,robust_expansion,benign,1.0,2024-07-11,60730.8314010813,67133.69250106812,127864.5239021494,0.5250376762239647,2024-07-11,0.9999984601946525,1.3665840914930337e-13,1.5398052325569068e-06
2024-07-12,benign,0.464,18.0,1.107,"{'momentum': 1.14, 'mean_reversion': 0.92, 'trend_following': 1.16, 'fundamental': 0.99}",True,0.9999983362299844,4.636055983979776e-13,1.663769547167878e-06,normal,low,bull,strong,cautious,2024-07-12,robust_expansion,benign,1.0,2024-07-12,65128.9691693984,62849.63816833496,127978.60733773337,0.4910948749619992,2024-07-12,0.9999983362299844,4.636055983979776e-13,1.663769547167878e-06
2024-07-15,benign,0.464,18.0,1.107,"{'momentum': 1.15, 'mean_reversion': 0.92, 'trend_following': 1.16, 'fundamental': 1.0}",True,0.9999959601014756,5.030387326084795e-13,4.039898042302812e-06,normal,low,bull,strong,cautious,2024-07-15,robust_expansion,benign,1.0,2024-07-15,73534.7297577256,54725.182010650635,128259.91176837625,0.4266740968095978,2024-07-15,0.9999959601014756,5.030387326084795e-13,4.039898042302812e-06
2024-07-16,benign,0.452,18.0,1.077,"{'momentum': 1.13, 'mean_reversion': 0.93, 'trend_following': 1.16, 'fundamental': 0.99}",True,0.9999969262068537,2.6224315901788644e-13,3.073792880449528e-06,normal,normal,bull,strong,cautious,2024-07-16,emerging_expansion,benign,1.0,2024-07-16,72793.86613933081,55694.00026321411,128487.86640254493,0.4334572736131215,2024-07-16,0.9999969262068537,2.6224315901788644e-13,3.073792880449528e-06
2024-07-17,benign,0.452,18.0,1.077,"{'momentum': 1.13, 'mean_reversion': 0.93, 'trend_following': 1.15, 'fundamental': 0.99}",True,0.9999853143439201,2.7574822001208096e-13,1.4685655819053605e-05,normal,normal,bull,strong,cautious,2024-07-17,emerging_expansion,benign,1.0,2024-07-17,72356.75434238923,56173.86671829224,128530.62106068149,0.4370465672282997,2024-07-17,0.9999853143439201,2.7574822001208096e-13,1.4685655819053605e-05
2024-07-18,benign,0.452,18.0,1.077,"{'momentum': 1.12, 'mean_reversion': 0.93, 'trend_following': 1.15, 'fundamental': 0.99}",True,0.99998713441647,9.964862285569029e-13,1.2865582558371493e-05,normal,normal,bull,strong,cautious,2024-07-18,emerging_expansion,benign,1.0,2024-07-18,73595.69903632374,54835.197284698486,128430.89632102224,0.4269626612870004,2024-07-18,0.99998713441647,9.964862285569029e-13,1.2865582558371493e-05
2024-07-19,benign,0.452,18.0,1.077,"{'momentum': 1.12, 'mean_reversion': 0.93, 'trend_following': 1.15, 'fundamental': 0.99}",True,0.9999496624191648,2.118697026349582e-12,5.0337578743950336e-05,normal,normal,bull,strong,cautious,2024-07-19,emerging_expansion,benign,1.0,2024-07-19,74442.39802343375,53945.05223464966,128387.4502580834,0.42017387311773663,2024-07-19,0.9999496624191648,2.118697026349582e-12,5.0337578743950336e-05
2024-07-22,cautious,0.371,18.0,0.868,"{'momentum': 0.73, 'mean_reversion': 0.92, 'trend_following': 0.98, 'fundamental': 0.98}",True,0.9999806227849471,1.1370327194626973e-12,1.9377213902896163e-05,normal,high,bull,strong,cautious,2024-07-22,emerging_expansion,benign,1.0,2024-07-22,82575.73174658086,46026.02661895752,128601.75836553838,0.35789577999495836,2024-07-22,0.9999806227849471,1.1370327194626973e-12,1.9377213902896163e-05
2024-07-23,cautious,0.371,18.0,0.868,"{'momentum': 0.73, 'mean_reversion': 0.92, 'trend_following': 0.97, 'fundamental': 0.98}",True,0.9999152303776849,1.634876375957028e-12,8.476962068577448e-05,normal,high,bull,strong,cautious,2024-07-23,emerging_expansion,benign,0.999,2024-07-23,82670.50009870788,45916.01572418213,128586.51582289,0.35708266477509226,2024-07-23,0.9999152303776849,1.634876375957028e-12,8.476962068577448e-05
2024-07-24,cautious,0.371,18.0,0.867,"{'momentum': 0.71, 'mean_reversion': 0.92, 'trend_following': 0.96, 'fundamental': 0.97}",True,0.9995287763678856,2.1227031452688045e-13,0.00047122363188616465,normal,high,bull,strong,cautious,2024-07-24,emerging_expansion,benign,0.996,2024-07-24,83460.4240786457,45089.87567901611,128550.2997576618,0.35075667473368677,2024-07-24,0.9995287763678856,2.1227031452688045e-13,0.00047122363188616465
2024-07-25,cautious,0.327,18.0,0.753,"{'momentum': 0.68, 'mean_reversion': 0.9, 'trend_following': 0.94, 'fundamental': 0.95}",True,0.9992269187885697,1.4702472719982566e-12,0.0007730812099806469,normal,high,bull,strong,stressed,2024-07-25,cautious_decline,benign,0.994,2024-07-25,86087.30083986108,42485.54608917236,128572.84692903345,0.3304394909496133,2024-07-25,0.9992269187885697,1.4702472719982566e-12,0.0007730812099806469
2024-07-26,stressed,0.936,7.0,0.716,"{'momentum': 0.69, 'mean_reversion': 0.88, 'trend_following': 0.94, 'fundamental': 0.94}",True,0.9998239241813618,1.8620609567642367e-12,0.00017607581675376066,normal,shock,bull,strong,stressed,2024-07-26,market_turmoil,benign,0.998,2024-07-26,86087.30083986108,42536.49433135986,128623.79517122096,0.33070470572522204,2024-07-26,0.9998239241813618,1.8620609567642367e-12,0.00017607581675376066
2024-07-29,stressed,0.936,7.0,0.713,"{'momentum': 0.7, 'mean_reversion': 0.89, 'trend_following': 0.95, 'fundamental': 0.95}",True,0.9986025621641355,6.726799775877996e-12,0.0013974378291101949,normal,shock,bull,strong,stressed,2024-07-29,transitional,benign,0.99,2024-07-29,71232.70065477693,57437.78559112549,128670.48624590242,0.44639440843765854,2024-07-29,0.9986025621641355,6.726799775877996e-12,0.0013974378291101949
2024-07-30,stressed,0.936,7.0,0.692,"{'momentum': 0.69, 'mean_reversion': 0.88, 'trend_following': 0.94, 'fundamental': 0.95}",True,0.9817022645796772,3.956810632808916e-10,0.01829773502464811,normal,shock,bull,strong,stressed,2024-07-30,market_turmoil,benign,0.917,2024-07-30,70076.58090085948,58612.44068145752,128689.021582317,0.4554579711678481,2024-07-30,0.9817022645796772,3.956810632808916e-10,0.01829773502464811
2024-07-31,cautious,0.327,18.0,0.66,"{'momentum': 0.69, 'mean_reversion': 0.9, 'trend_following': 0.95, 'fundamental': 0.96}",True,0.8918918048934997,4.026548254861195e-09,0.10810819107996225,normal,high,bull,strong,stressed,2024-07-31,emerging_expansion,benign,0.688,2024-07-31,67859.39455475654,60781.51526641846,128640.909821175,0.47248978066861813,2024-07-31,0.8918918048934997,4.026548254861195e-09,0.10810819107996225
2024-08-01,stressed,0.849,7.0,0.506,"{'momentum': 0.64, 'mean_reversion': 0.89, 'trend_following': 0.91, 'fundamental': 0.94}",True,0.26915489502637063,1.7680958992669414e-09,0.7308451032055101,elevated,high,bull,strong,stressed,2024-08-01,cautious_decline,crisis,0.47,2024-08-01,67859.39455475654,60926.153327941895,128785.54788269845,0.47308222335191813,2024-08-01,0.26915489502637063,1.7680958992669414e-09,0.7308451032055101
2024-08-02,stressed,0.849,7.0,0.642,"{'momentum': 0.65, 'mean_reversion': 0.89, 'trend_following': 0.92, 'fundamental': 0.94}",True,2.048158925393304e-06,3.284615457909053e-11,0.9999979518082057,elevated,high,bull,strong,stressed,2024-08-02,cautious_decline,crisis,1.0,2024-08-02,71491.94104249004,57197.67247772217,128689.6135202122,0.4444622290262657,2024-08-02,2.048158925393304e-06,3.284615457909053e-11,0.9999979518082057
2024-08-05,stressed,0.804,7.0,0.604,"{'momentum': 0.64, 'mean_reversion': 0.87, 'trend_following': 0.91, 'fundamental': 0.93}",True,1.841886874177995e-23,1.45218737355144e-29,1.0,elevated,shock,bull,strong,stressed,2024-08-05,market_turmoil,crisis,1.0,2024-08-05,84687.68791694402,43555.78534698486,128243.47326392888,0.339633544214338,2024-08-05,1.841886874177995e-23,1.45218737355144e-29,1.0
2024-08-06,stressed,0.804,7.0,0.604,"{'momentum': 0.63, 'mean_reversion': 0.87, 'trend_following': 0.9, 'fundamental': 0.92}",True,5.4393336583810555e-12,3.8677125190728015e-15,0.999999999994543,elevated,shock,bull,strong,stressed,2024-08-06,market_turmoil,crisis,1.0,2024-08-06,72531.50218056138,55790.17328643799,128321.67546699935,0.4347681175717318,2024-08-06,5.4393336583810555e-12,3.8677125190728015e-15,0.999999999994543
2024-08-07,stressed,0.752,7.0,0.559,"{'momentum': 0.64, 'mean_reversion': 0.88, 'trend_following': 0.66, 'fundamental': 0.93}",True,3.863708332740406e-12,2.6727909757061314e-14,0.9999999999961346,elevated,shock,range,strong,stressed,2024-08-07,market_turmoil,crisis,1.0,2024-08-07,77362.5040127009,50871.60730743408,128234.11132013498,0.3967088537030034,2024-08-07,3.863708332740406e-12,2.6727909757061314e-14,0.9999999999961346
2024-08-08,stressed,0.752,7.0,0.559,"{'momentum': 0.62, 'mean_reversion': 0.87, 'trend_following': 0.64, 'fundamental': 0.92}",True,6.2140599706929466e-09,1.1144801714751797e-12,0.9999999937847974,elevated,shock,range,strong,stressed,2024-08-08,market_turmoil,crisis,1.0,2024-08-08,77362.5040127009,51060.394050598145,128422.89806329904,0.3975957155664772,2024-08-08,6.2140599706929466e-09,1.1144801714751797e-12,0.9999999937847974
2024-08-09,stressed,0.752,7.0,0.559,"{'momentum': 0.62, 'mean_reversion': 0.87, 'trend_following': 0.64, 'fundamental': 0.92}",True,1.53900955284457e-07,4.862135659198199e-12,0.9999998460941816,elevated,shock,range,strong,stressed,2024-08-09,market_turmoil,crisis,1.0,2024-08-09,73429.55339794958,54976.02091217041,128405.57431012,0.4281435693702403,2024-08-09,1.53900955284457e-07,4.862135659198199e-12,0.9999998460941816
2024-08-12,crisis,0.699,5.0,0.514,"{'momentum': 0.62, 'mean_reversion': 0.89, 'trend_following': 0.65, 'fundamental': 0.92}",True,5.116521048457839e-10,4.517871546817175e-14,0.9999999994882955,elevated,shock,range,narrow,stressed,2024-08-12,cautious_decline,crisis,1.0,2024-08-12,79546.62719045773,48851.35749053955,128397.98468099728,0.3804682574411893,2024-08-12,5.116521048457839e-10,4.517871546817175e-14,0.9999999994882955
2024-08-13,crisis,0.699,5.0,0.514,"{'momentum': 0.61, 'mean_reversion': 0.88, 'trend_following': 0.64, 'fundamental': 0.92}",True,1.4464263617731465e-09,1.401736521096432e-13,0.9999999985534487,elevated,shock,range,narrow,stressed,2024-08-13,cautious_decline,crisis,1.0,2024-08-13,79546.62719045773,48934.13864898682,128480.76583944456,0.3808674265698039,2024-08-13,1.4464263617731465e-09,1.401736521096432e-13,0.9999999985534487
2024-08-14,stressed,0.744,7.0,0.552,"{'momentum': 0.63, 'mean_reversion': 0.91, 'trend_following': 0.66, 'fundamental': 0.94}",True,1.0091505646350455e-09,2.9289676691828633e-13,0.9999999989905746,elevated,high,range,narrow,stressed,2024-08-14,cautious_decline,crisis,1.0,2024-08-14,72923.0785143648,55591.94208526611,128515.02059963092,0.43257155331635816,2024-08-14,1.0091505646350455e-09,2.9289676691828633e-13,0.9999999989905746
2024-08-15,stressed,0.875,7.0,0.664,"{'momentum': 0.66, 'mean_reversion': 1.06, 'trend_following': 0.67, 'fundamental': 0.94}",True,3.588138720135955e-09,1.060402588066097e-13,0.9999999964117592,normal,high,range,narrow,stressed,2024-08-15,cautious_decline,crisis,1.0,2024-08-15,72039.17615854931,56697.09644317627,128736.27260172558,0.44041275467545504,2024-08-15,3.588138720135955e-09,1.060402588066097e-13,0.9999999964117592
2024-08-16,cautious,0.37,18.0,0.867,"{'momentum': 0.7, 'mean_reversion': 1.07, 'trend_following': 0.71, 'fundamental': 0.96}",True,9.236857735320845e-10,5.780864306479052e-13,0.999999999075726,normal,high,range,narrow,calm,2024-08-16,emerging_expansion,crisis,1.0,2024-08-16,72039.17615854931,56727.675605773926,128766.85176432323,0.4405456437624203,2024-08-16,9.236857735320845e-10,5.780864306479052e-13,0.999999999075726
2024-08-19,cautious,0.37,18.0,0.867,"{'momentum': 0.71, 'mean_reversion': 1.07, 'trend_following': 0.71, 'fundamental': 0.96}",True,1.342765272770969e-10,1.3147574470777102e-13,0.9999999998655653,normal,high,range,narrow,calm,2024-08-19,emerging_expansion,crisis,1.0,2024-08-19,72039.17615854931,56806.81812286377,128845.99428141308,0.44088928367296976,2024-08-19,1.342765272770969e-10,1.3147574470777102e-13,0.9999999998655653
2024-08-20,cautious,0.37,18.0,0.867,"{'momentum': 0.7, 'mean_reversion': 1.07, 'trend_following': 0.71, 'fundamental': 0.97}",True,6.107992104503202e-11,6.315877831311486e-12,0.9999999999325837,normal,high,range,narrow,calm,2024-08-20,emerging_expansion,crisis,1.0,2024-08-20,72039.17615854931,56783.88550567627,128823.06166422558,0.4407897527981612,2024-08-20,6.107992104503202e-11,6.315877831311486e-12,0.9999999999325837
2024-08-21,cautious,0.37,18.0,0.867,"{'momentum': 0.7, 'mean_reversion': 1.07, 'trend_following': 0.71, 'fundamental': 0.96}",True,1.6639567209596812e-10,3.7649208947273007e-10,0.9999999994570885,normal,high,range,narrow,calm,2024-08-21,emerging_expansion,crisis,1.0,2024-08-21,72039.17615854931,56949.365058898926,128988.54121744823,0.44150716429061687,2024-08-21,1.6639567209596812e-10,3.7649208947273007e-10,0.9999999994570885
2024-08-22,cautious,0.37,18.0,0.867,"{'momentum': 0.7, 'mean_reversion': 1.07, 'trend_following': 0.71, 'fundamental': 0.96}",True,6.492914883906685e-09,5.083803516048601e-10,0.9999999929987098,normal,high,range,narrow,calm,2024-08-22,emerging_expansion,crisis,1.0,2024-08-22,72039.17615854931,56947.568183898926,128986.74434244823,0.44149938409723904,2024-08-22,6.492914883906685e-09,5.083803516048601e-10,0.9999999929987098
2024-08-23,cautious,0.37,18.0,0.867,"{'momentum': 0.7, 'mean_reversion': 1.07, 'trend_following': 0.71, 'fundamental': 0.96}",True,4.1631105262843443e-08,2.715871948584572e-10,0.9999999580973062,normal,high,range,narrow,calm,2024-08-23,emerging_expansion,crisis,1.0,2024-08-23,72039.17615854931,57128.7886428833,129167.9648014326,0.44228295096780595,2024-08-23,4.1631105262843443e-08,2.715871948584572e-10,0.9999999580973062
2024-08-26,cautious,0.37,18.0,0.867,"{'momentum': 0.7, 'mean_reversion': 1.07, 'trend_following': 0.71, 'fundamental': 0.96}",True,1.0630293004444482e-07,2.2818814294688168e-10,0.9999998934689017,normal,high,range,narrow,calm,2024-08-26,emerging_expansion,crisis,1.0,2024-08-26,72039.17615854931,57251.09967803955,129290.27583658886,0.4428105617966175,2024-08-26,1.0630293004444482e-07,2.2818814294688168e-10,0.9999998934689017
2024-08-27,cautious,0.37,18.0,0.867,"{'momentum': 0.71, 'mean_reversion': 1.07, 'trend_following': 0.71, 'fundamental': 0.97}",True,3.410153540223654e-07,7.53901985133952e-11,0.9999996589092475,normal,high,range,narrow,calm,2024-08-27,emerging_expansion,crisis,1.0,2024-08-27,93184.51436588157,36185.45526885986,129369.9696347414,0.27970521575466545,2024-08-27,3.410153540223654e-07,7.53901985133952e-11,0.9999996589092475
2024-08-28,cautious,0.37,18.0,0.867,"{'momentum': 0.71, 'mean_reversion': 1.07, 'trend_following': 0.71, 'fundamental': 0.97}",True,2.2693110858468054e-06,3.674913524755759e-10,0.9999977303214287,normal,high,range,narrow,calm,2024-08-28,emerging_expansion,crisis,1.0,2024-08-28,43753.9379495824,85541.43727874756,129295.37522832995,0.6615970380045314,2024-08-28,2.2693110858468054e-06,3.674913524755759e-10,0.9999977303214287
2024-08-29,cautious,0.37,18.0,0.867,"{'momentum': 0.71, 'mean_reversion': 1.07, 'trend_following': 0.71, 'fundamental': 0.97}",True,8.577836738901552e-05,1.2132386581557718e-10,0.9999142215112844,normal,high,range,narrow,calm,2024-08-29,emerging_expansion,crisis,0.999,2024-08-29,43753.9379495824,85550.44411468506,129304.38206426748,0.6616206098271624,2024-08-29,8.577836738901552e-05,1.2132386581557718e-10,0.9999142215112844
2024-08-30,cautious,0.37,18.0,0.823,"{'momentum': 0.71, 'mean_reversion': 1.07, 'trend_following': 0.71, 'fundamental': 0.97}",True,0.030946631167438583,6.822968640598634e-11,0.9690533687643245,normal,high,range,narrow,calm,2024-08-30,emerging_expansion,crisis,0.874,2024-08-30,43753.9379495824,86008.19197463989,129762.1299242223,0.6628142742791477,2024-08-30,0.030946631167438583,6.822968640598634e-11,0.9690533687643245
2024-09-03,cautious,0.408,18.0,0.853,"{'momentum': 0.69, 'mean_reversion': 1.07, 'trend_following': 0.7, 'fundamental': 0.96}",True,0.007457515163156057,2.4977859475161394e-08,0.9925424598589695,normal,high,range,narrow,calm,2024-09-03,emerging_expansion,crisis,0.96,2024-09-03,58710.784489019,71015.64955711365,129726.43404613264,0.547426205609409,2024-09-03,0.007457515163156057,2.4977859475161394e-08,0.9925424598589695
2024-09-04,cautious,0.403,18.0,0.777,"{'momentum': 0.67, 'mean_reversion': 1.08, 'trend_following': 0.69, 'fundamental': 0.96}",True,0.00022298737755592864,2.130828019542903e-08,0.9997769913141515,normal,high,range,narrow,cautious,2024-09-04,cautious_decline,crisis,0.998,2024-09-04,64934.55201783839,64921.94407272339,129856.49609056178,0.49995145431497623,2024-09-04,0.00022298737755592864,2.130828019542903e-08,0.9997769913141515
2024-09-05,stressed,0.876,7.0,0.665,"{'momentum': 0.65, 'mean_reversion': 0.92, 'trend_following': 0.67, 'fundamental': 0.94}",True,0.00017559599628287203,4.705705935293902e-08,0.9998243569466746,elevated,high,range,narrow,cautious,2024-09-05,cautious_decline,crisis,0.998,2024-09-05,64934.55201783839,64503.09842300415,129437.65044084254,0.49833335357461767,2024-09-05,0.00017559599628287203,4.705705935293902e-08,0.9998243569466746
2024-09-06,stressed,0.876,7.0,0.665,"{'momentum': 0.64, 'mean_reversion': 0.92, 'trend_following': 0.67, 'fundamental': 0.95}",True,1.1300799348218358e-05,2.4275903784230177e-09,0.999988696773063,elevated,high,range,narrow,cautious,2024-09-06,cautious_decline,crisis,1.0,2024-09-06,32490.860158399657,96345.4587249756,128836.31888337524,0.7478128804051682,2024-09-06,1.1300799348218358e-05,2.4275903784230177e-09,0.999988696773063
2024-09-09,stressed,0.744,7.0,0.552,"{'momentum': 0.62, 'mean_reversion': 0.9, 'trend_following': 0.65, 'fundamental': 0.93}",True,0.00010482440310471977,4.13750992031312e-08,0.9998951342217831,elevated,high,range,narrow,stressed,2024-09-09,cautious_decline,crisis,0.999,2024-09-09,35496.89095704957,94359.61157989502,129856.50253694458,0.7266452563902175,2024-09-09,0.00010482440310471977,4.13750992031312e-08,0.9998951342217831
2024-09-10,stressed,0.744,7.0,0.551,"{'momentum': 0.63, 'mean_reversion': 0.91, 'trend_following': 0.66, 'fundamental': 0.93}",True,0.0006245230928066234,1.098505224493093e-07,0.9993753670566432,elevated,high,range,narrow,stressed,2024-09-10,cautious_decline,crisis,0.995,2024-09-10,32970.441542303146,97090.5435180664,130060.98506036957,0.7465001397075419,2024-09-10,0.0006245230928066234,1.098505224493093e-07,0.9993753670566432
2024-09-11,stressed,0.876,7.0,0.655,"{'momentum': 0.64, 'mean_reversion': 0.92, 'trend_following': 0.67, 'fundamental': 0.95}",True,0.007074922963971587,2.299522909997081e-07,0.9929248470837334,elevated,high,range,narrow,cautious,2024-09-11,cautious_decline,crisis,0.962,2024-09-11,50678.94152029484,79522.83296966553,130201.77448996036,0.6107661226675325,2024-09-11,0.007074922963971587,2.299522909997081e-07,0.9929248470837334
2024-09-12,stressed,0.876,7.0,0.643,"{'momentum': 0.65, 'mean_reversion': 0.93, 'trend_following': 0.67, 'fundamental': 0.95}",True,0.018472916075668012,6.761964609791449e-08,0.9815270163046872,elevated,high,range,narrow,cautious,2024-09-12,cautious_decline,crisis,0.916,2024-09-12,61025.88084996731,69045.77408599854,130071.65493596584,0.5308287506604703,2024-09-12,0.018472916075668012,6.761964609791449e-08,0.9815270163046872
2024-09-13,stressed,0.876,7.0,0.652,"{'momentum': 0.65, 'mean_reversion': 0.92, 'trend_following': 0.67, 'fundamental': 0.95}",True,0.009666168294072014,4.247326646741779e-08,0.9903337892326729,elevated,high,range,narrow,cautious,2024-09-13,cautious_decline,crisis,0.95,2024-09-13,58620.82738961051,72060.34617614746,130681.17356575796,0.5514210211762993,2024-09-13,0.009666168294072014,4.247326646741779e-08,0.9903337892326729
2024-09-16,cautious,0.37,18.0,0.831,"{'momentum': 0.71, 'mean_reversion': 1.07, 'trend_following': 0.71, 'fundamental': 0.96}",True,0.024209819580714904,5.737866670071123e-07,0.9757896066326288,normal,high,range,narrow,calm,2024-09-16,emerging_expansion,crisis,0.896,2024-09-16,65772.77807038609,65150.73184967041,130923.5099200565,0.4976243906801173,2024-09-16,0.024209819580714904,5.737866670071123e-07,0.9757896066326288
2024-09-17,cautious,0.37,18.0,0.773,"{'momentum': 0.71, 'mean_reversion': 1.07, 'trend_following': 0.71, 'fundamental': 0.96}",True,0.08779009361222105,1.5342494992040928e-07,0.9122097529628064,normal,high,range,narrow,calm,2024-09-17,emerging_expansion,crisis,0.729,2024-09-17,65772.77807038609,64997.78458404541,130770.5626544315,0.497036819791054,2024-09-17,0.08779009361222105,1.5342494992040928e-07,0.9122097529628064
2024-09-18,cautious,0.388,18.0,0.689,"{'momentum': 0.72, 'mean_reversion': 1.06, 'trend_following': 0.71, 'fundamental': 0.97}",True,0.6041148896391421,1.2150201092396211e-08,0.39588509821064616,normal,high,range,strong,calm,2024-09-18,emerging_expansion,benign,0.389,2024-09-18,65772.77807038609,64779.89200592041,130552.6700763065,0.4961973735815386,2024-09-18,0.6041148896391421,1.2150201092396211e-08,0.39588509821064616
2024-09-19,cautious,0.388,18.0,0.877,"{'momentum': 0.72, 'mean_reversion': 1.07, 'trend_following': 0.71, 'fundamental': 0.97}",True,0.9783103744045614,1.2594660714213354e-09,0.021689624335995538,normal,high,range,strong,calm,2024-09-19,emerging_expansion,benign,0.905,2024-09-19,65772.77807038609,64880.60440826416,130653.38247865024,0.49658572305899656,2024-09-19,0.9783103744045614,1.2594660714213354e-09,0.021689624335995538
2024-09-20,cautious,0.388,18.0,0.911,"{'momentum': 0.72, 'mean_reversion': 1.07, 'trend_following': 0.71, 'fundamental': 0.97}",True,0.9995333808340453,4.6716481253991635e-11,0.00046661911926117254,normal,high,range,strong,calm,2024-09-20,emerging_expansion,benign,0.996,2024-09-20,65772.77807038609,65009.54727935791,130782.325349744,0.49708205681086065,2024-09-20,0.9995333808340453,4.6716481253991635e-11,0.00046661911926117254
2024-09-23,cautious,0.388,18.0,0.912,"{'momentum': 0.72, 'mean_reversion': 1.07, 'trend_following': 0.72, 'fundamental': 0.97}",True,0.999915111324924,4.736813165935652e-13,8.488867459609558e-05,normal,high,range,strong,calm,2024-09-23,emerging_expansion,benign,0.999,2024-09-23,88109.7625115992,42801.00284576416,130910.76535736336,0.32694792310567394,2024-09-23,0.999915111324924,4.736813165935652e-13,8.488867459609558e-05
2024-09-24,cautious,0.388,18.0,0.912,"{'momentum': 0.72, 'mean_reversion': 1.07, 'trend_following': 0.72, 'fundamental': 0.97}",True,0.99997425545348,2.172306666310798e-14,2.5744546484184205e-05,normal,high,range,strong,calm,2024-09-24,emerging_expansion,benign,1.0,2024-09-24,34026.37931291777,96834.66048431396,130861.03979723172,0.739980827252776,2024-09-24,0.99997425545348,2.172306666310798e-14,2.5744546484184205e-05
2024-09-25,cautious,0.388,18.0,0.912,"{'momentum': 0.73, 'mean_reversion': 1.07, 'trend_following': 0.72, 'fundamental': 0.97}",True,0.9999460848438724,9.053690935286852e-16,5.3915156133729224e-05,normal,high,range,strong,calm,2024-09-25,emerging_expansion,benign,0.999,2024-09-25,34026.37931291777,96844.65356063844,130871.0328735562,0.7400006818484189,2024-09-25,0.9999460848438724,9.053690935286852e-16,5.3915156133729224e-05
2024-09-26,cautious,0.388,18.0,0.912,"{'momentum': 0.73, 'mean_reversion': 1.07, 'trend_following': 0.72, 'fundamental': 0.97}",True,0.9999725721999245,2.5453351909154836e-14,2.742780003885717e-05,normal,high,range,strong,calm,2024-09-26,emerging_expansion,benign,1.0,2024-09-26,36375.82967285913,94866.38690185548,131242.2165747146,0.7228343849850265,2024-09-26,0.9999725721999245,2.5453351909154836e-14,2.742780003885717e-05
2024-09-27,cautious,0.388,18.0,0.912,"{'momentum': 0.75, 'mean_reversion': 1.07, 'trend_following': 0.73, 'fundamental': 0.98}",True,0.9999246926443498,1.8952250141839894e-14,7.53073556389892e-05,normal,high,range,strong,calm,2024-09-27,emerging_expansion,benign,0.999,2024-09-27,44569.26471481366,86667.11485290527,131236.37956771895,0.6603894067969499,2024-09-27,0.9999246926443498,1.8952250141839894e-14,7.53073556389892e-05
2024-09-30,cautious,0.388,18.0,0.912,"{'momentum': 0.75, 'mean_reversion': 1.07, 'trend_following': 0.73, 'fundamental': 0.98}",True,0.9999092492032804,1.9765007552535752e-13,9.075079654279575e-05,normal,high,range,strong,calm,2024-09-30,emerging_expansion,benign,0.999,2024-09-30,49162.68195346689,82131.37705993652,131294.05901340343,0.6255528824160427,2024-09-30,0.9999092492032804,1.9765007552535752e-13,9.075079654279575e-05
2024-10-01,benign,0.423,18.0,1.001,"{'momentum': 0.77, 'mean_reversion': 1.08, 'trend_following': 0.75, 'fundamental': 0.99}",True,0.999915573190667,7.940901537061747e-14,8.442680923410592e-05,normal,normal,range,strong,calm,2024-10-01,robust_expansion,benign,0.999,2024-10-01,49162.68195346689,81807.71318054199,130970.39513400888,0.6246275205693345,2024-10-01,0.999915573190667,7.940901537061747e-14,8.442680923410592e-05
2024-10-02,benign,0.423,18.0,1.001,"{'momentum': 0.77, 'mean_reversion': 1.08, 'trend_following': 0.75, 'fundamental': 0.98}",True,0.9999634234914686,3.363964731435969e-14,3.6576508501424775e-05,normal,normal,range,strong,calm,2024-10-02,robust_expansion,benign,1.0,2024-10-02,49162.68195346689,81693.95351409912,130856.635467566,0.6243011920809144,2024-10-02,0.9999634234914686,3.363964731435969e-14,3.6576508501424775e-05
2024-10-03,benign,0.423,18.0,1.001,"{'momentum': 0.77, 'mean_reversion': 1.08, 'trend_following': 0.75, 'fundamental': 0.99}",True,0.9998531916872333,2.1658892298487942e-15,0.00014680831274736824,normal,normal,range,strong,calm,2024-10-03,robust_expansion,benign,0.999,2024-10-03,53203.65610404782,77522.19037246704,130725.84647651484,0.5930134893897517,2024-10-03,0.9998531916872333,2.1658892298487942e-15,0.00014680831274736824
2024-10-04,benign,0.423,18.0,1.001,"{'momentum': 0.77, 'mean_reversion': 1.08, 'trend_following': 0.75, 'fundamental': 0.99}",True,0.9999426278824316,9.873322540205318e-14,5.737211744880406e-05,normal,normal,range,strong,calm,2024-10-04,robust_expansion,benign,0.999,2024-10-04,59668.53596448064,71228.91677474976,130897.4527392304,0.5441581580403223,2024-10-04,0.9999426278824316,9.873322540205318e-14,5.737211744880406e-05
2024-10-07,benign,0.423,18.0,1.0,"{'momentum': 0.77, 'mean_reversion': 1.08, 'trend_following': 0.75, 'fundamental': 0.99}",True,0.9995251876575605,2.752553621134322e-16,0.00047481234242216893,normal,normal,range,strong,calm,2024-10-07,robust_expansion,benign,0.996,2024-10-07,66493.18776048713,64136.29568099976,130629.48344148688,0.49097871316109476,2024-10-07,0.9995251876575605,2.752553621134322e-16,0.00047481234242216893
2024-10-08,benign,0.423,18.0,1.0,"{'momentum': 0.77, 'mean_reversion': 1.08, 'trend_following': 0.75, 'fundamental': 0.98}",True,0.9995255640532346,3.25485994455039e-15,0.00047443594673891756,normal,normal,range,strong,calm,2024-10-08,robust_expansion,benign,0.996,2024-10-08,66493.18776048713,64434.04398727417,130927.2317477613,0.49213630447338863,2024-10-08,0.9995255640532346,3.25485994455039e-15,0.00047443594673891756
2024-10-09,benign,0.423,18.0,1.0,"{'momentum': 0.77, 'mean_reversion': 1.08, 'trend_following': 0.75, 'fundamental': 0.98}",True,0.9993711131734275,2.4795513292647323e-15,0.0006288868265870425,normal,normal,range,strong,calm,2024-10-09,robust_expansion,benign,0.995,2024-10-09,69036.96652161547,62134.6376953125,131171.60421692795,0.4736896988204548,2024-10-09,0.9993711131734275,2.4795513292647323e-15,0.0006288868265870425
2024-10-10,benign,0.423,18.0,1.0,"{'momentum': 0.77, 'mean_reversion': 1.08, 'trend_following': 0.75, 'fundamental': 0.98}",True,0.9993589745858151,2.9389298850895714e-15,0.0006410254141565922,normal,normal,range,strong,calm,2024-10-10,robust_expansion,benign,0.995,2024-10-10,69036.96652161547,62091.425354003906,131128.39187561936,0.4735162573556165,2024-10-10,0.9993589745858151,2.9389298850895714e-15,0.0006410254141565922
2024-10-11,benign,0.423,18.0,1.0,"{'momentum': 0.77, 'mean_reversion': 1.08, 'trend_following': 0.75, 'fundamental': 0.99}",True,0.9995566420198921,6.339224545856092e-15,0.00044335798012444197,normal,normal,range,strong,calm,2024-10-11,robust_expansion,benign,0.996,2024-10-11,75081.033377576,56361.43860626221,131442.4719838382,0.42879168168103426,2024-10-11,0.9995566420198921,6.339224545856092e-15,0.00044335798012444197
2024-10-14,benign,0.423,18.0,0.996,"{'momentum': 0.77, 'mean_reversion': 1.08, 'trend_following': 0.75, 'fundamental': 0.99}",True,0.9979925629705872,8.509003269163461e-15,0.0020074370293785043,normal,normal,range,strong,calm,2024-10-14,robust_expansion,benign,0.987,2024-10-14,75081.033377576,56495.2506942749,131576.28407185088,0.42937259623036705,2024-10-14,0.9979925629705872,8.509003269163461e-15,0.0020074370293785043
2024-10-15,benign,0.423,18.0,1.001,"{'momentum': 0.77, 'mean_reversion': 1.08, 'trend_following': 0.75, 'fundamental': 0.99}",True,0.9997128593720642,1.9909013541922585e-14,0.00028714062793143387,normal,normal,range,strong,calm,2024-10-15,robust_expansion,benign,0.998,2024-10-15,75081.033377576,56419.49254608154,131500.52592365752,0.42904385476629814,2024-10-15,0.9997128593720642,1.9909013541922585e-14,0.00028714062793143387
2024-10-16,benign,0.465,18.0,1.001,"{'momentum': 0.77, 'mean_reversion': 1.08, 'trend_following': 0.75, 'fundamental': 0.99}",True,0.9998913376944281,3.572401168126601e-15,0.00010866230555393351,normal,normal,range,strong,calm,2024-10-16,robust_expansion,benign,0.999,2024-10-16,75081.033377576,56521.108894348145,131602.14227192412,0.4294847174870519,2024-10-16,0.9998913376944281,3.572401168126601e-15,0.00010866230555393351
2024-10-17,benign,0.507,18.0,1.001,"{'momentum': 0.77, 'mean_reversion': 1.08, 'trend_following': 0.75, 'fundamental': 0.99}",True,0.9998390872475462,2.8074071425669586e-15,0.00016091275244338872,normal,normal,range,strong,calm,2024-10-17,robust_expansion,benign,0.999,2024-10-17,72127.26361938349,59470.26538848877,131597.52900787228,0.45191019798655346,2024-10-17,0.9998390872475462,2.8074071425669586e-15,0.00016091275244338872
2024-10-18,benign,0.55,18.0,1.001,"{'momentum': 0.78, 'mean_reversion': 1.08, 'trend_following': 0.75, 'fundamental': 0.99}",True,0.9998755108559396,6.679503360259613e-15,0.00012448914408110212,normal,normal,range,strong,calm,2024-10-18,robust_expansion,benign,0.999,2024-10-18,69772.1703837666,61894.02175140381,131666.1921351704,0.4700828720546769,2024-10-18,0.9998755108559396,6.679503360259613e-15,0.00012448914408110212
2024-10-21,benign,0.592,18.0,1.001,"{'momentum': 0.77, 'mean_reversion': 1.08, 'trend_following': 0.75, 'fundamental': 0.99}",True,0.999816847835886,4.431211611844997e-15,0.00018315216410215709,normal,normal,range,strong,calm,2024-10-21,robust_expansion,benign,0.998,2024-10-21,68602.80145337775,63050.26132965088,131653.06278302864,0.47891222579121545,2024-10-21,0.999816847835886,4.431211611844997e-15,0.00018315216410215709
2024-10-22,benign,0.634,18.0,1.001,"{'momentum': 0.77, 'mean_reversion': 1.08, 'trend_following': 0.75, 'fundamental': 0.99}",True,0.999776283535188,4.9158575082576175e-15,0.0002237164647934861,normal,normal,range,strong,calm,2024-10-22,robust_expansion,benign,0.998,2024-10-22,67101.23886826393,64479.14102935791,131580.37989762184,0.4900361366909482,2024-10-22,0.999776283535188,4.9158575082576175e-15,0.0002237164647934861
2024-10-23,benign,0.677,18.0,1.001,"{'momentum': 0.77, 'mean_reversion': 1.08, 'trend_following': 0.75, 'fundamental': 0.98}",True,0.9998569492064051,4.118685637513617e-15,0.00014305079356259596,normal,normal,range,strong,calm,2024-10-23,robust_expansion,benign,0.999,2024-10-23,79925.19633398709,51221.638359069824,131146.8346930569,0.39056709587350463,2024-10-23,0.9998569492064051,4.118685637513617e-15,0.00014305079356259596
2024-10-24,benign,0.719,18.0,1.001,"{'momentum': 0.77, 'mean_reversion': 1.08, 'trend_following': 0.75, 'fundamental': 0.99}",True,0.9998612884867986,2.986586793619184e-15,0.0001387115132252961,normal,normal,range,strong,calm,2024-10-24,robust_expansion,benign,0.999,2024-10-24,80391.10444504413,50766.00284576416,131157.1072908083,0.387062538160461,2024-10-24,0.9998612884867986,2.986586793619184e-15,0.0001387115132252961
2024-10-25,benign,0.761,18.0,1.0,"{'momentum': 0.77, 'mean_reversion': 1.08, 'trend_following': 0.75, 'fundamental': 0.99}",True,0.9996330825383603,1.5614528003935413e-15,0.0003669174616234407,normal,normal,range,strong,calm,2024-10-25,robust_expansion,benign,0.997,2024-10-25,80391.10444504413,50875.80295562744,131266.90740067157,0.3875752385964047,2024-10-25,0.9996330825383603,1.5614528003935413e-15,0.0003669174616234407
2024-10-28,benign,0.803,18.0,1.001,"{'momentum': 0.78, 'mean_reversion': 1.08, 'trend_following': 0.75, 'fundamental': 0.99}",True,0.9997075159609701,4.568679891467665e-15,0.0002924840390262732,normal,normal,range,strong,calm,2024-10-28,robust_expansion,benign,0.998,2024-10-28,79573.22264673175,51762.482765197754,131335.70541192952,0.3941234609647595,2024-10-28,0.9997075159609701,4.568679891467665e-15,0.0002924840390262732
2024-10-29,benign,0.846,18.0,1.001,"{'momentum': 0.78, 'mean_reversion': 1.08, 'trend_following': 0.75, 'fundamental': 0.99}",True,0.9997851493451374,1.0052989707881973e-14,0.00021485065484538445,normal,normal,range,strong,calm,2024-10-29,robust_expansion,benign,0.998,2024-10-29,78896.50497257557,52583.38275909424,131479.88773166982,0.3999348011796969,2024-10-29,0.9997851493451374,1.0052989707881973e-14,0.00021485065484538445
2024-10-30,benign,0.846,18.0,1.0,"{'momentum': 0.78, 'mean_reversion': 1.08, 'trend_following': 0.75, 'fundamental': 0.99}",True,0.9996155037756852,4.521914048257413e-16,0.0003844962243082691,normal,normal,range,strong,calm,2024-10-30,robust_expansion,benign,0.997,2024-10-30,81762.00526198818,49626.00284576416,131388.00810775234,0.37770572490196735,2024-10-30,0.9996155037756852,4.521914048257413e-16,0.0003844962243082691
2024-10-31,benign,0.846,18.0,0.999,"{'momentum': 0.76, 'mean_reversion': 1.07, 'trend_following': 0.74, 'fundamental': 0.98}",True,0.999062688949123,8.341984807093409e-18,0.0009373110508650743,normal,normal,range,strong,calm,2024-10-31,robust_expansion,benign,0.993,2024-10-31,82175.05196180248,49136.1325302124,131311.18449201487,0.3741960954834004,2024-10-31,0.999062688949123,8.341984807093409e-18,0.0009373110508650743
2024-11-01,benign,0.904,18.0,1.076,"{'momentum': 1.1, 'mean_reversion': 0.93, 'trend_following': 1.14, 'fundamental': 0.98}",True,0.9995316025520505,2.0780064505175546e-16,0.0004683974479264626,normal,normal,bull,strong,cautious,2024-11-01,emerging_expansion,benign,0.996,2024-11-01,74404.59460435924,57129.303550720215,131533.89815507946,0.43433141077720006,2024-11-01,0.9995316025520505,2.0780064505175546e-16,0.0004683974479264626
2024-11-04,benign,0.452,18.0,1.074,"{'momentum': 1.11, 'mean_reversion': 0.93, 'trend_following': 1.14, 'fundamental': 0.99}",True,0.9989991619390683,2.192319291101699e-16,0.0010008380609079685,normal,normal,bull,strong,cautious,2024-11-04,emerging_expansion,benign,0.993,2024-11-04,76039.14364331288,55529.9123916626,131569.05603497548,0.4220590621012047,2024-11-04,0.9989991619390683,2.192319291101699e-16,0.0010008380609079685
2024-11-05,benign,0.452,18.0,1.076,"{'momentum': 1.12, 'mean_reversion': 0.93, 'trend_following': 1.15, 'fundamental': 0.99}",True,0.9997104995437889,1.0596873237777314e-15,0.00028950045621545153,normal,normal,bull,strong,cautious,2024-11-05,emerging_expansion,benign,0.998,2024-11-05,76039.14364331288,55618.263526916504,131657.4071702294,0.4224469000441701,2024-11-05,0.9997104995437889,1.0596873237777314e-15,0.00028950045621545153
2024-11-06,benign,0.423,18.0,1.001,"{'momentum': 1.07, 'mean_reversion': 0.91, 'trend_following': 1.12, 'fundamental': 0.96}",True,0.9999832266757812,7.55454708706272e-17,1.677332420470497e-05,normal,normal,bull,strong,stressed,2024-11-06,cautious_decline,benign,1.0,2024-11-06,89241.58035564031,42801.00284576416,132042.5832014045,0.32414545223248026,2024-11-06,0.9999832266757812,7.55454708706272e-17,1.677332420470497e-05
2024-11-07,benign,0.423,18.0,1.0,"{'momentum': 1.1, 'mean_reversion': 0.91, 'trend_following': 1.13, 'fundamental': 0.98}",True,0.9994023695196067,7.189586480404985e-18,0.0005976304803739572,normal,normal,bull,strong,stressed,2024-11-07,robust_expansion,benign,0.995,2024-11-07,65258.87548510279,66693.06508636475,131951.94057146754,0.5054345150023966,2024-11-07,0.9994023695196067,7.189586480404985e-18,0.0005976304803739572
2024-11-08,cautious,0.371,18.0,0.867,"{'momentum': 0.72, 'mean_reversion': 0.92, 'trend_following': 0.97, 'fundamental': 0.97}",True,0.9995798531949021,2.7532173111252234e-16,0.00042014680511434535,normal,high,bull,strong,cautious,2024-11-08,emerging_expansion,benign,0.997,2024-11-08,82394.99075994926,49688.86698150635,132083.8577414556,0.3761918210987495,2024-11-08,0.9995798531949021,2.7532173111252234e-16,0.00042014680511434535
2024-11-11,cautious,0.371,18.0,0.867,"{'momentum': 0.72, 'mean_reversion': 0.92, 'trend_following': 0.96, 'fundamental': 0.97}",True,0.9996285808355704,1.9249439009374376e-16,0.00037141916442549097,normal,high,bull,strong,cautious,2024-11-11,emerging_expansion,benign,0.997,2024-11-11,82394.99075994926,49493.6311416626,131888.62190161186,0.37526839258798655,2024-11-11,0.9996285808355704,1.9249439009374376e-16,0.00037141916442549097
2024-11-12,cautious,0.371,18.0,0.868,"{'momentum': 0.73, 'mean_reversion': 0.93, 'trend_following': 0.98, 'fundamental': 0.98}",True,0.9999996836220862,2.1664584051288586e-17,3.1637788821905526e-07,normal,high,bull,strong,cautious,2024-11-12,emerging_expansion,benign,1.0,2024-11-12,82394.99075994926,49413.0793838501,131808.07014379936,0.37488660087308495,2024-11-12,0.9999996836220862,2.1664584051288586e-17,3.1637788821905526e-07
2024-11-13,cautious,0.371,18.0,0.868,"{'momentum': 0.72, 'mean_reversion': 0.92, 'trend_following': 0.97, 'fundamental': 0.97}",True,0.9999999475675749,2.1115345431186036e-21,5.243244539259754e-08,normal,high,bull,strong,cautious,2024-11-13,emerging_expansion,benign,1.0,2024-11-13,82394.99075994926,49462.23001861572,131857.22077856498,0.3751196159494393,2024-11-13,0.9999999475675749,2.1115345431186036e-21,5.243244539259754e-08
2024-11-14,cautious,0.405,18.0,0.957,"{'momentum': 0.77, 'mean_reversion': 0.92, 'trend_following': 0.99, 'fundamental': 0.99}",True,0.99999989108307,8.939496983221434e-21,1.0891695411565609e-07,normal,high,bull,strong,calm,2024-11-14,emerging_expansion,benign,1.0,2024-11-14,82394.99075994926,49448.91788482666,131843.90864477592,0.37505652246745635,2024-11-14,0.99999989108307,8.939496983221434e-21,1.0891695411565609e-07
2024-11-15,cautious,0.405,18.0,0.957,"{'momentum': 0.74, 'mean_reversion': 0.92, 'trend_following': 0.98, 'fundamental': 0.98}",True,0.9999998049412019,3.5682803609873294e-21,1.9505879208027335e-07,normal,high,bull,strong,calm,2024-11-15,emerging_expansion,benign,1.0,2024-11-15,89049.90033472891,42801.00284576416,131850.90318049307,0.32461668303608887,2024-11-15,0.9999998049412019,3.5682803609873294e-21,1.9505879208027335e-07
2024-11-18,cautious,0.405,18.0,0.957,"{'momentum': 0.75, 'mean_reversion': 0.92, 'trend_following': 0.99, 'fundamental': 0.98}",True,0.9999983685877061,1.1543117439382476e-19,1.6314122665811163e-06,normal,high,bull,strong,calm,2024-11-18,emerging_expansion,benign,1.0,2024-11-18,67538.66887493277,64521.71452713013,132060.3834020629,0.48857736790518996,2024-11-18,0.9999983685877061,1.1543117439382476e-19,1.6314122665811163e-06
2024-11-19,cautious,0.405,18.0,0.957,"{'momentum': 0.75, 'mean_reversion': 0.92, 'trend_following': 0.98, 'fundamental': 0.98}",True,0.9999982395012388,5.838058584425202e-19,1.7604987381757373e-06,normal,high,bull,strong,calm,2024-11-19,emerging_expansion,benign,1.0,2024-11-19,67538.66887493277,64562.83253479004,132101.5014097228,0.48873655367885277,2024-11-19,0.9999982395012388,5.838058584425202e-19,1.7604987381757373e-06
2024-11-20,cautious,0.362,18.0,0.844,"{'momentum': 0.71, 'mean_reversion': 1.07, 'trend_following': 0.71, 'fundamental': 0.96}",True,0.9999989230903567,2.501434529528277e-19,1.0769096331647787e-06,normal,high,range,deteriorating,calm,2024-11-20,cautious_decline,benign,1.0,2024-11-20,68988.58651096592,63278.54219245911,132267.12870342503,0.47841472641585003,2024-11-20,0.9999989230903567,2.501434529528277e-19,1.0769096331647787e-06
2024-11-21,cautious,0.362,18.0,0.844,"{'momentum': 0.72, 'mean_reversion': 1.07, 'trend_following': 0.72, 'fundamental': 0.97}",True,0.9999999700249309,4.0129062726335e-20,2.997505121835971e-08,normal,high,range,deteriorating,calm,2024-11-21,emerging_expansion,benign,1.0,2024-11-21,73905.40418893132,58659.060384750366,132564.4645736817,0.44249460497120335,2024-11-21,0.9999999700249309,4.0129062726335e-20,2.997505121835971e-08
2024-11-22,cautious,0.362,18.0,0.844,"{'momentum': 0.74, 'mean_reversion': 1.07, 'trend_following': 0.73, 'fundamental': 0.97}",True,0.9999999975493665,5.133589740655911e-23,2.45061264656047e-09,normal,high,range,deteriorating,calm,2024-11-22,emerging_expansion,benign,1.0,2024-11-22,78277.49397057146,54351.79816818237,132629.29213875384,0.4098023693839874,2024-11-22,0.9999999975493665,5.133589740655911e-23,2.45061264656047e-09
2024-11-25,cautious,0.388,18.0,0.912,"{'momentum': 0.76, 'mean_reversion': 1.07, 'trend_following': 0.74, 'fundamental': 0.98}",True,0.9999999215160673,1.4991394032705135e-23,7.848393096888168e-08,normal,high,range,strong,calm,2024-11-25,emerging_expansion,benign,1.0,2024-11-25,78277.49397057146,54457.73616218567,132735.23013275713,0.4102734150362262,2024-11-25,0.9999999215160673,1.4991394032705135e-23,7.848393096888168e-08
2024-11-26,benign,0.423,18.0,1.002,"{'momentum': 0.77, 'mean_reversion': 1.08, 'trend_following': 0.75, 'fundamental': 0.99}",True,0.9999999679428134,8.775979900495725e-22,3.2057211373476445e-08,normal,normal,range,strong,calm,2024-11-26,robust_expansion,benign,1.0,2024-11-26,78277.49397057146,54228.682262420654,132506.17623299212,0.409253997089673,2024-11-26,0.9999999679428134,8.775979900495725e-22,3.2057211373476445e-08
2024-11-27,benign,0.423,18.0,1.002,"{'momentum': 0.77, 'mean_reversion': 1.08, 'trend_following': 0.75, 'fundamental': 0.99}",True,0.9999998176790708,1.7820866964259337e-22,1.823209410556609e-07,normal,normal,range,strong,calm,2024-11-27,robust_expansion,benign,1.0,2024-11-27,76589.36516785691,56095.88390159607,132685.24906945298,0.4227740784677063,2024-11-27,0.9999998176790708,1.7820866964259337e-22,1.823209410556609e-07
2024-11-29,benign,0.423,18.0,1.002,"{'momentum': 0.78, 'mean_reversion': 1.08, 'trend_following': 0.75, 'fundamental': 0.99}",True,0.9999997731021297,2.5911655095847284e-20,2.2689787041432593e-07,normal,normal,range,strong,calm,2024-11-29,robust_expansion,benign,1.0,2024-11-29,76589.36516785691,56158.58917999267,132747.9543478496,0.42304673888108313,2024-11-29,0.9999997731021297,2.5911655095847284e-20,2.2689787041432593e-07
2024-12-02,benign,0.423,18.0,1.002,"{'momentum': 0.78, 'mean_reversion': 1.08, 'trend_following': 0.75, 'fundamental': 0.99}",True,0.9999995652257588,2.4149997621022724e-19,4.347742375728961e-07,normal,normal,range,strong,calm,2024-12-02,robust_expansion,benign,1.0,2024-12-02,76589.36516785691,56083.62187576294,132672.98704361985,0.4227207295583382,2024-12-02,0.9999995652257588,2.4149997621022724e-19,4.347742375728961e-07
2024-12-03,benign,0.475,18.0,1.137,"{'momentum': 1.14, 'mean_reversion': 0.93, 'trend_following': 1.16, 'fundamental': 1.0}",True,0.9999999124603999,4.966127715919253e-20,8.753958099682581e-08,normal,normal,bull,strong,calm,2024-12-03,robust_expansion,benign,1.0,2024-12-03,80109.4188923585,52468.834478378296,132578.25337073678,0.3957574726200114,2024-12-03,0.9999999124603999,4.966127715919253e-20,8.753958099682581e-08
2024-12-04,benign,0.475,18.0,1.137,"{'momentum': 1.14, 'mean_reversion': 0.93, 'trend_following': 1.16, 'fundamental': 1.0}",True,0.999999841385046,2.1699936709029165e-20,1.5861493674926044e-07,normal,normal,bull,strong,calm,2024-12-04,robust_expansion,benign,1.0,2024-12-04,61865.02361112756,70514.21716022491,132379.2407713525,0.5326682397432554,2024-12-04,0.999999841385046,2.1699936709029165e-20,1.5861493674926044e-07
2024-12-05,benign,0.475,18.0,1.137,"{'momentum': 1.14, 'mean_reversion': 0.93, 'trend_following': 1.16, 'fundamental': 0.99}",True,0.9999994713978968,9.80522875628093e-19,5.286021305447924e-07,normal,normal,bull,strong,calm,2024-12-05,robust_expansion,benign,1.0,2024-12-05,74094.52904612322,57449.30073928833,131543.82978541154,0.43673124640666017,2024-12-05,0.9999994713978968,9.80522875628093e-19,5.286021305447924e-07
2024-12-06,benign,0.475,18.0,1.137,"{'momentum': 1.15, 'mean_reversion': 0.92, 'trend_following': 1.17, 'fundamental': 1.0}",True,0.9999997703351633,1.41655946266629e-17,2.2966485086692456e-07,normal,normal,bull,strong,calm,2024-12-06,robust_expansion,benign,1.0,2024-12-06,71264.61509225852,60174.4882440567,131439.10333631522,0.45781268067606434,2024-12-06,0.9999997703351633,1.41655946266629e-17,2.2966485086692456e-07
2024-12-09,benign,0.475,18.0,1.137,"{'momentum': 1.15, 'mean_reversion': 0.92, 'trend_following': 1.16, 'fundamental': 1.0}",True,0.9999990277071512,1.4582163867052321e-18,9.722928565606243e-07,normal,normal,bull,strong,calm,2024-12-09,robust_expansion,benign,1.0,2024-12-09,69781.01307704157,61215.29926300049,130996.31234004206,0.46730551547204596,2024-12-09,0.9999990277071512,1.4582163867052321e-18,9.722928565606243e-07
2024-12-10,benign,0.487,18.0,1.166,"{'momentum': 1.18, 'mean_reversion': 0.91, 'trend_following': 1.18, 'fundamental': 1.0}",True,0.9999997329262912,4.911989393189571e-18,2.670737166518823e-07,normal,low,bull,strong,calm,2024-12-10,robust_expansion,benign,1.0,2024-12-10,73847.29206315872,57051.771339416504,130899.06340257522,0.43584552751119304,2024-12-10,0.9999997329262912,4.911989393189571e-18,2.670737166518823e-07
2024-12-11,benign,0.487,18.0,1.166,"{'momentum': 1.17, 'mean_reversion': 0.91, 'trend_following': 1.18, 'fundamental': 1.0}",True,0.9999997667381125,3.7234201484790933e-19,2.3326190642198516e-07,normal,low,bull,strong,calm,2024-12-11,robust_expansion,benign,1.0,2024-12-11,74954.17609797881,55851.23502731323,130805.41112529204,0.42697954577594727,2024-12-11,0.9999997667381125,3.7234201484790933e-19,2.3326190642198516e-07
2024-12-12,benign,0.487,18.0,1.166,"{'momentum': 1.18, 'mean_reversion': 0.91, 'trend_following': 1.18, 'fundamental': 1.0}",True,0.9999999672447762,7.495818966265161e-19,3.275520442849117e-08,normal,low,bull,strong,calm,2024-12-12,robust_expansion,benign,1.0,2024-12-12,74526.85873698561,56264.1930770874,130791.051814073,0.43018381071719025,2024-12-12,0.9999999672447762,7.495818966265161e-19,3.275520442849117e-08
2024-12-13,benign,0.443,18.0,1.054,"{'momentum': 1.0, 'mean_reversion': 0.92, 'trend_following': 1.17, 'fundamental': 1.0}",True,0.9999999922158054,7.611471253250222e-20,7.78419248389027e-09,normal,low,bull,narrow,calm,2024-12-13,robust_expansion,benign,1.0,2024-12-13,81340.74163522066,49394.70901489258,130735.45065011324,0.37782184380185785,2024-12-13,0.9999999922158054,7.611471253250222e-20,7.78419248389027e-09
2024-12-16,benign,0.443,18.0,1.054,"{'momentum': 1.01, 'mean_reversion': 0.92, 'trend_following': 1.17, 'fundamental': 1.0}",True,0.9999999843010415,5.205350051476022e-20,1.569895973740531e-08,normal,low,bull,narrow,calm,2024-12-16,robust_expansion,benign,1.0,2024-12-16,87235.24943363594,43516.45317840576,130751.7026120417,0.3328174877196442,2024-12-16,0.9999999843010415,5.205350051476022e-20,1.569895973740531e-08
2024-12-17,benign,0.443,18.0,1.054,"{'momentum': 1.0, 'mean_reversion': 0.92, 'trend_following': 1.17, 'fundamental': 1.0}",True,0.9999999847146342,2.3043626274659197e-20,1.5285362436899677e-08,normal,low,bull,narrow,calm,2024-12-17,robust_expansion,benign,1.0,2024-12-17,87947.14248953205,42801.00284576416,130748.1453352962,0.32735456962699866,2024-12-17,0.9999999847146342,2.3043626274659197e-20,1.5285362436899677e-08
2024-12-18,benign,0.443,18.0,1.051,"{'momentum': 0.97, 'mean_reversion': 0.92, 'trend_following': 1.15, 'fundamental': 0.99}",True,0.9989211700184407,1.6919829055280724e-26,0.0010788299815586602,normal,low,bull,narrow,calm,2024-12-18,robust_expansion,benign,0.992,2024-12-18,63325.82984299924,65183.4539642334,128509.28380723264,0.5072275872458392,2024-12-18,0.9989211700184407,1.6919829055280724e-26,0.0010788299815586602
2024-12-19,cautious,0.391,18.0,0.919,"{'momentum': 0.91, 'mean_reversion': 0.9, 'trend_following': 1.11, 'fundamental': 0.95}",True,0.999998717429575,1.1177572682283905e-19,1.2825704129527713e-06,normal,low,bull,narrow,stressed,2024-12-19,cautious_decline,benign,1.0,2024-12-19,79395.38146978337,49210.50309753418,128605.88456731755,0.3826458117612449,2024-12-19,0.999998717429575,1.1177572682283905e-19,1.2825704129527713e-06
2024-12-20,cautious,0.357,18.0,0.833,"{'momentum': 0.89, 'mean_reversion': 0.91, 'trend_following': 1.1, 'fundamental': 0.95}",True,0.9999999681601258,5.646515854437289e-21,3.183989093800991e-08,normal,normal,bull,deteriorating,stressed,2024-12-20,cautious_decline,benign,1.0,2024-12-20,79233.29525545842,49512.54258728027,128745.83784273868,0.38457586992256154,2024-12-20,0.9999999681601258,5.646515854437289e-21,3.183989093800991e-08
2024-12-23,cautious,0.357,18.0,0.833,"{'momentum': 0.89, 'mean_reversion': 0.91, 'trend_following': 1.09, 'fundamental': 0.94}",True,0.9999999982450731,4.8004165085371876e-23,1.7549053053431947e-09,normal,normal,bull,deteriorating,stressed,2024-12-23,cautious_decline,benign,1.0,2024-12-23,84108.95189957066,44576.84287261963,128685.79477219027,0.3464006493609731,2024-12-23,0.9999999982450731,4.8004165085371876e-23,1.7549053053431947e-09
2024-12-24,stressed,0.914,7.0,0.698,"{'momentum': 0.67, 'mean_reversion': 1.06, 'trend_following': 0.68, 'fundamental': 0.93}",True,0.9999999998036628,1.3917503686509012e-25,1.963158099450846e-10,normal,normal,range,deteriorating,stressed,2024-12-24,cautious_decline,benign,1.0,2024-12-24,84108.95189957066,44594.66281890869,128703.61471847937,0.3464911449181369,2024-12-24,0.9999999998036628,1.3917503686509012e-25,1.963158099450846e-10
2024-12-26,stressed,0.914,7.0,0.698,"{'momentum': 0.69, 'mean_reversion': 1.06, 'trend_following': 0.69, 'fundamental': 0.94}",True,0.999999999009674,1.477359277697766e-24,9.903507445798302e-10,normal,normal,range,deteriorating,stressed,2024-12-26,cautious_decline,benign,1.0,2024-12-26,76952.07631042882,51792.40261077881,128744.47892120764,0.4022883392341512,2024-12-26,0.999999999009674,1.477359277697766e-24,9.903507445798302e-10
2024-12-27,stressed,0.849,7.0,0.642,"{'momentum': 0.65, 'mean_reversion': 1.06, 'trend_following': 0.67, 'fundamental': 0.94}",True,0.999999999400643,2.5628655603837e-24,5.993423141469417e-10,normal,high,range,deteriorating,stressed,2024-12-27,cautious_decline,benign,1.0,2024-12-27,77927.85056050541,50574.852546691895,128502.7031071973,0.3935703399523216,2024-12-27,0.999999999400643,2.5628655603837e-24,5.993423141469417e-10
2024-12-30,cautious,0.327,18.0,0.755,"{'momentum': 0.67, 'mean_reversion': 1.07, 'trend_following': 0.68, 'fundamental': 0.95}",True,0.9999999991795221,2.7226912159858474e-24,8.204831369124975e-10,normal,high,range,deteriorating,cautious,2024-12-30,cautious_decline,benign,1.0,2024-12-30,77927.85056050541,50394.53290557861,128322.38346608402,0.3927181801365,2024-12-30,0.9999999991795221,2.7226912159858474e-24,8.204831369124975e-10
2024-12-31,,,,,,,,,,,,,,,,,,,2024-12-31,77927.85056050541,50367.09302520752,128294.94358571291,0.3925882939537491,2024-12-31,0.9999999998280487,1.5091777498541124e-25,1.7196472696481995e-10
